{"type": "Feature", "properties": {"code": "AG", "display_name": "Aargau, Schweiz"}, "geometry": {"type": "MultiPolygon", "coordinates": [[[[7.7135329, 47.539635], [7.7145411, 47.5375179], [7.7148694, 47.5365484], [7.7159563, 47.535822], [7.7166787, 47.535751], [7.718293, 47.5361076], [7.7187106, 47.5359819], [7.7190012, 47.536182], [7.7191977, 47.5362563], [7.7194143, 47.5362505], [7.7197952, 47.5359884], [7.7201946, 47.5359317], [7.7203087, 47.5357837], [7.7203403, 47.5356287], [7.7202767, 47.5353777], [7.7204076, 47.5352858], [7.7206988, 47.5352238], [7.7210407, 47.53532], [7.7211471, 47.5354246], [7.7210328, 47.5357884], [7.7213326, 47.5360682], [7.7215324, 47.5360655], [7.7223549, 47.5358351], [7.7224133, 47.5358664], [7.7224701, 47.5360366], [7.7225583, 47.5363009], [7.7228326, 47.5363876], [7.7230527, 47.5367586], [7.7231253, 47.5367912], [7.7236229, 47.5367542], [7.7243888, 47.536329], [7.7244496, 47.5361071], [7.7245039, 47.5359085], [7.724709, 47.5357045], [7.7247248, 47.5354448], [7.7247836, 47.5353767], [7.7249216, 47.535346], [7.7251625, 47.5352925], [7.7253922, 47.5352415], [7.7257549, 47.5349804], [7.7256238, 47.5347807], [7.7257149, 47.5345911], [7.7257769, 47.534462], [7.725829, 47.5343536], [7.7257367, 47.5342286], [7.7256642, 47.5341304], [7.7255762, 47.5340112], [7.7256398, 47.5338858], [7.7257508, 47.5336669], [7.7258328, 47.5335052], [7.7259118, 47.5334614], [7.7261451, 47.5334488], [7.7264229, 47.5334338], [7.7265576, 47.5334689], [7.726619, 47.5333543], [7.7266659, 47.5332668], [7.7267233, 47.5331596], [7.7268449, 47.5330954], [7.7270043, 47.5330112], [7.7271571, 47.5329305], [7.727287, 47.5329479], [7.7274535, 47.5329701], [7.7275967, 47.5329892], [7.7276803, 47.5330634], [7.72776, 47.5331342], [7.727848, 47.5332124], [7.728147, 47.5331979], [7.728344, 47.5331884], [7.7285409, 47.5332654], [7.7285829, 47.5332818], [7.7286764, 47.533176], [7.7287417, 47.5331021], [7.72881, 47.5330247], [7.7288577, 47.5329708], [7.7290715, 47.5329555], [7.7292472, 47.5329429], [7.7294296, 47.5328316], [7.7295692, 47.5327464], [7.7296551, 47.532694], [7.7298523, 47.5324103], [7.7299357, 47.5323959], [7.7300513, 47.5324296], [7.7302236, 47.5324799], [7.7303583, 47.5325192], [7.7304905, 47.5325578], [7.7306114, 47.5325931], [7.7308595, 47.5324655], [7.7309898, 47.5324935], [7.7310856, 47.5325384], [7.7312844, 47.5326317], [7.7314452, 47.5327071], [7.7316279, 47.5327928], [7.7320511, 47.5327174], [7.7323682, 47.5326609], [7.7326706, 47.532607], [7.7328075, 47.5326276], [7.7328771, 47.5327843], [7.7329531, 47.5327778], [7.7330378, 47.5327705], [7.7331125, 47.5327641], [7.7332219, 47.5327547], [7.7332946, 47.5326907], [7.7333779, 47.5326175], [7.7335464, 47.5324693], [7.733641, 47.532386], [7.7336386, 47.5323527], [7.7336333, 47.5322801], [7.7334938, 47.5322148], [7.7333963, 47.5321692], [7.7334492, 47.5320334], [7.733475, 47.5319672], [7.733557, 47.5319313], [7.7337637, 47.5318407], [7.7340769, 47.531947], [7.734283, 47.5316708], [7.7339965, 47.5315636], [7.7339348, 47.5314762], [7.7339741, 47.5313813], [7.7340133, 47.5312868], [7.7340258, 47.5312706], [7.7340708, 47.5312115], [7.7342807, 47.5309353], [7.7346438, 47.5305914], [7.7349171, 47.5304889], [7.735088, 47.5303508], [7.7350932, 47.5300686], [7.7351043, 47.529467], [7.7354629, 47.5293126], [7.7356109, 47.5290111], [7.7361927, 47.5287285], [7.7363923, 47.5284911], [7.7366879, 47.5283569], [7.7367211, 47.5282342], [7.7369987, 47.5280513], [7.7370271, 47.5279297], [7.7372918, 47.5276926], [7.7375292, 47.5277227], [7.7376255, 47.5277349], [7.737649, 47.5276446], [7.7376906, 47.5274848], [7.737902, 47.5273547], [7.7379742, 47.527325], [7.7382495, 47.5274022], [7.7383816, 47.5273973], [7.7384876, 47.5273657], [7.7386229, 47.5272563], [7.7387623, 47.5271435], [7.7404979, 47.5269062], [7.7433228, 47.5261574], [7.7458145, 47.525722], [7.7458349, 47.5261515], [7.7466074, 47.5261324], [7.7471166, 47.5260629], [7.7471774, 47.5261144], [7.7477736, 47.5257847], [7.7485679, 47.5252178], [7.7488837, 47.5250581], [7.7490224, 47.524985], [7.7492909, 47.525142], [7.7497115, 47.5253817], [7.749907, 47.5251281], [7.750233, 47.5252444], [7.7506294, 47.5254864], [7.7506645, 47.5255021], [7.7522236, 47.525632], [7.7526151, 47.5257398], [7.7528833, 47.5257024], [7.7532521, 47.5255573], [7.7536268, 47.525511], [7.7542075, 47.5253565], [7.7550682, 47.5253138], [7.7565716, 47.525673], [7.7570429, 47.5258956], [7.7578618, 47.526051], [7.7580751, 47.5259856], [7.7583656, 47.5257564], [7.7584934, 47.5256428], [7.7585039, 47.5254914], [7.7588585, 47.5254144], [7.7594853, 47.5253671], [7.7598387, 47.525424], [7.7600623, 47.5253636], [7.7601445, 47.5252974], [7.7604277, 47.5253069], [7.760769, 47.5252082], [7.7608726, 47.5253063], [7.7614937, 47.5253021], [7.7616826, 47.5252283], [7.761878, 47.5253017], [7.7621852, 47.5253191], [7.7622559, 47.5253707], [7.7625086, 47.5253013], [7.7628067, 47.5249046], [7.7631343, 47.5247664], [7.7632488, 47.5247989], [7.7636128, 47.5246987], [7.7645583, 47.5248811], [7.7649535, 47.524844], [7.7650158, 47.5248745], [7.7652518, 47.5247471], [7.765757, 47.5247234], [7.7659536, 47.5246636], [7.7660186, 47.5244956], [7.7662979, 47.5245436], [7.7664579, 47.5244759], [7.7667232, 47.5244914], [7.7672889, 47.5242539], [7.7675421, 47.5240288], [7.7682141, 47.5240342], [7.7684308, 47.5238407], [7.7691067, 47.5237567], [7.7694819, 47.5235821], [7.7699761, 47.5235455], [7.7701537, 47.5234201], [7.770455, 47.5233947], [7.7708694, 47.5234799], [7.7713673, 47.5233809], [7.7715944, 47.5233866], [7.7720483, 47.5233138], [7.7734691, 47.5228832], [7.7741316, 47.522729], [7.7755714, 47.5224368], [7.7759732, 47.5223921], [7.7772678, 47.5220853], [7.7774385, 47.5220824], [7.7775148, 47.5220308], [7.7787781, 47.5217179], [7.7798855, 47.5212873], [7.7813173, 47.52106], [7.7819743, 47.5208032], [7.7820324, 47.5207202], [7.7819352, 47.5205942], [7.7829157, 47.5201742], [7.7839461, 47.5201924], [7.7847909, 47.5204897], [7.7856116, 47.5205388], [7.7859431, 47.5206088], [7.7862768, 47.5205216], [7.7865924, 47.5205185], [7.7867588, 47.5203868], [7.7870187, 47.520337], [7.7876337, 47.520117], [7.7882529, 47.5196342], [7.7884351, 47.5195504], [7.7884854, 47.519465], [7.7886317, 47.5194379], [7.7887636, 47.5193278], [7.789128, 47.5192203], [7.7893924, 47.5190861], [7.7896471, 47.5190948], [7.7898583, 47.5190259], [7.790084, 47.5188079], [7.7901436, 47.5186412], [7.7901202, 47.5184193], [7.789867, 47.5183323], [7.7898946, 47.5179946], [7.7897983, 47.5179209], [7.7897946, 47.5177823], [7.7902407, 47.5164232], [7.7901733, 47.5160047], [7.7895799, 47.5154644], [7.7888065, 47.514981], [7.7887794, 47.5149047], [7.788228, 47.5144049], [7.7878994, 47.5141632], [7.787683, 47.5138163], [7.7877809, 47.5135402], [7.7877321, 47.5134221], [7.7879851, 47.513086], [7.7883229, 47.5123845], [7.7888561, 47.5116635], [7.7889071, 47.5113031], [7.7890731, 47.5109089], [7.7891724, 47.5104652], [7.7888701, 47.5068293], [7.7894895, 47.5050694], [7.7897648, 47.5047848], [7.7898578, 47.5050854], [7.7914618, 47.504203], [7.792336, 47.5037131], [7.7916227, 47.5031656], [7.7920324, 47.5027701], [7.7917219, 47.5019364], [7.7915076, 47.5015771], [7.7916573, 47.501489], [7.7924211, 47.5012541], [7.7924618, 47.5011928], [7.7927995, 47.5006843], [7.792511, 47.5003126], [7.7922471, 47.4999726], [7.7922196, 47.4999372], [7.7920247, 47.4994712], [7.7917529, 47.4988212], [7.7919567, 47.4985134], [7.7911135, 47.4982572], [7.7910755, 47.4978211], [7.7910327, 47.4973312], [7.7909951, 47.4968996], [7.7894951, 47.4964746], [7.7891543, 47.4963162], [7.7888102, 47.4950127], [7.7875362, 47.4943761], [7.7866254, 47.4931214], [7.7878736, 47.4932197], [7.788176, 47.4932384], [7.7898348, 47.4933561], [7.7898523, 47.4935973], [7.790351, 47.4940616], [7.7917642, 47.4947922], [7.7920443, 47.495128], [7.7926288, 47.4953705], [7.7930486, 47.4958359], [7.7935944, 47.4960747], [7.7944311, 47.4962609], [7.7947348, 47.4959718], [7.79528, 47.4961637], [7.7957037, 47.4958628], [7.7969578, 47.495867], [7.7968018, 47.4951939], [7.7968655, 47.4950501], [7.7988902, 47.4956515], [7.7977834, 47.4972309], [7.7967791, 47.4973243], [7.7972094, 47.4981054], [7.7974335, 47.4987282], [7.7981629, 47.4993995], [7.7987077, 47.4988545], [7.7983172, 47.498745], [7.7985547, 47.4984658], [7.7987856, 47.4979902], [7.7994002, 47.4974771], [7.7997856, 47.4980391], [7.8001582, 47.4981636], [7.8012962, 47.4974489], [7.8022319, 47.4969795], [7.8049674, 47.4967606], [7.8050002, 47.4969149], [7.8054911, 47.4969543], [7.8062459, 47.4968521], [7.8066104, 47.497046], [7.8068948, 47.4969162], [7.8074182, 47.4971385], [7.8083929, 47.4981833], [7.8099797, 47.4993863], [7.812386, 47.5015529], [7.8134555, 47.5031294], [7.81471, 47.5048013], [7.8155841, 47.504841], [7.815571, 47.5049066], [7.8185573, 47.5065732], [7.8216808, 47.5086551], [7.8219428, 47.5086901], [7.822363, 47.5085648], [7.8235973, 47.5088546], [7.8233468, 47.5091798], [7.8232649, 47.5095345], [7.8286946, 47.5140374], [7.8307598, 47.5145301], [7.8315991, 47.5146706], [7.8319763, 47.5147366], [7.832037, 47.5174013], [7.8328804, 47.518311], [7.8331382, 47.5187898], [7.833081, 47.5195503], [7.8333502, 47.5211391], [7.833417, 47.5224366], [7.8333296, 47.5246494], [7.8331289, 47.5247992], [7.8336088, 47.5258014], [7.8337948, 47.5259008], [7.8336576, 47.5259373], [7.8335437, 47.5263413], [7.8332217, 47.5303239], [7.8339062, 47.5301784], [7.8341825, 47.5301902], [7.8352938, 47.5317605], [7.8352933, 47.5318179], [7.8350087, 47.5318444], [7.8347596, 47.5319488], [7.8341333, 47.5325189], [7.8333883, 47.5337516], [7.8333595, 47.5337914], [7.8333129, 47.5338135], [7.8332662, 47.5338249], [7.8332163, 47.5338276], [7.8335257, 47.5338494], [7.8343257, 47.533976], [7.8346644, 47.5340201], [7.8359217, 47.5341692], [7.836768, 47.5342755], [7.8382508, 47.5342494], [7.8390622, 47.5341812], [7.8401553, 47.534005], [7.84149, 47.5337834], [7.8423038, 47.5335257], [7.8432004, 47.5331957], [7.8439878, 47.5329314], [7.8447152, 47.5326674], [7.8448952, 47.5326189], [7.8465361, 47.5326645], [7.848415, 47.5334715], [7.8491227, 47.5337812], [7.8508, 47.5346137], [7.8523391, 47.5352386], [7.8548389, 47.5341147], [7.855147, 47.5338899], [7.8550928, 47.5338388], [7.8553951, 47.5334746], [7.8557027, 47.5333151], [7.8566422, 47.5331789], [7.8573098, 47.5332111], [7.8596385, 47.5301766], [7.8606972, 47.5284436], [7.8615337, 47.5276948], [7.8625693, 47.5269203], [7.8626188, 47.5257881], [7.8632034, 47.5241583], [7.8633662, 47.5236194], [7.8639913, 47.523185], [7.8643874, 47.5221238], [7.8639568, 47.5193092], [7.8661511, 47.5193737], [7.8694483, 47.5193252], [7.8708747, 47.5212483], [7.8715175, 47.5219076], [7.8722571, 47.5222998], [7.8739879, 47.522939], [7.8753681, 47.5231031], [7.8766677, 47.5226935], [7.8765243, 47.522384], [7.8763612, 47.522059], [7.8762014, 47.5217097], [7.8761463, 47.5212761], [7.8760973, 47.5207316], [7.8760568, 47.5204126], [7.8760199, 47.5202506], [7.8759155, 47.5200619], [7.8757435, 47.5198419], [7.8754674, 47.5195904], [7.875352, 47.5196068], [7.8751886, 47.5179893], [7.8751489, 47.5177029], [7.8751531, 47.5176177], [7.8751229, 47.517605], [7.8750907, 47.5175707], [7.8751661, 47.5175314], [7.8752446, 47.5174745], [7.8752834, 47.5174349], [7.8754701, 47.5172178], [7.8754188, 47.517245], [7.8753547, 47.5172399], [7.8753237, 47.5171994], [7.8753208, 47.5171511], [7.8753705, 47.5169327], [7.8754357, 47.5165746], [7.8755001, 47.5161606], [7.8755016, 47.5158887], [7.8754664, 47.5151197], [7.8754227, 47.5144644], [7.8754448, 47.5138167], [7.8757062, 47.513815], [7.8756801, 47.5131962], [7.8756891, 47.5131995], [7.8764153, 47.5134635], [7.876923, 47.5136212], [7.8779641, 47.5138768], [7.8780347, 47.5138875], [7.8796842, 47.5120851], [7.8815649, 47.5102654], [7.8840856, 47.508494], [7.8852092, 47.5082098], [7.8860429, 47.5079937], [7.8865427, 47.5078762], [7.887559, 47.5077177], [7.8918444, 47.5070492], [7.8918917, 47.5070494], [7.8921207, 47.5069479], [7.8924706, 47.5068644], [7.8928559, 47.5067278], [7.8935441, 47.5064343], [7.8937274, 47.506313], [7.8938742, 47.5061923], [7.8940028, 47.5060594], [7.894118, 47.5058867], [7.8941658, 47.5057277], [7.8941661, 47.5057271], [7.8941052, 47.5057165], [7.8945639, 47.5042094], [7.8945252, 47.5026109], [7.8944548, 47.5025245], [7.8951074, 47.5028618], [7.895338, 47.5022515], [7.8983096, 47.5012081], [7.8982161, 47.4997994], [7.8984449, 47.4992647], [7.8988916, 47.4984842], [7.8995743, 47.496174], [7.9043033, 47.4925317], [7.9047692, 47.4921751], [7.9047726, 47.4919446], [7.904822, 47.4849093], [7.9051931, 47.4849051], [7.9116929, 47.48484], [7.9128022, 47.4844796], [7.9139198, 47.4839021], [7.9144474, 47.483814], [7.9155838, 47.4837164], [7.9162799, 47.4832842], [7.9171311, 47.4829357], [7.9180226, 47.482652], [7.920044, 47.4825671], [7.9241645, 47.482477], [7.9267489, 47.4832892], [7.9274278, 47.4826052], [7.9276712, 47.482197], [7.9278027, 47.482096], [7.9279958, 47.4820639], [7.9287886, 47.4820889], [7.9296855, 47.4822712], [7.9305956, 47.4822344], [7.9318845, 47.4820317], [7.9325716, 47.4814215], [7.9332884, 47.4814078], [7.9338959, 47.481732], [7.9364874, 47.4823001], [7.9371045, 47.4825056], [7.9417145, 47.4836005], [7.9448132, 47.4849856], [7.9453213, 47.4854146], [7.9458482, 47.4854507], [7.946089, 47.4854266], [7.9465199, 47.4851857], [7.9470153, 47.48489], [7.9468091, 47.4844472], [7.9467486, 47.4844706], [7.94589, 47.483029], [7.9458345, 47.4830245], [7.9452406, 47.4821896], [7.9447515, 47.4816892], [7.9445, 47.4812499], [7.9448172, 47.4812028], [7.9446561, 47.4808997], [7.9445434, 47.4803223], [7.9447018, 47.4782329], [7.9449501, 47.4773216], [7.9447561, 47.4763991], [7.9447812, 47.4760414], [7.9443281, 47.4760773], [7.9442418, 47.4757813], [7.9442554, 47.4753189], [7.9440633, 47.4740392], [7.9436423, 47.4732963], [7.943487, 47.4728584], [7.9431013, 47.4723742], [7.9429853, 47.4720472], [7.9428427, 47.4707837], [7.9425784, 47.4696807], [7.9424246, 47.4681944], [7.9417082, 47.4672761], [7.9411587, 47.465726], [7.940849, 47.4637593], [7.9403726, 47.4632061], [7.9401739, 47.4628011], [7.9400279, 47.4620213], [7.9428933, 47.4626178], [7.9441695, 47.4630161], [7.9442329, 47.462919], [7.9454564, 47.4633404], [7.9457378, 47.4629115], [7.9472099, 47.4634254], [7.947342, 47.4632372], [7.9488544, 47.4637797], [7.9490772, 47.4631665], [7.9492608, 47.4629791], [7.9499363, 47.4628672], [7.9562906, 47.4592367], [7.9570383, 47.4590817], [7.9574114, 47.4589572], [7.9576142, 47.4588065], [7.9576518, 47.4587049], [7.9576023, 47.4584867], [7.9568334, 47.4572325], [7.9565932, 47.4562744], [7.9561601, 47.4557273], [7.95648, 47.4555347], [7.9568349, 47.4552115], [7.9571349, 47.4552441], [7.9574976, 47.4551871], [7.9583813, 47.4553257], [7.95902, 47.45508], [7.9593569, 47.4547924], [7.9595857, 47.4547914], [7.959537, 47.4550437], [7.9597702, 47.45504], [7.9607182, 47.4554656], [7.9608324, 47.4555938], [7.960755, 47.4558009], [7.9605211, 47.4560599], [7.9605936, 47.4560971], [7.9605345, 47.4567581], [7.9605708, 47.456917], [7.9604386, 47.4573106], [7.9605237, 47.4576561], [7.9606338, 47.4577773], [7.9610485, 47.4580622], [7.961235, 47.4583241], [7.9615391, 47.4585208], [7.9615802, 47.4586273], [7.9622886, 47.4590759], [7.9629073, 47.4596373], [7.963389, 47.4597889], [7.9636646, 47.4597736], [7.9641889, 47.4595488], [7.9642848, 47.4595693], [7.9644146, 47.4597166], [7.9650461, 47.4600862], [7.9655924, 47.4603222], [7.9658132, 47.4605538], [7.9659712, 47.4608743], [7.9662172, 47.4609178], [7.9662248, 47.4613161], [7.9665718, 47.4616112], [7.9665703, 47.4617753], [7.9668131, 47.4619132], [7.9667563, 47.4620976], [7.9668784, 47.4621261], [7.9671552, 47.462318], [7.9679119, 47.4624853], [7.9681727, 47.4627583], [7.9682836, 47.4628082], [7.9685439, 47.4628044], [7.9685445, 47.4624194], [7.968733, 47.4621806], [7.9702891, 47.4613533], [7.9705006, 47.4613016], [7.9716113, 47.460614], [7.9732075, 47.4598531], [7.9739609, 47.4596494], [7.9742854, 47.4595479], [7.9748243, 47.4589321], [7.9750495, 47.4585605], [7.9759572, 47.4566242], [7.9766032, 47.4542032], [7.9765511, 47.4538363], [7.9754281, 47.4530267], [7.9748783, 47.4520017], [7.9764045, 47.4512154], [7.9777158, 47.4504717], [7.978049, 47.4501935], [7.9787704, 47.4497619], [7.9806058, 47.4489102], [7.9809969, 47.4484803], [7.9809203, 47.4482893], [7.9812751, 47.4473752], [7.9819644, 47.4462697], [7.9819847, 47.446236], [7.9820224, 47.4461558], [7.9821182, 47.4459522], [7.9821471, 47.4456667], [7.9825629, 47.4445595], [7.9827678, 47.4444813], [7.9833541, 47.4438997], [7.9835926, 47.4435899], [7.9837701, 47.4432198], [7.9841084, 47.4418084], [7.9841675, 47.44032], [7.984092, 47.4397789], [7.9838299, 47.4391235], [7.9838091, 47.4387219], [7.9836297, 47.438201], [7.9836776, 47.4374452], [7.9838706, 47.4369027], [7.9840851, 47.4365879], [7.9850426, 47.4342456], [7.9851892, 47.4341532], [7.986088, 47.4331467], [7.9863574, 47.433241], [7.986488, 47.4331621], [7.9861448, 47.4326443], [7.9857164, 47.4323211], [7.9854558, 47.4321914], [7.9853639, 47.4321898], [7.9853234, 47.4318591], [7.9861307, 47.4312871], [7.9861821, 47.4312115], [7.9861331, 47.4309529], [7.9861821, 47.4306363], [7.9862526, 47.4305489], [7.9866406, 47.430405], [7.9867468, 47.4303166], [7.9870773, 47.4298742], [7.9866323, 47.4293125], [7.9869324, 47.4292844], [7.9868265, 47.4288929], [7.9872707, 47.4287435], [7.9854653, 47.4227641], [7.984237, 47.4228923], [7.983843, 47.4283108], [7.9827035, 47.4283325], [7.9801418, 47.4275537], [7.977349, 47.4263359], [7.97407, 47.4256706], [7.9708364, 47.4247014], [7.9675169, 47.4234926], [7.9645002, 47.4227899], [7.9638606, 47.4225769], [7.9631993, 47.4223547], [7.9693411, 47.420209], [7.9722731, 47.4189453], [7.9742188, 47.4194648], [7.9763994, 47.4169327], [7.9766321, 47.4167924], [7.9768881, 47.4165343], [7.9772086, 47.4160988], [7.9780641, 47.4158053], [7.9793544, 47.4152566], [7.979581, 47.41489], [7.9797553, 47.4148158], [7.9799439, 47.4145751], [7.9800592, 47.4145749], [7.9805236, 47.4143675], [7.9818982, 47.4136165], [7.9822706, 47.4135573], [7.9829581, 47.4137676], [7.9833123, 47.4137863], [7.983388, 47.4139255], [7.9840932, 47.4140916], [7.9847861, 47.4140944], [7.9860615, 47.4138595], [7.986119, 47.4137679], [7.9863496, 47.4136388], [7.9877473, 47.4133454], [7.988088, 47.4134708], [7.9881439, 47.4135812], [7.9885271, 47.4138105], [7.9886844, 47.4138164], [7.9890353, 47.4140328], [7.9894713, 47.4141493], [7.9896687, 47.4136829], [7.9902144, 47.4135529], [7.9900413, 47.4132009], [7.9902027, 47.4126491], [7.9901819, 47.4123998], [7.9903415, 47.4120614], [7.9905065, 47.411925], [7.9907784, 47.4118019], [7.9912502, 47.4113325], [7.9914657, 47.4111977], [7.992647, 47.4109459], [7.9936521, 47.4110986], [7.9939558, 47.4110914], [7.9942163, 47.4110122], [7.9946787, 47.4107581], [7.9954628, 47.4106215], [7.9967138, 47.4101933], [7.9974424, 47.4100184], [7.9978306, 47.4099735], [7.9986579, 47.4099714], [7.9994771, 47.4097285], [8.0017622, 47.4094538], [8.0031068, 47.4088902], [8.0033807, 47.4086227], [8.0037664, 47.4085436], [8.0039088, 47.4083301], [8.0040995, 47.4082944], [8.0043006, 47.4081253], [8.0044262, 47.4078108], [8.0046209, 47.4076142], [8.0053666, 47.4071358], [8.0067635, 47.4067869], [8.0072617, 47.4065858], [8.0073487, 47.4060876], [8.007822, 47.405193], [8.0081463, 47.4049792], [8.008267, 47.4048406], [8.0081358, 47.4044979], [8.008127, 47.4041365], [8.0083571, 47.4038075], [8.0083456, 47.4036668], [8.0084008, 47.4035319], [8.0087074, 47.4031433], [8.0089153, 47.4029107], [8.0089325, 47.4025634], [8.009091, 47.4022942], [8.009136, 47.4019133], [8.0094061, 47.4015827], [8.0095373, 47.4015836], [8.0097167, 47.4016294], [8.0100273, 47.4012979], [8.0100545, 47.4011967], [8.0099424, 47.401051], [8.0099987, 47.4009063], [8.00995, 47.4007247], [8.0100821, 47.4006825], [8.0101592, 47.4006944], [8.0102177, 47.4007187], [8.0102524, 47.4007163], [8.0102783, 47.4006923], [8.0102937, 47.4006502], [8.0102985, 47.4005952], [8.0103264, 47.4005484], [8.0103535, 47.4005214], [8.010464, 47.4004422], [8.010421, 47.4003577], [8.0102676, 47.4001578], [8.010164, 47.4000029], [8.0101684, 47.3999422], [8.0101696, 47.39991], [8.0101724, 47.3998842], [8.0101792, 47.399849], [8.0101927, 47.3997974], [8.0101991, 47.3997388], [8.0102125, 47.3997011], [8.010218, 47.3996638], [8.0102265, 47.3995695], [8.0102661, 47.3994629], [8.0102652, 47.3994158], [8.0102548, 47.3992825], [8.0102035, 47.3991953], [8.0101744, 47.3990704], [8.0104098, 47.39877], [8.0101528, 47.3982284], [8.0103928, 47.397723], [8.0100331, 47.3975542], [8.0099324, 47.3973771], [8.0101862, 47.3970001], [8.0098698, 47.3966955], [8.0098448, 47.3965133], [8.0100365, 47.3961649], [8.009801, 47.3956968], [8.0100022, 47.395418], [8.0104558, 47.3951317], [8.0119786, 47.3946716], [8.0136914, 47.3943754], [8.0139305, 47.3944135], [8.014723, 47.3947875], [8.0154302, 47.3948833], [8.0159616, 47.3950054], [8.016791, 47.394958], [8.0172685, 47.3948708], [8.0184996, 47.3945387], [8.0193727, 47.3941364], [8.0199685, 47.3939889], [8.0203287, 47.3958068], [8.026422, 47.3956277], [8.0265705, 47.3956238], [8.0274219, 47.3932172], [8.0298175, 47.3864463], [8.0310756, 47.38422], [8.0311904, 47.3840321], [8.0311638, 47.3840227], [8.0312316, 47.3839514], [8.031357, 47.3836985], [8.0313762, 47.3836869], [8.0313109, 47.3834427], [8.031237, 47.3832742], [8.0311436, 47.3831318], [8.0308207, 47.3824071], [8.0308662, 47.3813504], [8.0295489, 47.3793227], [8.0298451, 47.3777245], [8.0292339, 47.3766459], [8.0291364, 47.3755996], [8.0277448, 47.3742465], [8.0283304, 47.3731927], [8.0276735, 47.3726008], [8.0273407, 47.3711752], [8.0273386, 47.3711312], [8.0273904, 47.3711226], [8.0274089, 47.3710042], [8.027093, 47.37066], [8.0272861, 47.3704091], [8.0273336, 47.3701892], [8.0271817, 47.3700563], [8.0271971, 47.3697179], [8.0267806, 47.368887], [8.026787, 47.3687737], [8.0267081, 47.36868], [8.0261536, 47.3686637], [8.0256775, 47.3680185], [8.0251459, 47.367719], [8.0252061, 47.3674554], [8.0252204, 47.367393], [8.0247892, 47.3668771], [8.0246684, 47.366627], [8.02448, 47.3658197], [8.0243507, 47.3657102], [8.0243293, 47.3655481], [8.024053, 47.3652454], [8.0229508, 47.3648859], [8.0223913, 47.3646804], [8.0212717, 47.3643297], [8.0204962, 47.364161], [8.0194413, 47.3638039], [8.0191548, 47.3636081], [8.0191184, 47.3635832], [8.0187223, 47.3632534], [8.0183311, 47.3629689], [8.0180594, 47.3627598], [8.0177843, 47.3626346], [8.017409, 47.3624882], [8.0171548, 47.362129], [8.0169508, 47.3616289], [8.0165455, 47.3611926], [8.0167865, 47.3609101], [8.0167373, 47.3606071], [8.0163963, 47.3603714], [8.0159875, 47.3601911], [8.015451, 47.3599394], [8.0150566, 47.3598337], [8.0145391, 47.3596174], [8.0142199, 47.3594934], [8.0141241, 47.3592549], [8.0138327, 47.3591934], [8.0135668, 47.359048], [8.0134372, 47.3588594], [8.0130994, 47.3587274], [8.013022, 47.358458], [8.0128975, 47.3581469], [8.0123462, 47.3579709], [8.0119884, 47.357735], [8.011518, 47.3574679], [8.0111348, 47.3571344], [8.0106068, 47.3570496], [8.0104826, 47.3569519], [8.0128298, 47.3543311], [8.0126917, 47.3527456], [8.0126158, 47.3519537], [8.0118255, 47.3498165], [8.0077074, 47.3474978], [8.0038366, 47.3453146], [8.0042672, 47.3434457], [8.0060069, 47.3410206], [8.0073558, 47.339304], [8.0051906, 47.3367516], [8.0028563, 47.3359625], [8.001654, 47.3351453], [8.0010791, 47.3347527], [8.0007816, 47.3350446], [8.0007455, 47.3349929], [8.0006465, 47.3348973], [8.0005073, 47.3348286], [8.0000304, 47.3346654], [7.999562, 47.3345165], [7.9981302, 47.3340425], [7.9981213, 47.3340547], [7.9973015, 47.3337841], [7.9962997, 47.3334393], [7.9962898, 47.3334524], [7.995623, 47.3332328], [7.995502, 47.3332006], [7.9953729, 47.3331818], [7.9942933, 47.3330788], [7.9918491, 47.3326052], [7.9915009, 47.3326888], [7.9909535, 47.3328109], [7.9903797, 47.3319385], [7.9898587, 47.3312954], [7.9897095, 47.3311019], [7.9896152, 47.3309966], [7.989371, 47.3307428], [7.9890785, 47.3305622], [7.9873207, 47.3295751], [7.9873403, 47.3295223], [7.987484, 47.3287779], [7.9874825, 47.3287568], [7.987467, 47.3287161], [7.9874532, 47.3286971], [7.9874152, 47.3286639], [7.9853394, 47.3275699], [7.9853115, 47.3275595], [7.9852803, 47.3275552], [7.9852485, 47.3275573], [7.9852194, 47.3275658], [7.9851952, 47.3275797], [7.9851781, 47.3275978], [7.9847714, 47.3282278], [7.9846953, 47.3283379], [7.9845685, 47.3284923], [7.9827271, 47.3275982], [7.9826311, 47.3275721], [7.9823476, 47.3276746], [7.9778256, 47.325984], [7.978085, 47.3255412], [7.9760879, 47.3246747], [7.9765116, 47.3234446], [7.9749471, 47.3232405], [7.9733789, 47.3230619], [7.973357, 47.3231149], [7.9731769, 47.3230739], [7.9732003, 47.3230273], [7.9724642, 47.3229058], [7.9717482, 47.322763], [7.9703799, 47.3225258], [7.9704818, 47.3222305], [7.9645131, 47.3213088], [7.9638516, 47.3211415], [7.9638693, 47.3210308], [7.9636855, 47.3210009], [7.9635695, 47.3209834], [7.9635005, 47.3211499], [7.9622486, 47.3209451], [7.9610179, 47.3207337], [7.9597993, 47.3204929], [7.9586273, 47.3202716], [7.95758, 47.3200282], [7.9558125, 47.3196061], [7.9552068, 47.3194465], [7.9542158, 47.3191665], [7.9530552, 47.3188157], [7.9519059, 47.3184502], [7.9507602, 47.3180752], [7.9490468, 47.3175099], [7.9479779, 47.3171443], [7.9480855, 47.3176304], [7.9481358, 47.3178014], [7.9482272, 47.3179631], [7.9483359, 47.318105], [7.9475498, 47.3199051], [7.9475266, 47.3201451], [7.9475797, 47.3203115], [7.9475794, 47.3204787], [7.9475128, 47.3208511], [7.9475197, 47.320951], [7.9474343, 47.3213648], [7.9473275, 47.3215853], [7.9471968, 47.3217546], [7.9470892, 47.3222485], [7.9473167, 47.3251743], [7.948046, 47.3267191], [7.9485782, 47.3285004], [7.948826, 47.3295733], [7.9478386, 47.3325181], [7.9471258, 47.3323363], [7.942042, 47.332407], [7.9393888, 47.3324391], [7.9377218, 47.3324842], [7.9344625, 47.33276], [7.9312355, 47.3330423], [7.9311957, 47.333038], [7.9259213, 47.3334848], [7.9225482, 47.3337132], [7.9192163, 47.3339523], [7.9187568, 47.3345656], [7.9181936, 47.3353172], [7.9158356, 47.3366304], [7.9127051, 47.3383644], [7.9118437, 47.3388415], [7.9112127, 47.3391909], [7.9106443, 47.3397298], [7.9099791, 47.3403608], [7.9097212, 47.3406069], [7.909695, 47.3406318], [7.9093785, 47.3409327], [7.9093643, 47.3409462], [7.9093463, 47.3409633], [7.9092515, 47.341354], [7.9092021, 47.3415576], [7.9091786, 47.3416544], [7.9089382, 47.3417349], [7.9088274, 47.341772], [7.9086505, 47.3418312], [7.9085944, 47.3419079], [7.9083871, 47.3418581], [7.9083377, 47.3418462], [7.9078129, 47.3417207], [7.9081545, 47.3409679], [7.9081767, 47.3409095], [7.9081964, 47.3408507], [7.9082136, 47.3407915], [7.9082282, 47.340732], [7.9082419, 47.3406624], [7.9082521, 47.3405926], [7.9082589, 47.3405226], [7.9082622, 47.3404523], [7.9082657, 47.3403526], [7.9082601, 47.3402528], [7.9082455, 47.3401534], [7.9082219, 47.3400548], [7.9081881, 47.3399544], [7.9081449, 47.3398556], [7.9080926, 47.339759], [7.9080314, 47.3396648], [7.9079692, 47.3395739], [7.9079012, 47.339485], [7.9078274, 47.3393982], [7.9077479, 47.3393137], [7.9073074, 47.3388774], [7.9069155, 47.3385855], [7.9066312, 47.3383741], [7.905657, 47.3377297], [7.9053054, 47.3374869], [7.9045167, 47.3369361], [7.9040963, 47.3365948], [7.9037003, 47.3361996], [7.9034174, 47.3358949], [7.9031928, 47.335645], [7.902607, 47.3349931], [7.9021582, 47.3344727], [7.9017661, 47.3339744], [7.9014426, 47.3335603], [7.9008872, 47.3328703], [7.9007216, 47.3326642], [7.9004655, 47.3323939], [7.9000295, 47.3318887], [7.899641, 47.3314186], [7.8993082, 47.3310158], [7.8989085, 47.330513], [7.8987564, 47.3303053], [7.8985025, 47.3299459], [7.8979113, 47.3289801], [7.8977303, 47.3287533], [7.8972345, 47.3282358], [7.8970736, 47.3280251], [7.8969177, 47.3277832], [7.8968563, 47.3276597], [7.8967297, 47.3273465], [7.8966466, 47.3271163], [7.8965584, 47.3267854], [7.896494, 47.326455], [7.8963694, 47.3254972], [7.8963309, 47.3253244], [7.8962169, 47.3249711], [7.8961193, 47.3245321], [7.8960803, 47.3242089], [7.8960855, 47.3239278], [7.8961386, 47.3236134], [7.8962145, 47.3232681], [7.8962615, 47.3230883], [7.896311, 47.3229143], [7.8964198, 47.3226034], [7.8964625, 47.3224755], [7.896588, 47.3219143], [7.8971762, 47.321525], [7.8978994, 47.3206447], [7.8980165, 47.3203378], [7.8980611, 47.3202545], [7.8981176, 47.3201372], [7.898156, 47.3199897], [7.8981023, 47.3198261], [7.8979102, 47.3196295], [7.8977686, 47.3195217], [7.8976357, 47.319439], [7.8974604, 47.3193554], [7.8973318, 47.3193159], [7.896886, 47.3191866], [7.8963802, 47.3188616], [7.8961143, 47.3187592], [7.89596, 47.318685], [7.8956309, 47.3184621], [7.8954299, 47.3183263], [7.8952528, 47.3182003], [7.8949651, 47.3179671], [7.8943147, 47.3173796], [7.8941365, 47.3172287], [7.8939254, 47.3170658], [7.8937509, 47.316942], [7.8936016, 47.316847], [7.8928931, 47.3164645], [7.8925817, 47.3162781], [7.8917565, 47.3157439], [7.8912472, 47.315345], [7.8911022, 47.3152072], [7.8907009, 47.314736], [7.8903479, 47.3140807], [7.8902527, 47.3137933], [7.8898301, 47.312328], [7.8892583, 47.3116259], [7.8891052, 47.3114896], [7.8886684, 47.3112689], [7.8877542, 47.311118], [7.8857001, 47.3110315], [7.883826, 47.3110275], [7.8820188, 47.3113595], [7.8807487, 47.311524], [7.8794627, 47.311718], [7.8790256, 47.3117597], [7.877539, 47.3118688], [7.8767536, 47.3119237], [7.875904, 47.311943], [7.8754349, 47.3119252], [7.8748965, 47.3119004], [7.8747076, 47.3118877], [7.8745194, 47.3118705], [7.8743323, 47.3118486], [7.8741465, 47.3118222], [7.8739621, 47.3117913], [7.8736499, 47.3117314], [7.8735226, 47.3117019], [7.873398, 47.3116673], [7.8732766, 47.3116279], [7.8731587, 47.3115838], [7.8729333, 47.3114855], [7.8728237, 47.3114342], [7.872716, 47.3113809], [7.8726103, 47.3113258], [7.8725066, 47.311269], [7.8724052, 47.3112103], [7.8709525, 47.3103569], [7.8693385, 47.3093681], [7.8688612, 47.3091472], [7.8676075, 47.3086118], [7.867423, 47.3085373], [7.8672341, 47.3084683], [7.8670409, 47.308405], [7.8668438, 47.3083474], [7.8666433, 47.3082956], [7.8657309, 47.3080928], [7.8648631, 47.3078966], [7.8643398, 47.3077612], [7.8641611, 47.3077123], [7.8639852, 47.307659], [7.8638123, 47.3076014], [7.8636425, 47.3075396], [7.8634761, 47.3074736], [7.8633135, 47.3074035], [7.8628277, 47.3071813], [7.8622586, 47.3068674], [7.8616215, 47.3064751], [7.8614389, 47.3063569], [7.861261, 47.3062354], [7.8610881, 47.3061107], [7.8609202, 47.3059828], [7.8607575, 47.3058518], [7.8606002, 47.3057177], [7.8605368, 47.3056585], [7.8604764, 47.3055977], [7.8604189, 47.3055356], [7.8603644, 47.3054723], [7.860313, 47.3054078], [7.8601234, 47.3051456], [7.85988, 47.3047552], [7.8596593, 47.3043216], [7.8595048, 47.3039571], [7.8592082, 47.3029544], [7.8589719, 47.3020858], [7.8589513, 47.3019926], [7.8586686, 47.3012983], [7.858489, 47.3009182], [7.8583097, 47.3005931], [7.8581941, 47.3004046], [7.8578338, 47.2998616], [7.8575124, 47.2994276], [7.8570397, 47.2988602], [7.8561767, 47.2979127], [7.855973, 47.2976399], [7.8554992, 47.2969716], [7.8551473, 47.2964116], [7.8547333, 47.2957449], [7.8545164, 47.2952701], [7.8544985, 47.2952237], [7.854397, 47.2948808], [7.8538719, 47.2932601], [7.8536704, 47.2927741], [7.8528654, 47.2914912], [7.8524493, 47.2909081], [7.8519188, 47.2903061], [7.8515648, 47.2899442], [7.8509275, 47.2894116], [7.8495454, 47.2883725], [7.8487658, 47.2876059], [7.8482634, 47.2869166], [7.8478998, 47.2856017], [7.8475334, 47.2850275], [7.8465625, 47.2838161], [7.8457957, 47.2830413], [7.8452959, 47.2827498], [7.8447846, 47.2820154], [7.8443665, 47.2804576], [7.844399, 47.2796924], [7.8441458, 47.277909], [7.8438256, 47.2770304], [7.8435868, 47.2765774], [7.8418057, 47.2744707], [7.8409063, 47.2737645], [7.8389239, 47.272208], [7.838396, 47.2718225], [7.8378051, 47.2714982], [7.8362915, 47.2703019], [7.8356647, 47.2697324], [7.8331751, 47.2678756], [7.831682, 47.2673398], [7.8292608, 47.2665848], [7.8281331, 47.2664307], [7.8275836, 47.2663556], [7.8264112, 47.2660873], [7.8256543, 47.2657879], [7.8251069, 47.2655723], [7.8255138, 47.2651603], [7.8254864, 47.2649171], [7.8255439, 47.2646362], [7.8256727, 47.2644783], [7.8257522, 47.2644501], [7.8271173, 47.2645536], [7.8274756, 47.2645107], [7.8277601, 47.2643202], [7.8277143, 47.2640303], [7.8271417, 47.2635318], [7.827106, 47.2632565], [7.8271538, 47.2631917], [7.8272943, 47.2631464], [7.8276908, 47.2631748], [7.8283183, 47.2631034], [7.8284874, 47.2630349], [7.8286222, 47.2628421], [7.8285591, 47.2627028], [7.8279332, 47.2623219], [7.82736, 47.2618461], [7.8271355, 47.2613986], [7.8271726, 47.2612563], [7.827482, 47.261009], [7.8278122, 47.2609884], [7.828205, 47.2610407], [7.8283827, 47.2611067], [7.8289452, 47.2610447], [7.8290942, 47.2609626], [7.8292558, 47.260773], [7.8293607, 47.2605285], [7.8293288, 47.2601539], [7.8299175, 47.2597283], [7.829939, 47.2597517], [7.8300911, 47.2596736], [7.8303841, 47.2592954], [7.8304024, 47.2591235], [7.8301772, 47.2588661], [7.829476, 47.2588319], [7.8292337, 47.2587787], [7.8289943, 47.2585736], [7.8289077, 47.2584038], [7.8288959, 47.2581902], [7.8290931, 47.257371], [7.8298113, 47.2557215], [7.8298379, 47.255524], [7.8295641, 47.2551801], [7.8289354, 47.2551552], [7.8285919, 47.2550288], [7.8290444, 47.2544957], [7.8289946, 47.2544312], [7.8290752, 47.2543498], [7.8284072, 47.2538315], [7.8278688, 47.2536184], [7.8277716, 47.2534987], [7.8277546, 47.2533587], [7.8276662, 47.2528565], [7.8274655, 47.252656], [7.8273201, 47.2525665], [7.827145, 47.2525336], [7.8264922, 47.2526137], [7.8261497, 47.2521348], [7.8260196, 47.2518139], [7.8261982, 47.25157], [7.8267988, 47.251037], [7.8275311, 47.2507507], [7.8279433, 47.2504236], [7.828053, 47.2502448], [7.8280651, 47.2498516], [7.8279745, 47.249784], [7.8274331, 47.2496407], [7.8266868, 47.2490401], [7.8259349, 47.2488575], [7.8256818, 47.2486887], [7.8257568, 47.2486152], [7.825989, 47.2485585], [7.8262048, 47.2484434], [7.8265086, 47.2482108], [7.8265039, 47.2481531], [7.8263557, 47.2481275], [7.8264269, 47.2479611], [7.8262896, 47.247824], [7.8266074, 47.2472454], [7.8264789, 47.2471542], [7.8262184, 47.2470685], [7.8260895, 47.246926], [7.8261182, 47.2468512], [7.8265408, 47.2465482], [7.8266874, 47.246375], [7.8266894, 47.2460596], [7.8268091, 47.2457087], [7.8271819, 47.2454249], [7.8275822, 47.2449034], [7.8279033, 47.2446356], [7.828217, 47.2445048], [7.8285105, 47.2445408], [7.8286374, 47.2444048], [7.8286404, 47.2443206], [7.8284529, 47.2442194], [7.8283941, 47.2440881], [7.8284604, 47.2437535], [7.8281126, 47.2434655], [7.8281042, 47.2433394], [7.8282507, 47.2430229], [7.8283949, 47.2428832], [7.82862, 47.2429393], [7.8289534, 47.2430784], [7.8295515, 47.243441], [7.8297565, 47.2433945], [7.8302711, 47.2429896], [7.8305806, 47.2426146], [7.8304284, 47.2424202], [7.8304218, 47.2421377], [7.8306574, 47.2416185], [7.8312113, 47.2410687], [7.8313666, 47.2407113], [7.8317378, 47.2403373], [7.8322721, 47.24015], [7.8323298, 47.2400219], [7.832261, 47.2397052], [7.8323677, 47.2396702], [7.8330421, 47.2397585], [7.8334819, 47.2394774], [7.8333656, 47.2388946], [7.8336383, 47.2387953], [7.8339036, 47.2386181], [7.834283, 47.2379847], [7.8341811, 47.2377297], [7.8342107, 47.2376759], [7.8344704, 47.2375534], [7.8351381, 47.2374189], [7.8359538, 47.2370441], [7.8369239, 47.2368882], [7.8370084, 47.2368162], [7.8370098, 47.2367318], [7.8368326, 47.2364389], [7.8369802, 47.23617], [7.8372991, 47.2358185], [7.8374028, 47.2357367], [7.8377449, 47.2356248], [7.8381929, 47.2351123], [7.8386457, 47.2348263], [7.8386647, 47.2348181], [7.8391104, 47.2353994], [7.8391737, 47.2356263], [7.839289, 47.2354982], [7.8394375, 47.2355122], [7.8396963, 47.2357132], [7.8398839, 47.2357355], [7.8406455, 47.2357271], [7.8410352, 47.2356687], [7.8420029, 47.2357173], [7.8430183, 47.2343513], [7.8435798, 47.2341732], [7.8453307, 47.2339735], [7.8532091, 47.2324238], [7.8538825, 47.2328306], [7.8547194, 47.2331603], [7.8549573, 47.2331383], [7.8673945, 47.2372962], [7.89423, 47.2425266], [7.8946582, 47.2426101], [7.8950209, 47.2426773], [7.8972694, 47.2430961], [7.9101007, 47.2439465], [7.912704, 47.242612], [7.9141706, 47.2420737], [7.9145848, 47.2418529], [7.9153696, 47.2414031], [7.9170087, 47.2403491], [7.921166, 47.2379111], [7.9219225, 47.237805], [7.9240323, 47.2374988], [7.9252538, 47.2373215], [7.9292821, 47.2364745], [7.9334826, 47.2358957], [7.9337105, 47.2362048], [7.9349984, 47.2368849], [7.9357103, 47.2375064], [7.9361159, 47.2379625], [7.9366061, 47.2382184], [7.9381402, 47.2392048], [7.9386455, 47.2396137], [7.9392487, 47.2399839], [7.9398092, 47.2404414], [7.9404766, 47.2408241], [7.940906, 47.240988], [7.9420785, 47.2412772], [7.9433766, 47.2420205], [7.9459744, 47.2432558], [7.9541378, 47.2497803], [7.9618784, 47.2540589], [7.961756, 47.2542887], [7.9616624, 47.2542977], [7.9615964, 47.2545685], [7.9602879, 47.2555134], [7.9596196, 47.2557789], [7.959268, 47.2559982], [7.9589598, 47.25623], [7.9590128, 47.2565129], [7.9591928, 47.2568186], [7.9591194, 47.2572012], [7.9593238, 47.2576364], [7.9591142, 47.258125], [7.9585134, 47.2591772], [7.958488, 47.2593653], [7.958302, 47.2594144], [7.9579261, 47.2597845], [7.9571279, 47.2597985], [7.9562612, 47.2600145], [7.9558605, 47.260178], [7.9554119, 47.2605625], [7.9550271, 47.261484], [7.9549455, 47.2618506], [7.9549869, 47.2619005], [7.95495, 47.2624829], [7.9547968, 47.2627082], [7.9545773, 47.2627546], [7.9543826, 47.2629231], [7.9545573, 47.2632346], [7.9545233, 47.2633914], [7.9541832, 47.2637151], [7.9537401, 47.2638937], [7.9535466, 47.2640289], [7.9534612, 47.2641896], [7.9534717, 47.2644067], [7.9532345, 47.2646571], [7.9529947, 47.2650422], [7.9519861, 47.2654078], [7.9516512, 47.2656935], [7.9515758, 47.2669166], [7.9516448, 47.2671066], [7.9520683, 47.2675824], [7.9520855, 47.2676428], [7.9518905, 47.2679258], [7.9519951, 47.2681916], [7.9519231, 47.2683067], [7.9517311, 47.2683852], [7.9509321, 47.2683258], [7.9507578, 47.2684333], [7.9505189, 47.2687288], [7.9503394, 47.2690331], [7.9503722, 47.2692322], [7.9497032, 47.2701298], [7.9496652, 47.2706959], [7.9493324, 47.2714382], [7.9492749, 47.2724513], [7.9491616, 47.2725396], [7.9509176, 47.2733143], [7.9506611, 47.2746529], [7.9506427, 47.2747843], [7.9532018, 47.2758048], [7.9549012, 47.2765131], [7.9560273, 47.2768613], [7.9673832, 47.2763173], [7.9716723, 47.2761156], [7.9734603, 47.2744878], [7.986895, 47.2760246], [7.9953007, 47.2815545], [7.9976651, 47.2797681], [7.9980683, 47.2794553], [8.0047904, 47.2743725], [8.0049164, 47.2741638], [8.0048654, 47.2740358], [8.0047661, 47.2739932], [8.0047273, 47.2737655], [8.0048444, 47.2736148], [8.0049092, 47.2733772], [8.0045231, 47.2727868], [8.0043074, 47.2726231], [8.0044333, 47.2722518], [8.0044097, 47.2720599], [8.0045779, 47.2717256], [8.0045647, 47.2715407], [8.0048119, 47.2711685], [8.0048307, 47.2711278], [8.0048551, 47.2707755], [8.005016, 47.2705035], [8.0051396, 47.2704379], [8.0052442, 47.2702015], [8.0051916, 47.2700496], [8.0053255, 47.2695575], [8.0051993, 47.26939], [8.0053987, 47.2691003], [8.0055827, 47.2690573], [8.0058927, 47.2687942], [8.0059675, 47.268696], [8.0059391, 47.2686497], [8.0060974, 47.2685023], [8.0061811, 47.2684837], [8.0063173, 47.2684533], [8.0063425, 47.2684477], [8.0066541, 47.268092], [8.0070952, 47.2678514], [8.0075359, 47.2674711], [8.0080248, 47.2667343], [8.0084935, 47.2664661], [8.0085955, 47.2662786], [8.0087554, 47.2662148], [8.0088236, 47.2659612], [8.0093552, 47.2651126], [8.010291, 47.2642652], [8.0103346, 47.2641708], [8.0106879, 47.2639866], [8.0114943, 47.2637875], [8.0116953, 47.2636068], [8.0118391, 47.2633312], [8.0130457, 47.2627085], [8.0137536, 47.2620371], [8.0137837, 47.2620132], [8.0144185, 47.2614394], [8.0151206, 47.260453], [8.0160271, 47.2598652], [8.0162817, 47.259568], [8.016429, 47.2594881], [8.0166478, 47.2594571], [8.0168109, 47.2593238], [8.0168721, 47.2589256], [8.0166384, 47.2585863], [8.0165333, 47.2585473], [8.0165757, 47.2584942], [8.0164403, 47.2584325], [8.016256, 47.258246], [8.0162476, 47.2581148], [8.0164069, 47.2577005], [8.0163483, 47.25733], [8.0164338, 47.2572963], [8.0164138, 47.2571596], [8.0166087, 47.2570409], [8.0170983, 47.2570945], [8.0175218, 47.2559369], [8.0171925, 47.255395], [8.0170557, 47.2550406], [8.0169664, 47.2550008], [8.0165659, 47.2551724], [8.0164944, 47.2551656], [8.0164816, 47.2549467], [8.0162476, 47.2546221], [8.0165082, 47.2544025], [8.0165144, 47.2536799], [8.0165421, 47.2536101], [8.0166968, 47.2535892], [8.0166517, 47.2532823], [8.0167026, 47.2528357], [8.0165819, 47.2527319], [8.0165629, 47.2522647], [8.0164395, 47.2519614], [8.0166801, 47.2517182], [8.0166997, 47.2515485], [8.0167616, 47.2515241], [8.0166571, 47.2512554], [8.016568, 47.2512337], [8.0166604, 47.2511332], [8.0165618, 47.2509254], [8.0166607, 47.2508383], [8.0165702, 47.2507881], [8.0166481, 47.2507415], [8.016624, 47.2506681], [8.016749, 47.2506252], [8.0167033, 47.2504791], [8.0168954, 47.2500166], [8.0167471, 47.2495702], [8.0165625, 47.2493498], [8.0165215, 47.2491089], [8.0164114, 47.2490711], [8.0164493, 47.2489807], [8.0163978, 47.2489924], [8.0163023, 47.2489119], [8.016171, 47.2485247], [8.0160529, 47.2484008], [8.0160495, 47.2480802], [8.0156853, 47.2477412], [8.0157043, 47.2474561], [8.015838, 47.2473131], [8.0158535, 47.2469169], [8.015964, 47.2468883], [8.0160332, 47.2465187], [8.016004, 47.2464505], [8.0158053, 47.2463807], [8.0158093, 47.2461585], [8.0156853, 47.2460223], [8.0157326, 47.2454548], [8.0158361, 47.2450938], [8.015688, 47.2446561], [8.0157512, 47.2441628], [8.0158507, 47.2441315], [8.0160947, 47.2441275], [8.0173951, 47.2437734], [8.0190653, 47.2436901], [8.020331, 47.2435224], [8.0207653, 47.2431186], [8.0211857, 47.2429096], [8.0215788, 47.2426198], [8.0217481, 47.2423941], [8.0225646, 47.2421831], [8.0228027, 47.2422089], [8.0237521, 47.2420691], [8.0248473, 47.2419736], [8.0250706, 47.2418556], [8.0254017, 47.2419438], [8.026036, 47.2419676], [8.0264541, 47.2415607], [8.0275469, 47.2412403], [8.0290851, 47.2406028], [8.0291918, 47.2406922], [8.0291942, 47.2409171], [8.0292899, 47.2412044], [8.0301016, 47.242156], [8.0395891, 47.24331], [8.0431871, 47.2437859], [8.0443499, 47.2438248], [8.0445094, 47.2439139], [8.0491118, 47.2444294], [8.0512289, 47.2447599], [8.0515125, 47.2441468], [8.0629796, 47.2466594], [8.0627082, 47.2470137], [8.0591853, 47.2502649], [8.0581144, 47.2513094], [8.057706, 47.2517771], [8.0573848, 47.252235], [8.0569889, 47.2530854], [8.0568607, 47.2535763], [8.0565664, 47.2554394], [8.056701, 47.2554585], [8.0587198, 47.2557453], [8.0585973, 47.2567068], [8.0615897, 47.2565954], [8.0626919, 47.256662], [8.0633381, 47.2561994], [8.0659636, 47.2549414], [8.0660492, 47.2548207], [8.0660419, 47.2546651], [8.0664178, 47.2545966], [8.0667212, 47.2547995], [8.0667728, 47.2549044], [8.0669315, 47.254796], [8.068356, 47.2549175], [8.0692672, 47.2551855], [8.0694648, 47.2546924], [8.0704633, 47.2546255], [8.0711566, 47.2547088], [8.0717795, 47.254947], [8.0726608, 47.2550541], [8.0728578, 47.2551594], [8.0730396, 47.2558724], [8.0731832, 47.2561358], [8.0733426, 47.2563542], [8.0736753, 47.2565603], [8.0741301, 47.2567791], [8.0750772, 47.257098], [8.0761211, 47.2573901], [8.0772637, 47.2576424], [8.0768579, 47.2582405], [8.0766112, 47.2583263], [8.078597, 47.2586582], [8.0783235, 47.2592668], [8.0782909, 47.2599923], [8.0791851, 47.2601897], [8.0800105, 47.2601626], [8.0820475, 47.2606235], [8.0823399, 47.2609029], [8.0836065, 47.2611657], [8.0848897, 47.2616376], [8.0855239, 47.2619198], [8.0865645, 47.2621683], [8.0871823, 47.2624003], [8.0878594, 47.2627359], [8.0882902, 47.2628291], [8.0883758, 47.2628873], [8.0893966, 47.2625736], [8.0907305, 47.2621852], [8.0915909, 47.2619782], [8.0936016, 47.261413], [8.0988226, 47.2602307], [8.1002506, 47.258834], [8.1009267, 47.257419], [8.1018339, 47.2566861], [8.1042206, 47.2540327], [8.106022, 47.2521671], [8.105924, 47.251583], [8.1057956, 47.2512239], [8.1058629, 47.2506501], [8.1058556, 47.2494077], [8.1060323, 47.2489876], [8.1073126, 47.2468836], [8.1078705, 47.2457698], [8.1090964, 47.24453], [8.1118132, 47.2443155], [8.1160467, 47.2441866], [8.1195751, 47.2438577], [8.1215795, 47.2429539], [8.1241428, 47.2416729], [8.1244117, 47.241369], [8.1244169, 47.2413695], [8.1247266, 47.2413964], [8.1251115, 47.2413804], [8.1251887, 47.2414414], [8.125286, 47.241426], [8.1255693, 47.2415535], [8.125733, 47.2415586], [8.1261345, 47.2417334], [8.1266977, 47.2418579], [8.1267384, 47.241911], [8.1268779, 47.2419345], [8.1270995, 47.2422035], [8.1280021, 47.2425725], [8.1283918, 47.2428016], [8.1290939, 47.2430069], [8.1291722, 47.2431024], [8.1293411, 47.2431304], [8.1296909, 47.2433316], [8.1298943, 47.2433495], [8.1303429, 47.2435285], [8.1305343, 47.2436619], [8.1308386, 47.2437596], [8.1312143, 47.2439621], [8.1312547, 47.2440813], [8.1314071, 47.244234], [8.1315115, 47.2445459], [8.1314259, 47.2447069], [8.1314769, 47.2448643], [8.1313832, 47.2449517], [8.1314122, 47.2453413], [8.1315074, 47.2455035], [8.1317003, 47.2456462], [8.1318756, 47.2457407], [8.13258, 47.2458682], [8.1331009, 47.2461607], [8.1339595, 47.2464711], [8.1354212, 47.2468163], [8.1355632, 47.2469434], [8.1356568, 47.2469216], [8.1357234, 47.2468394], [8.1358647, 47.2468376], [8.1362112, 47.2469973], [8.136419, 47.2470303], [8.1400715, 47.2471743], [8.1401014, 47.2472253], [8.1405729, 47.2471726], [8.1425161, 47.2472491], [8.1426851, 47.2472523], [8.142685, 47.247264], [8.142686, 47.2472779], [8.1439722, 47.2474846], [8.1444727, 47.2474992], [8.1453153, 47.2474185], [8.1466768, 47.2474962], [8.1469111, 47.247629], [8.1471736, 47.2476973], [8.1475369, 47.2476436], [8.1479299, 47.2477644], [8.1479659, 47.2478232], [8.1483237, 47.24791], [8.1484985, 47.2479035], [8.1486825, 47.2479736], [8.1507685, 47.2484062], [8.1543967, 47.2489282], [8.1557377, 47.2492375], [8.1561906, 47.2492942], [8.1563493, 47.2493658], [8.1568438, 47.2491128], [8.1570254, 47.2489122], [8.1573485, 47.2486866], [8.1575231, 47.2486997], [8.1579927, 47.2487801], [8.1580801, 47.2492506], [8.1583294, 47.2497355], [8.158721, 47.2496903], [8.1594192, 47.2498124], [8.1594515, 47.2489928], [8.1598612, 47.2489585], [8.1602605, 47.2488301], [8.1604311, 47.2495266], [8.1605434, 47.2496581], [8.1609562, 47.2499255], [8.161731, 47.2498568], [8.1626256, 47.2500471], [8.1628649, 47.250004], [8.1639397, 47.250089], [8.1644409, 47.2500755], [8.165042, 47.2501964], [8.1651476, 47.2501815], [8.1656563, 47.2506294], [8.1660105, 47.2508686], [8.1664849, 47.2505335], [8.167287, 47.2509847], [8.1677511, 47.2511214], [8.1686993, 47.2513164], [8.169215, 47.2514798], [8.1693989, 47.2513454], [8.1718857, 47.252782], [8.172315, 47.2526954], [8.1729412, 47.25266], [8.1738584, 47.2531286], [8.1747272, 47.2534686], [8.1749008, 47.2535365], [8.1749768, 47.253515], [8.1755539, 47.2522683], [8.1760346, 47.2524488], [8.1765799, 47.2517786], [8.1768077, 47.2519041], [8.1768361, 47.2518731], [8.1777002, 47.2522049], [8.1777621, 47.2521919], [8.1780605, 47.2518158], [8.1793311, 47.2508418], [8.1797049, 47.2504389], [8.1798836, 47.2500351], [8.179987, 47.2497344], [8.1800818, 47.2493137], [8.1804337, 47.2485509], [8.1804356, 47.2484249], [8.1804553, 47.2482391], [8.1805693, 47.2480627], [8.1807465, 47.247395], [8.1802477, 47.246913], [8.1803025, 47.246188], [8.1802217, 47.2456632], [8.1801477, 47.2455602], [8.1797273, 47.2453366], [8.1792782, 47.2450161], [8.1780912, 47.244861], [8.1775518, 47.2443981], [8.1773242, 47.2439463], [8.1772153, 47.2432737], [8.1771191, 47.2430759], [8.1768991, 47.2428045], [8.1762408, 47.2424201], [8.1760271, 47.242172], [8.1760475, 47.2417936], [8.1762793, 47.2410354], [8.1762644, 47.2407708], [8.1761955, 47.2406471], [8.1759373, 47.2404328], [8.175131, 47.2401144], [8.1746616, 47.2401156], [8.1739581, 47.2402168], [8.1730494, 47.240167], [8.1729861, 47.2401319], [8.1729155, 47.2401592], [8.1718201, 47.2401289], [8.1711111, 47.2401778], [8.1697742, 47.2419496], [8.1691434, 47.2416343], [8.1679378, 47.2408794], [8.1675469, 47.2408108], [8.1653494, 47.2407998], [8.1627957, 47.2406294], [8.1616465, 47.2406211], [8.1598288, 47.2402896], [8.1582935, 47.2400794], [8.1559655, 47.2394258], [8.1559416, 47.2394192], [8.1559397, 47.2393302], [8.1560038, 47.2391886], [8.1560632, 47.238247], [8.1560052, 47.2378967], [8.1559338, 47.2378096], [8.1579578, 47.2378626], [8.1582595, 47.237818], [8.1592965, 47.2377983], [8.1598297, 47.2372392], [8.1605455, 47.2370247], [8.1608006, 47.2367607], [8.1610331, 47.2363849], [8.1618626, 47.2361538], [8.1621109, 47.2358036], [8.1620913, 47.2353845], [8.1611365, 47.2350095], [8.1608273, 47.2347103], [8.1605435, 47.2345397], [8.1600113, 47.234439], [8.1599585, 47.2336862], [8.1597, 47.2331397], [8.1599134, 47.2327733], [8.1607566, 47.2317576], [8.1610591, 47.2317528], [8.1612761, 47.2317494], [8.161377, 47.2316787], [8.1618759, 47.2317564], [8.1619383, 47.2313584], [8.1625818, 47.2308335], [8.1629769, 47.2308434], [8.1627282, 47.2306407], [8.162697, 47.2305519], [8.1630755, 47.2302627], [8.1633983, 47.2299335], [8.1636401, 47.2297854], [8.1639107, 47.2297495], [8.1643603, 47.2298394], [8.1645615, 47.2297573], [8.1649807, 47.2291813], [8.1653798, 47.2288931], [8.1655634, 47.2284415], [8.167471, 47.2290878], [8.1679949, 47.2283442], [8.1680098, 47.2282476], [8.1688626, 47.2279106], [8.170077, 47.2276737], [8.1707336, 47.2278622], [8.1715444, 47.2279989], [8.1720564, 47.2281566], [8.1719904, 47.2280149], [8.1719579, 47.2279632], [8.1722464, 47.2276953], [8.1723587, 47.22748], [8.1726097, 47.2275394], [8.1728807, 47.2274949], [8.1731001, 47.2276362], [8.1733565, 47.2275639], [8.1741047, 47.2274952], [8.1741201, 47.2273866], [8.1738743, 47.2271278], [8.1737223, 47.226697], [8.1731384, 47.2263381], [8.1729881, 47.2261918], [8.1728475, 47.2258911], [8.1728637, 47.2254845], [8.1727742, 47.2250413], [8.1740638, 47.2247783], [8.1743136, 47.2246712], [8.1753071, 47.2233588], [8.1759828, 47.2219037], [8.1763166, 47.2219749], [8.1773573, 47.2220734], [8.1782028, 47.2220491], [8.1790503, 47.2220815], [8.1794958, 47.2221926], [8.1795643, 47.2223777], [8.1804473, 47.2227546], [8.1846946, 47.2223738], [8.1854254, 47.2224651], [8.1861579, 47.2226508], [8.1871684, 47.2232433], [8.1881018, 47.2233291], [8.1883055, 47.2237385], [8.1891047, 47.2240113], [8.1893836, 47.2241731], [8.1896329, 47.2244047], [8.1900142, 47.2244428], [8.1902504, 47.2243953], [8.19096, 47.2245443], [8.1923727, 47.2247245], [8.1931936, 47.2249222], [8.1930369, 47.2255709], [8.1931097, 47.2255737], [8.1930228, 47.2258065], [8.1930973, 47.2260394], [8.1933984, 47.2260773], [8.1940077, 47.226306], [8.1962302, 47.2263476], [8.1975957, 47.2262856], [8.1976884, 47.2262213], [8.1981945, 47.2266077], [8.1983538, 47.226588], [8.1982658, 47.2261988], [8.1984137, 47.2261565], [8.1990175, 47.2261522], [8.1994093, 47.2260809], [8.1999655, 47.2260912], [8.2003119, 47.2259252], [8.2016027, 47.2259011], [8.2018767, 47.2259395], [8.2022378, 47.2260674], [8.2033595, 47.2260587], [8.2048298, 47.2258281], [8.2050436, 47.2259905], [8.2048541, 47.2264674], [8.2044245, 47.227222], [8.2040918, 47.2272441], [8.2042119, 47.2284305], [8.2040001, 47.2284493], [8.2041938, 47.2299027], [8.2027348, 47.2300188], [8.2033045, 47.2314416], [8.2027668, 47.2315723], [8.2030691, 47.2322959], [8.2034132, 47.2325561], [8.203378, 47.2335029], [8.2032454, 47.2336868], [8.2031814, 47.2339232], [8.203263, 47.2339379], [8.2036476, 47.2342663], [8.2035414, 47.2352143], [8.2035711, 47.2361932], [8.2037436, 47.2361779], [8.2039106, 47.2362262], [8.2039398, 47.2362347], [8.2047218, 47.2363203], [8.2051176, 47.2363637], [8.2047832, 47.2375243], [8.204802, 47.2380208], [8.205754, 47.2382604], [8.2053486, 47.2396386], [8.2052683, 47.2397279], [8.2057068, 47.241401], [8.2055147, 47.2415824], [8.2054972, 47.2416171], [8.2053092, 47.24199], [8.2046346, 47.2424748], [8.2044861, 47.2426419], [8.204573, 47.2427646], [8.2057562, 47.2444356], [8.2065452, 47.2451692], [8.2078584, 47.2462412], [8.2077374, 47.2467793], [8.2077856, 47.2472167], [8.2077411, 47.2473366], [8.2077978, 47.2473479], [8.2081543, 47.2475726], [8.2125331, 47.2498014], [8.2178357, 47.2518034], [8.2197523, 47.2521612], [8.222489, 47.2587494], [8.2233049, 47.2607132], [8.2254678, 47.2659444], [8.2283255, 47.2728234], [8.2283574, 47.2729001], [8.2285716, 47.2734159], [8.2295446, 47.2734744], [8.230958, 47.2739339], [8.2316372, 47.2740062], [8.231773, 47.273935], [8.2320598, 47.2739368], [8.2322167, 47.2738564], [8.2331019, 47.273887], [8.2332666, 47.2737497], [8.2331979, 47.2735414], [8.2332438, 47.273461], [8.2333738, 47.2733793], [8.2341031, 47.2731973], [8.2342475, 47.2730208], [8.2345483, 47.2728534], [8.2346688, 47.2728336], [8.2354875, 47.2728973], [8.2357271, 47.2727059], [8.2358406, 47.2726902], [8.2360676, 47.2728599], [8.2365341, 47.272638], [8.2365982, 47.2726075], [8.2369611, 47.2726275], [8.2373413, 47.2725619], [8.237584, 47.2726122], [8.2376214, 47.2726592], [8.2377404, 47.2726572], [8.2380418, 47.272507], [8.2383746, 47.2725934], [8.2384153, 47.2725084], [8.2389878, 47.2725772], [8.2391764, 47.2724914], [8.2395204, 47.2725651], [8.2396847, 47.2725271], [8.2398396, 47.2725707], [8.2400676, 47.2725302], [8.2402467, 47.2725557], [8.2403876, 47.2724481], [8.2404644, 47.2725026], [8.2407134, 47.2724905], [8.2407208, 47.2724001], [8.2408946, 47.2723564], [8.2409284, 47.2723993], [8.2412721, 47.272405], [8.2416502, 47.2723727], [8.2417308, 47.2723191], [8.2424133, 47.2723076], [8.2423923, 47.2723399], [8.2419703, 47.2729625], [8.2413549, 47.2741806], [8.2411651, 47.2744467], [8.2409897, 47.2760083], [8.2422824, 47.2762349], [8.2426397, 47.2762568], [8.2425358, 47.2771821], [8.2425894, 47.2775177], [8.2422241, 47.2787211], [8.2430173, 47.2788229], [8.2433756, 47.279599], [8.2435942, 47.2795292], [8.2439998, 47.2794913], [8.2450895, 47.2797223], [8.2446221, 47.2807593], [8.2469066, 47.2811521], [8.247417, 47.2812398], [8.2486543, 47.2811981], [8.2489217, 47.2824685], [8.2491554, 47.2825152], [8.2496061, 47.2824762], [8.2498223, 47.2828383], [8.2493649, 47.2835457], [8.2494196, 47.2835639], [8.2491146, 47.2839814], [8.2489382, 47.2844396], [8.2497996, 47.2847488], [8.2497156, 47.284896], [8.2509033, 47.2851325], [8.2507168, 47.286087], [8.2526008, 47.2865282], [8.2528645, 47.2862526], [8.2531167, 47.286117], [8.2533122, 47.2861913], [8.2548359, 47.2861818], [8.2552165, 47.286268], [8.2552175, 47.2866319], [8.2554468, 47.286732], [8.2557689, 47.286765], [8.2564551, 47.2867109], [8.2566831, 47.2867328], [8.2574459, 47.2869771], [8.2579109, 47.2869767], [8.2587085, 47.2871939], [8.2592199, 47.2869547], [8.2594748, 47.2868885], [8.2603764, 47.2853893], [8.2604969, 47.2850252], [8.2602263, 47.284953], [8.2605297, 47.2842398], [8.2609841, 47.2843506], [8.2617324, 47.2825413], [8.2619907, 47.2825192], [8.2625844, 47.2830793], [8.2627886, 47.2823294], [8.2653073, 47.2825447], [8.2652593, 47.282687], [8.2653439, 47.2827671], [8.2659649, 47.2828403], [8.2673158, 47.2828919], [8.2706757, 47.2834771], [8.2715627, 47.2808964], [8.2714428, 47.2808298], [8.2725206, 47.2806635], [8.273488, 47.2806423], [8.2740355, 47.2807313], [8.2743904, 47.2808342], [8.2750085, 47.2811022], [8.2755111, 47.2812091], [8.2758087, 47.2813271], [8.2759198, 47.2814767], [8.2778405, 47.2819988], [8.2786331, 47.2821229], [8.2795173, 47.2809789], [8.2799363, 47.2811], [8.2800249, 47.2809679], [8.281313, 47.2810119], [8.2814554, 47.2805888], [8.2845989, 47.2799889], [8.2847299, 47.2800922], [8.2853689, 47.2799933], [8.2869104, 47.2792853], [8.2879102, 47.2786766], [8.289662, 47.2774613], [8.2904972, 47.2764223], [8.2919283, 47.2750391], [8.2934579, 47.2742252], [8.29479, 47.2729782], [8.2953472, 47.2726406], [8.2958911, 47.2723882], [8.2962582, 47.2723083], [8.2966317, 47.2723617], [8.2973613, 47.2722178], [8.2977214, 47.2720078], [8.2978844, 47.2720455], [8.297935, 47.2720108], [8.2979762, 47.272003], [8.3002619, 47.2714828], [8.3001853, 47.2714324], [8.3001399, 47.2713499], [8.3000879, 47.271275], [8.3000285, 47.2712326], [8.3000138, 47.2711874], [8.2999383, 47.2711539], [8.2999068, 47.2710973], [8.299855, 47.2710538], [8.2997493, 47.2710049], [8.2996956, 47.270771], [8.2996172, 47.2706962], [8.2994745, 47.2706445], [8.2993255, 47.2704961], [8.2993603, 47.270454], [8.2993473, 47.2703819], [8.2992549, 47.2702099], [8.2992335, 47.2701197], [8.29921, 47.2700662], [8.2990531, 47.2699557], [8.2989328, 47.2698361], [8.2987461, 47.2696588], [8.2987655, 47.269587], [8.298704, 47.2695713], [8.2986222, 47.2695232], [8.2984876, 47.2695408], [8.2983151, 47.2695198], [8.2981485, 47.2694656], [8.2981266, 47.2693936], [8.2979442, 47.2692774], [8.2978274, 47.2691809], [8.2976615, 47.2691835], [8.2975913, 47.2691642], [8.2975327, 47.2690549], [8.2974686, 47.2690193], [8.2972816, 47.2690306], [8.2972139, 47.2689832], [8.2970883, 47.2689914], [8.2970465, 47.2688414], [8.2969363, 47.2687502], [8.2968832, 47.2686684], [8.2968398, 47.2685793], [8.2968374, 47.268558], [8.2967156, 47.268445], [8.2965739, 47.2684517], [8.2965127, 47.2684337], [8.2963861, 47.2684075], [8.2963476, 47.268376], [8.2964039, 47.2682906], [8.2964858, 47.2681904], [8.2964575, 47.2681696], [8.2964444, 47.2681291], [8.2962833, 47.2680746], [8.2963087, 47.267982], [8.2962756, 47.2678033], [8.2963144, 47.2677552], [8.2962787, 47.267686], [8.2962174, 47.2676556], [8.2961202, 47.2675461], [8.2960626, 47.267496], [8.295953, 47.2674219], [8.2959876, 47.2673702], [8.2959119, 47.2673054], [8.2958717, 47.2672463], [8.2957206, 47.2672074], [8.2956696, 47.2671228], [8.2956036, 47.2670795], [8.2955908, 47.2669881], [8.2954949, 47.2669135], [8.2954427, 47.2668073], [8.2955342, 47.2667653], [8.2954624, 47.266729], [8.2953262, 47.2666282], [8.2953498, 47.2665517], [8.2952149, 47.2664771], [8.2951871, 47.266421], [8.2950814, 47.2664188], [8.2950051, 47.2663731], [8.2950315, 47.2662884], [8.2949971, 47.2662574], [8.2948127, 47.2661395], [8.2947334, 47.2660592], [8.2946383, 47.266003], [8.2946394, 47.265907], [8.2945765, 47.2658289], [8.2945389, 47.2657416], [8.294535, 47.2656646], [8.2944456, 47.2655724], [8.2944444, 47.265389], [8.294541, 47.2652897], [8.294563, 47.2652549], [8.2945051, 47.2651549], [8.2944772, 47.2650713], [8.2945199, 47.2649483], [8.294511, 47.26476], [8.2945934, 47.2645422], [8.2946783, 47.2643187], [8.2947241, 47.2643036], [8.2947219, 47.264257], [8.2947693, 47.2641736], [8.2948089, 47.2640372], [8.2947721, 47.2639931], [8.2947929, 47.2639562], [8.2948004, 47.2638839], [8.2949928, 47.2637777], [8.2950376, 47.2637771], [8.295279, 47.2636375], [8.2953159, 47.2635664], [8.2953413, 47.2634762], [8.2953507, 47.2632517], [8.2953643, 47.2632317], [8.2953667, 47.2631638], [8.2954125, 47.2629867], [8.2955493, 47.2627123], [8.2956119, 47.2624085], [8.2956658, 47.2619501], [8.295776, 47.2615486], [8.2957614, 47.2612601], [8.2959092, 47.2610917], [8.2958668, 47.2609346], [8.2960026, 47.2608137], [8.2960028, 47.2605716], [8.296123, 47.2604206], [8.2960645, 47.2600516], [8.2960956, 47.2599176], [8.2960052, 47.2597073], [8.2960306, 47.2594133], [8.2961465, 47.2592522], [8.2964555, 47.2589877], [8.2965037, 47.2585932], [8.2966707, 47.258318], [8.2968743, 47.2580403], [8.2971083, 47.2577898], [8.2971856, 47.2574677], [8.297479, 47.2573291], [8.2976782, 47.2570853], [8.2981412, 47.2568339], [8.2984265, 47.2565652], [8.2982765, 47.2563503], [8.298526, 47.2561331], [8.2990539, 47.255481], [8.2994479, 47.2549953], [8.2996064, 47.2547178], [8.299763, 47.2542635], [8.2998701, 47.2540389], [8.2999095, 47.2539366], [8.3000335, 47.2537895], [8.300407, 47.2534628], [8.3006176, 47.2531353], [8.3007695, 47.2527481], [8.3011512, 47.2522635], [8.3017043, 47.2525462], [8.3027153, 47.2520372], [8.30287, 47.2519281], [8.3032083, 47.2516722], [8.3032725, 47.251637], [8.3042246, 47.2520993], [8.3048616, 47.252393], [8.3057473, 47.2515924], [8.3066086, 47.2507844], [8.3066609, 47.2507531], [8.307168, 47.2502789], [8.3076549, 47.2497506], [8.30816, 47.249287], [8.3083259, 47.2490944], [8.3084993, 47.2488616], [8.3089258, 47.2483596], [8.3093726, 47.2478445], [8.3095348, 47.2476494], [8.3097602, 47.2473652], [8.3100585, 47.2470341], [8.3102424, 47.2466677], [8.3103252, 47.2465137], [8.3105315, 47.2463442], [8.3109941, 47.2460562], [8.3114287, 47.2457225], [8.3116789, 47.2455038], [8.3117255, 47.245456], [8.3118819, 47.2450456], [8.3119836, 47.2447331], [8.31214, 47.2443087], [8.3123498, 47.2438774], [8.3125602, 47.2434894], [8.312934, 47.2428687], [8.3130554, 47.2425349], [8.3132704, 47.2421178], [8.3138557, 47.2410316], [8.3144034, 47.2404306], [8.3147056, 47.2400641], [8.3148347, 47.2397299], [8.3147352, 47.2396988], [8.3147665, 47.2394814], [8.3148258, 47.2392055], [8.314767, 47.2390526], [8.3147014, 47.2389005], [8.3146338, 47.2386098], [8.3146556, 47.2384885], [8.3146581, 47.2383857], [8.31462, 47.2381661], [8.3144034, 47.237969], [8.3143127, 47.2378636], [8.3141608, 47.2376294], [8.3140322, 47.2374712], [8.3139599, 47.2372676], [8.3139462, 47.2370734], [8.3139265, 47.2366108], [8.3139355, 47.2363387], [8.3140566, 47.2357718], [8.3141356, 47.2355065], [8.3141621, 47.2353692], [8.3141724, 47.2350754], [8.3152806, 47.2329572], [8.3154128, 47.2307069], [8.3153541, 47.2306946], [8.3157558, 47.2293453], [8.3162238, 47.2289765], [8.3165624, 47.2284148], [8.3167769, 47.2275919], [8.3169504, 47.2269808], [8.3169988, 47.2268994], [8.3171986, 47.2267392], [8.3170961, 47.2264445], [8.3171172, 47.226116], [8.3170862, 47.2256586], [8.3170008, 47.2249767], [8.3173937, 47.2247464], [8.3179595, 47.2245907], [8.3180339, 47.2241908], [8.3181117, 47.2238471], [8.3180821, 47.223549], [8.3184486, 47.22346], [8.3184915, 47.2234178], [8.3193683, 47.2225544], [8.3199366, 47.2222814], [8.3202745, 47.2222309], [8.3204452, 47.2220232], [8.3207277, 47.2218331], [8.3209275, 47.2211301], [8.320715, 47.2211258], [8.320382, 47.2208135], [8.3202569, 47.2205979], [8.3202332, 47.2203443], [8.3203582, 47.220137], [8.3200969, 47.2198927], [8.3200324, 47.2196775], [8.3200485, 47.2194393], [8.3201569, 47.2191382], [8.3201649, 47.2189039], [8.3201479, 47.2186222], [8.3198977, 47.2182274], [8.3199145, 47.2179986], [8.3197095, 47.2177444], [8.319449, 47.2175643], [8.3189104, 47.21725], [8.3188276, 47.2171571], [8.3187518, 47.2170435], [8.318974, 47.2167053], [8.3192314, 47.2163749], [8.3193388, 47.2161116], [8.3194623, 47.2156185], [8.3203952, 47.2154998], [8.3252037, 47.2147123], [8.325621, 47.2134737], [8.3260419, 47.2121838], [8.3264292, 47.2110352], [8.3265358, 47.2110072], [8.3266132, 47.2109538], [8.3266893, 47.2108551], [8.3267211, 47.2108316], [8.3267729, 47.2108232], [8.3268669, 47.2108175], [8.3269318, 47.210782], [8.3269773, 47.2107789], [8.3270274, 47.2108001], [8.3270718, 47.2107997], [8.3271262, 47.2107849], [8.3271892, 47.2107612], [8.3272239, 47.2107588], [8.3273094, 47.2107909], [8.3273316, 47.2107902], [8.3274288, 47.2104819], [8.3274435, 47.2102376], [8.3272081, 47.2097472], [8.3271871, 47.209453], [8.3273233, 47.2091817], [8.3273901, 47.2088808], [8.3274716, 47.2084663], [8.3280371, 47.2084297], [8.3282057, 47.2082785], [8.3284665, 47.2081626], [8.3287087, 47.2081331], [8.3288018, 47.20788], [8.3287565, 47.2075664], [8.3286917, 47.2072729], [8.3282959, 47.2066495], [8.3282282, 47.2064535], [8.3282653, 47.2062213], [8.3280229, 47.2062199], [8.328082, 47.2055963], [8.328225, 47.205338], [8.3285224, 47.2044051], [8.329526, 47.2035235], [8.3300903, 47.2023465], [8.3300889, 47.2023409], [8.330178, 47.2016398], [8.3301801, 47.2014818], [8.3301793, 47.2013326], [8.3301511, 47.2010482], [8.330152, 47.2006397], [8.3300995, 47.2003356], [8.3299942, 47.1994825], [8.3299085, 47.1989817], [8.3298582, 47.1985247], [8.3301114, 47.1980348], [8.3302786, 47.1976862], [8.3304473, 47.1973535], [8.3306138, 47.1971149], [8.3306628, 47.1969699], [8.3308617, 47.1965749], [8.3311208, 47.1962505], [8.3313758, 47.1959773], [8.3315851, 47.1957149], [8.3319507, 47.1952928], [8.3320865, 47.1950996], [8.3321901, 47.1948661], [8.3324433, 47.1944989], [8.3329526, 47.1938882], [8.3331569, 47.1936269], [8.333831, 47.1924034], [8.3344067, 47.1920954], [8.3350677, 47.1916438], [8.3354926, 47.1912651], [8.3358475, 47.1910152], [8.3363955, 47.1905294], [8.3366558, 47.1902293], [8.337125, 47.189784], [8.3376591, 47.1892407], [8.3382111, 47.1885836], [8.3380464, 47.1883152], [8.3379749, 47.1881017], [8.3382214, 47.1878614], [8.3380733, 47.1875744], [8.3382857, 47.1872073], [8.33812, 47.1862795], [8.3381933, 47.1862125], [8.3385795, 47.1860658], [8.3390792, 47.1862208], [8.3395934, 47.1863314], [8.3396919, 47.1861392], [8.3397127, 47.1859662], [8.3396575, 47.1856622], [8.3395631, 47.1850517], [8.3398359, 47.1848721], [8.3395577, 47.1845478], [8.3392718, 47.1842518], [8.3384567, 47.1845717], [8.3379844, 47.1840301], [8.3384927, 47.183596], [8.3382818, 47.1831624], [8.3387198, 47.182463], [8.3387887, 47.1820708], [8.3385716, 47.1818481], [8.3389621, 47.1816975], [8.3387827, 47.1814683], [8.3384728, 47.1810542], [8.3384278, 47.1808337], [8.3386273, 47.1805878], [8.3388579, 47.1801818], [8.3388062, 47.1798095], [8.33869, 47.179281], [8.3387062, 47.1786399], [8.3386725, 47.1782677], [8.3388598, 47.1779399], [8.3389852, 47.1774762], [8.33926, 47.1771133], [8.3394318, 47.1767311], [8.3394725, 47.1765399], [8.3395544, 47.1763794], [8.33984, 47.1761128], [8.3403066, 47.1757802], [8.3404319, 47.1756711], [8.3405275, 47.1755339], [8.3406334, 47.1754691], [8.3412907, 47.1751361], [8.3413187, 47.1748062], [8.3412439, 47.1745576], [8.3412326, 47.1741408], [8.3409495, 47.1737653], [8.3417123, 47.1736475], [8.3424463, 47.1735825], [8.3427695, 47.1735121], [8.3430956, 47.1733959], [8.343551, 47.1732192], [8.3437806, 47.1731148], [8.344078, 47.1730165], [8.3441059, 47.172826], [8.3441584, 47.172621], [8.3441797, 47.1723518], [8.3441914, 47.172088], [8.3443282, 47.1715349], [8.3445157, 47.1714585], [8.3446955, 47.1712551], [8.3448913, 47.1710094], [8.3453639, 47.1705571], [8.345541, 47.1704205], [8.3456754, 47.1703015], [8.3458878, 47.1701339], [8.3463999, 47.1699807], [8.346458, 47.1699733], [8.3462858, 47.1694102], [8.3460468, 47.1689711], [8.3463999, 47.1688093], [8.3468866, 47.1686258], [8.3471176, 47.1685084], [8.347353, 47.1683999], [8.346506, 47.1676592], [8.3465513, 47.1676621], [8.3466214, 47.1676708], [8.346662, 47.167679], [8.3468809, 47.1676518], [8.3469237, 47.167649], [8.3469946, 47.1676219], [8.3471426, 47.1676312], [8.3473499, 47.1675856], [8.3474077, 47.1675601], [8.3474465, 47.1675479], [8.3475242, 47.1675199], [8.3475251, 47.1675345], [8.3480329, 47.1670534], [8.3491227, 47.1660084], [8.3484029, 47.165557], [8.348468, 47.1655085], [8.3478256, 47.1651385], [8.3480527, 47.164929], [8.3476161, 47.1645476], [8.3481874, 47.1643467], [8.349347, 47.1640565], [8.3494603, 47.1641609], [8.350179, 47.1636972], [8.3504403, 47.1635615], [8.3507107, 47.1634443], [8.3516074, 47.1628844], [8.3519253, 47.162597], [8.3526432, 47.1618596], [8.3533951, 47.1610776], [8.3535419, 47.1609627], [8.3536308, 47.1608024], [8.3537351, 47.160679], [8.354118, 47.1603998], [8.3542013, 47.1602071], [8.3544289, 47.1599625], [8.3545591, 47.1598403], [8.3546897, 47.1596697], [8.3547816, 47.1594808], [8.35479, 47.1593042], [8.3550039, 47.1589724], [8.3549966, 47.1589704], [8.3550883, 47.1587816], [8.3551701, 47.1586408], [8.3553784, 47.1585081], [8.3557414, 47.1582944], [8.3560977, 47.1580962], [8.3562885, 47.1579922], [8.356596, 47.1578311], [8.3567944, 47.1577309], [8.3568912, 47.1576697], [8.3570592, 47.1575301], [8.3572492, 47.1574114], [8.3575148, 47.1572424], [8.3576543, 47.157128], [8.358117, 47.1567903], [8.3583654, 47.1566164], [8.3580982, 47.1559196], [8.3581042, 47.1558324], [8.3581355, 47.1553753], [8.3581776, 47.1547617], [8.358364, 47.1532859], [8.3590838, 47.1533061], [8.3598436, 47.1533276], [8.3599692, 47.1531912], [8.3602361, 47.1529739], [8.3605599, 47.1527598], [8.3609154, 47.1525238], [8.360647, 47.1522643], [8.3607198, 47.1522301], [8.3608393, 47.1518018], [8.3611436, 47.1507151], [8.3611792, 47.1505202], [8.3611904, 47.150459], [8.3612695, 47.1500269], [8.3613885, 47.1493765], [8.3614935, 47.1488024], [8.3616882, 47.1481014], [8.3617989, 47.1477028], [8.3618936, 47.1473617], [8.3620983, 47.1466246], [8.3621682, 47.1461112], [8.3621789, 47.1460979], [8.3622641, 47.1460542], [8.3623439, 47.14602], [8.3625667, 47.1459646], [8.3625992, 47.1459757], [8.3627015, 47.1459311], [8.3627569, 47.1458983], [8.3629075, 47.1459047], [8.3629917, 47.1458889], [8.3630293, 47.1458608], [8.3630821, 47.1458447], [8.363154, 47.1458172], [8.3632383, 47.1458188], [8.3634559, 47.1458191], [8.3635178, 47.1458774], [8.3635926, 47.1459327], [8.3636236, 47.1459491], [8.3636272, 47.1459511], [8.3636443, 47.1459518], [8.3636839, 47.1459532], [8.3637116, 47.1459538], [8.3638546, 47.1459569], [8.364032, 47.1459459], [8.3640426, 47.1458752], [8.3641568, 47.1458469], [8.3643798, 47.1457308], [8.3645506, 47.145599], [8.3648141, 47.1454611], [8.3651218, 47.145337], [8.3652946, 47.1452032], [8.3653862, 47.145155], [8.3655959, 47.1450958], [8.3659199, 47.1449622], [8.3661149, 47.1448849], [8.3662566, 47.1448495], [8.3663559, 47.1448066], [8.3664988, 47.1448583], [8.3666471, 47.1448969], [8.3667897, 47.1449659], [8.3668012, 47.1449714], [8.3670587, 47.1450479], [8.3672283, 47.1450565], [8.3673353, 47.1450722], [8.3674594, 47.1450483], [8.3676704, 47.1449712], [8.3678367, 47.1449152], [8.3680178, 47.1448357], [8.3681826, 47.1447132], [8.3683275, 47.1446684], [8.3683882, 47.1442839], [8.3690946, 47.1441371], [8.3700977, 47.1439285], [8.3702758, 47.1438914], [8.372111, 47.143509], [8.3732632, 47.1432691], [8.3734302, 47.1432344], [8.3735376, 47.1432015], [8.373975, 47.1430674], [8.3742735, 47.1430508], [8.3748303, 47.1430493], [8.3748534, 47.142959], [8.3749068, 47.1426056], [8.3753037, 47.1419982], [8.3754689, 47.1415676], [8.3759397, 47.1410181], [8.3760816, 47.1392545], [8.3773069, 47.1394452], [8.3778573, 47.1396861], [8.3783369, 47.1396972], [8.3786897, 47.1396114], [8.3787785, 47.1394496], [8.3789534, 47.1393053], [8.3790741, 47.1393121], [8.3794876, 47.1394789], [8.3797202, 47.1394477], [8.3801388, 47.1392346], [8.3806173, 47.1393461], [8.3807386, 47.1394483], [8.3810979, 47.1395464], [8.3813273, 47.1395553], [8.3816238, 47.1396659], [8.3817795, 47.1398232], [8.3819268, 47.1398313], [8.3820162, 47.1399405], [8.3822014, 47.1400021], [8.3827365, 47.1400335], [8.383032, 47.1399191], [8.3834742, 47.1399106], [8.3840341, 47.1397715], [8.3841941, 47.1398322], [8.3846553, 47.1397946], [8.385299, 47.1399199], [8.3854059, 47.1398884], [8.3856048, 47.1399899], [8.3860238, 47.1399994], [8.386438, 47.1399189], [8.3870194, 47.1396873], [8.3875436, 47.1396544], [8.3883372, 47.1394603], [8.3886416, 47.139482], [8.389087, 47.1393436], [8.3893281, 47.1393392], [8.3895542, 47.1394214], [8.3895866, 47.1395101], [8.3899662, 47.1397673], [8.3934199, 47.1385054], [8.3934006, 47.138465], [8.3959939, 47.138992], [8.3960239, 47.138669], [8.3963545, 47.138789], [8.3975875, 47.1378595], [8.3981734, 47.138031], [8.4041957, 47.1382291], [8.4052906, 47.1374801], [8.406418, 47.1378577], [8.4080405, 47.1382776], [8.4088779, 47.1385827], [8.4108282, 47.1395567], [8.411443, 47.1399464], [8.411982, 47.14037], [8.4122057, 47.1405668], [8.4122277, 47.140587], [8.4132452, 47.1416714], [8.4140445, 47.1428521], [8.4145923, 47.1440798], [8.4148735, 47.1453089], [8.4148873, 47.1466569], [8.4147749, 47.1473111], [8.4145826, 47.1479569], [8.414154, 47.1489195], [8.4122764, 47.1522649], [8.4120536, 47.1528791], [8.4119577, 47.1534896], [8.4120214, 47.154273], [8.4123314, 47.1549816], [8.4126351, 47.1553789], [8.4142097, 47.1570575], [8.4144187, 47.1572802], [8.4144626, 47.157328], [8.4145196, 47.1573901], [8.4149986, 47.1581233], [8.4152185, 47.1588465], [8.4153804, 47.163217], [8.4153042, 47.1641298], [8.4149686, 47.1655013], [8.4118783, 47.1732645], [8.4114471, 47.1738843], [8.4108748, 47.1744424], [8.4100474, 47.1749991], [8.4093135, 47.1753412], [8.4086606, 47.1755587], [8.4077644, 47.1757556], [8.4031754, 47.1764276], [8.4027332, 47.1765716], [8.4024375, 47.1767612], [8.4021701, 47.1771473], [8.4015364, 47.1791082], [8.4004338, 47.1827156], [8.4002735, 47.1835807], [8.4002339, 47.1840164], [8.4002151, 47.1845155], [8.4002269, 47.1849903], [8.4002649, 47.1854146], [8.4003371, 47.1858728], [8.4004302, 47.1863128], [8.4005381, 47.1867706], [8.4008828, 47.1881082], [8.4010241, 47.1885568], [8.4012057, 47.1890051], [8.4014358, 47.1894718], [8.4016758, 47.1899007], [8.4019365, 47.1902736], [8.4023549, 47.1907945], [8.4025974, 47.1910663], [8.4032103, 47.1916869], [8.4040606, 47.1925794], [8.4043739, 47.1929025], [8.404629, 47.1932179], [8.4047999, 47.1934728], [8.4049566, 47.1937499], [8.4052126, 47.1943689], [8.4053113, 47.194821], [8.4053392, 47.1952674], [8.4053026, 47.1957265], [8.4052024, 47.1961681], [8.4050246, 47.1966293], [8.4047832, 47.1970712], [8.4030783, 47.1997842], [8.402519, 47.2006884], [8.4023147, 47.2011011], [8.402156, 47.201591], [8.4020858, 47.2019019], [8.401832, 47.2042924], [8.4017709, 47.2047473], [8.4016727, 47.2051934], [8.401524, 47.205661], [8.4013426, 47.2060957], [8.400731, 47.2075041], [8.4005964, 47.207901], [8.4004964, 47.2083287], [8.4004403, 47.2088019], [8.4004218, 47.2092756], [8.400456, 47.2097014], [8.400841, 47.2123968], [8.4009642, 47.2132953], [8.4010261, 47.2138345], [8.4010207, 47.2141943], [8.4009699, 47.2145987], [8.4008283, 47.2150954], [8.4005762, 47.2156081], [8.4003206, 47.2159992], [8.400056, 47.2163397], [8.3997723, 47.2166416], [8.3994833, 47.2169058], [8.399109, 47.2171995], [8.3984704, 47.2176586], [8.397811, 47.2181422], [8.3974496, 47.2184191], [8.3971692, 47.2187183], [8.3968328, 47.2191659], [8.3966021, 47.2196284], [8.3964966, 47.2199645], [8.3962964, 47.2205315], [8.3949593, 47.2250404], [8.3948352, 47.2257359], [8.3948683, 47.2262209], [8.3950537, 47.2268388], [8.3961936, 47.2291996], [8.3967058, 47.2299923], [8.3972705, 47.2306826], [8.3979379, 47.2313499], [8.3987192, 47.2320004], [8.4000559, 47.2328869], [8.4046329, 47.2357542], [8.4054883, 47.2363724], [8.4058241, 47.236716], [8.4062442, 47.2373853], [8.4064217, 47.2379015], [8.406485, 47.2399581], [8.4067033, 47.2407758], [8.4072121, 47.2415578], [8.4081391, 47.2424613], [8.4095244, 47.2438277], [8.410156, 47.2444543], [8.4102764, 47.2445876], [8.4103876, 47.2447248], [8.4104894, 47.2448653], [8.4105815, 47.2450088], [8.4106492, 47.2451279], [8.4107103, 47.2452487], [8.4107647, 47.2453709], [8.4108122, 47.2454944], [8.4108506, 47.2456156], [8.4108838, 47.2457374], [8.4109119, 47.2458598], [8.4109347, 47.2459827], [8.4109485, 47.2460753], [8.4109592, 47.2461681], [8.410967, 47.2462609], [8.4109719, 47.2463539], [8.4109707, 47.2464574], [8.4109652, 47.2465608], [8.4109554, 47.246664], [8.4109411, 47.2467671], [8.4109228, 47.246868], [8.4109003, 47.2469686], [8.4108736, 47.2470687], [8.4108427, 47.2471682], [8.4107468, 47.2474155], [8.410688, 47.2475434], [8.4106218, 47.2476696], [8.4105484, 47.2477939], [8.4104679, 47.2479162], [8.4103818, 47.2480345], [8.410289, 47.2481504], [8.4101896, 47.2482639], [8.4100839, 47.2483746], [8.4086317, 47.2498447], [8.4085473, 47.2499285], [8.4084615, 47.2500117], [8.4083744, 47.2500942], [8.4082858, 47.2501761], [8.4081983, 47.2502581], [8.4081093, 47.2503394], [8.408019, 47.2504199], [8.4079273, 47.2504998], [8.4078338, 47.2505795], [8.407739, 47.2506585], [8.4076428, 47.2507367], [8.4075454, 47.2508141], [8.4074457, 47.2508901], [8.4073447, 47.2509654], [8.4072425, 47.2510398], [8.4071391, 47.2511134], [8.4066764, 47.2514361], [8.4062166, 47.2517598], [8.4057546, 47.252083], [8.4052953, 47.2524044], [8.4048326, 47.2527238], [8.4043727, 47.253047], [8.404288, 47.2531041], [8.4042052, 47.2531624], [8.4041245, 47.253222], [8.4040564, 47.2532723], [8.4039895, 47.2533234], [8.4039244, 47.2533754], [8.4038605, 47.2534282], [8.4037962, 47.2534802], [8.4037332, 47.253533], [8.4036718, 47.2535866], [8.4036118, 47.253641], [8.4035556, 47.2536973], [8.4035008, 47.2537543], [8.4034476, 47.253812], [8.4033962, 47.2538703], [8.4033447, 47.2539288], [8.4032948, 47.2539879], [8.4032465, 47.2540477], [8.4032, 47.254108], [8.4031567, 47.2541694], [8.4031151, 47.2542314], [8.4030752, 47.2542938], [8.403037, 47.2543567], [8.4029986, 47.2544197], [8.4029619, 47.254483], [8.402927, 47.2545468], [8.4028938, 47.254611], [8.4028651, 47.2546752], [8.4028381, 47.2547397], [8.4028128, 47.2548046], [8.4027894, 47.2548697], [8.4027641, 47.2549369], [8.4027408, 47.2550043], [8.4027194, 47.255072], [8.4026999, 47.25514], [8.4026857, 47.2552073], [8.4026734, 47.2552748], [8.402663, 47.2553424], [8.4026544, 47.2554102], [8.4026452, 47.2554779], [8.4026378, 47.255546], [8.4026323, 47.255614], [8.4026287, 47.2556821], [8.4026285, 47.2557491], [8.4026302, 47.2558163], [8.4026336, 47.2558834], [8.4026389, 47.2559504], [8.4026453, 47.2560184], [8.4026536, 47.2560863], [8.4026637, 47.2561541], [8.4026758, 47.2562217], [8.4026902, 47.2562892], [8.4027064, 47.2563564], [8.4027245, 47.2564234], [8.4027445, 47.2564902], [8.4027664, 47.2565565], [8.40279, 47.2566226], [8.4028155, 47.2566883], [8.4028428, 47.2567537], [8.4028727, 47.2568188], [8.4029044, 47.2568834], [8.402938, 47.2569475], [8.4029732, 47.2570114], [8.4030105, 47.2570746], [8.4030494, 47.2571375], [8.4030901, 47.2571998], [8.4031326, 47.2572616], [8.4033507, 47.2575753], [8.4036322, 47.2579769], [8.4039127, 47.2583841], [8.4039967, 47.2585004], [8.4040421, 47.2585663], [8.4040855, 47.2586329], [8.404127, 47.2587], [8.4041664, 47.2587677], [8.4042035, 47.2588369], [8.4042385, 47.2589067], [8.4042713, 47.2589769], [8.4043021, 47.2590475], [8.4043308, 47.2591183], [8.4043572, 47.2591893], [8.4043818, 47.2592609], [8.404404, 47.2593327], [8.4044243, 47.2594045], [8.4044425, 47.2594766], [8.4044585, 47.2595489], [8.4044723, 47.2596215], [8.4044841, 47.2596942], [8.4044937, 47.2597669], [8.404501, 47.2598399], [8.4045063, 47.2599129], [8.4045089, 47.2599863], [8.4045095, 47.2600597], [8.4045077, 47.2601331], [8.4045038, 47.2602065], [8.4044977, 47.260279], [8.4044896, 47.2603515], [8.4044792, 47.2604238], [8.4044667, 47.2604959], [8.4044351, 47.2606413], [8.4043946, 47.2607857], [8.4043457, 47.2609288], [8.4042881, 47.2610705], [8.4042562, 47.2611407], [8.4042221, 47.2612105], [8.404186, 47.2612797], [8.4041477, 47.2613484], [8.4041081, 47.2614159], [8.4040665, 47.2614827], [8.4040228, 47.261549], [8.4039773, 47.2616146], [8.4039287, 47.2616806], [8.4038782, 47.2617459], [8.4038257, 47.2618104], [8.4037712, 47.2618742], [8.4037147, 47.2619374], [8.4036563, 47.2619996], [8.403596, 47.262061], [8.4035338, 47.2621218], [8.4034715, 47.2621805], [8.4034074, 47.2622384], [8.4033417, 47.2622954], [8.4032743, 47.2623515], [8.4031327, 47.2624621], [8.4029846, 47.2625686], [8.4028302, 47.2626709], [8.4026699, 47.2627689], [8.4019625, 47.2631859], [8.4018666, 47.2632429], [8.4017731, 47.2633018], [8.4016822, 47.2633626], [8.4015942, 47.2634253], [8.4014959, 47.2635032], [8.4014016, 47.2635835], [8.4013117, 47.263666], [8.4012262, 47.2637506], [8.4011425, 47.2638385], [8.4010637, 47.2639284], [8.4009897, 47.2640201], [8.4009207, 47.2641137], [8.4008613, 47.2642107], [8.4008071, 47.2643092], [8.4007582, 47.2644089], [8.4007148, 47.2645098], [8.400667, 47.2646102], [8.4006247, 47.2647117], [8.400588, 47.2648143], [8.4005566, 47.2649177], [8.4005356, 47.2650213], [8.4005201, 47.2651254], [8.4005101, 47.2652298], [8.4005057, 47.2653344], [8.4005062, 47.26544], [8.4005124, 47.2655456], [8.4005243, 47.2656509], [8.4005419, 47.2657558], [8.4005626, 47.2658398], [8.400587, 47.2659233], [8.400615, 47.2660063], [8.4006466, 47.2660886], [8.4007694, 47.2664185], [8.400939, 47.2668532], [8.4011126, 47.267299], [8.401282, 47.267729], [8.4014434, 47.2681588], [8.4022735, 47.2703876], [8.4024388, 47.2713237], [8.4022398, 47.2722527], [8.4019988, 47.2727097], [8.4016921, 47.2731142], [8.4008266, 47.2738533], [8.3964964, 47.2767225], [8.3960636, 47.2770406], [8.3956875, 47.2773601], [8.395006, 47.2780879], [8.3945042, 47.2788453], [8.3941549, 47.2796712], [8.3937639, 47.2810325], [8.3930881, 47.2834213], [8.3927795, 47.2841965], [8.392419, 47.2849829], [8.3920318, 47.2857381], [8.3916132, 47.2864923], [8.3911146, 47.2874476], [8.3903654, 47.2883736], [8.3893822, 47.2893231], [8.3886464, 47.2900271], [8.3895077, 47.2902932], [8.3900056, 47.2904822], [8.389896, 47.2906274], [8.3899493, 47.2906544], [8.3901577, 47.2905814], [8.3902646, 47.29057], [8.3904758, 47.2905952], [8.3905407, 47.2906077], [8.3906034, 47.2906245], [8.3906632, 47.2906454], [8.3907206, 47.2906711], [8.3907741, 47.2907004], [8.3908228, 47.2907334], [8.3910329, 47.2908996], [8.3910771, 47.2909305], [8.391126, 47.2909578], [8.3911792, 47.2909813], [8.3912359, 47.2910005], [8.3912962, 47.2910145], [8.3913828, 47.2910258], [8.3914857, 47.2910284], [8.3920698, 47.2909958], [8.3921401, 47.2909851], [8.3922078, 47.2909699], [8.3923975, 47.2909137], [8.3924631, 47.290914], [8.3925929, 47.2908649], [8.3927091, 47.2909153], [8.3930779, 47.2906539], [8.393245, 47.2905646], [8.3935828, 47.2904376], [8.3937214, 47.2903741], [8.3941261, 47.2901543], [8.3943145, 47.2900137], [8.3946967, 47.2896205], [8.3945316, 47.2895209], [8.3945814, 47.2894895], [8.3946379, 47.2894636], [8.3948718, 47.2893836], [8.3950169, 47.289324], [8.3950912, 47.2892887], [8.3963378, 47.2886177], [8.3964841, 47.2885463], [8.3967607, 47.2882612], [8.3970634, 47.2879233], [8.397141, 47.2878917], [8.3972296, 47.2879033], [8.4002929, 47.2889954], [8.4002158, 47.2891179], [8.4002985, 47.2890925], [8.4006261, 47.2891875], [8.4009897, 47.2893351], [8.4015302, 47.2895037], [8.4022142, 47.2898439], [8.4025105, 47.2900732], [8.4027636, 47.2901874], [8.4031208, 47.2903048], [8.4034628, 47.2904403], [8.4037216, 47.2905651], [8.4039571, 47.2907141], [8.4040766, 47.2907758], [8.4035878, 47.2917619], [8.4041794, 47.2919068], [8.4047132, 47.2920329], [8.4057571, 47.2922577], [8.4063888, 47.2923734], [8.4070354, 47.2924658], [8.4076888, 47.2925366], [8.4128082, 47.2929685], [8.4130749, 47.2930014], [8.4133302, 47.2930582], [8.4136503, 47.2931506], [8.4139616, 47.2932656], [8.4144317, 47.2934936], [8.4146619, 47.2936004], [8.414956, 47.2937371], [8.415309, 47.2938576], [8.4155361, 47.2938956], [8.4158641, 47.293931], [8.4161967, 47.2939816], [8.416334, 47.2939786], [8.416523, 47.2939468], [8.4170711, 47.2938062], [8.4171411, 47.29384], [8.4172269, 47.2938629], [8.417544, 47.2940376], [8.4182637, 47.2943677], [8.4187323, 47.2945374], [8.4188191, 47.2945856], [8.4188992, 47.294674], [8.4190977, 47.2950343], [8.4191764, 47.2951093], [8.4193236, 47.2951956], [8.419257, 47.295198], [8.419009, 47.2953979], [8.4202384, 47.2957012], [8.4200856, 47.2958989], [8.4199482, 47.2963055], [8.4199027, 47.2965114], [8.4199542, 47.2966251], [8.4202213, 47.2969319], [8.4204195, 47.297128], [8.421003, 47.2975029], [8.421581, 47.2977792], [8.421703, 47.2979521], [8.4217162, 47.2979644], [8.4217473, 47.2980375], [8.4220059, 47.2978638], [8.4222366, 47.2977501], [8.4228244, 47.2981612], [8.4231673, 47.2983784], [8.4240494, 47.2987382], [8.4246254, 47.2988757], [8.424708, 47.2989534], [8.4248942, 47.2991048], [8.4253182, 47.2993137], [8.4257916, 47.2994861], [8.4258374, 47.2995222], [8.4261493, 47.299601], [8.4266164, 47.2996788], [8.4267783, 47.2996855], [8.426796, 47.2998021], [8.4271011, 47.2998835], [8.4273982, 47.3000173], [8.427983, 47.3003519], [8.4282059, 47.3004042], [8.4285425, 47.3004409], [8.4287698, 47.3005175], [8.4291373, 47.3006768], [8.428552, 47.3011519], [8.4287417, 47.301361], [8.4290518, 47.3017696], [8.4293788, 47.3022305], [8.4296101, 47.3026747], [8.4297357, 47.3030313], [8.4298872, 47.3034194], [8.4300785, 47.303728], [8.4303379, 47.303709], [8.4304853, 47.3040554], [8.4305892, 47.3043378], [8.4306105, 47.3044807], [8.4306221, 47.3046242], [8.430748, 47.3049863], [8.4307098, 47.3051723], [8.4307703, 47.3052069], [8.4305822, 47.3053583], [8.4304454, 47.3054544], [8.4298524, 47.3058232], [8.4297995, 47.3058659], [8.4297527, 47.3059116], [8.4297123, 47.3059602], [8.4296786, 47.3060113], [8.429652, 47.3060643], [8.4296346, 47.3061141], [8.4296214, 47.3061744], [8.4295651, 47.3065748], [8.4295003, 47.306907], [8.429452, 47.3070272], [8.4293786, 47.307143], [8.4292798, 47.3072432], [8.4294889, 47.3073684], [8.4297221, 47.307401], [8.4303657, 47.3076105], [8.4307589, 47.3077257], [8.4309958, 47.3078005], [8.4311858, 47.3078949], [8.4318509, 47.3082904], [8.4320804, 47.3083764], [8.4321974, 47.3086703], [8.4321816, 47.3089643], [8.4321549, 47.3092681], [8.4320242, 47.3100483], [8.4319784, 47.3105928], [8.4318008, 47.3107904], [8.4319339, 47.3110442], [8.4320539, 47.3115441], [8.4323032, 47.3118366], [8.4327314, 47.3121698], [8.4331796, 47.3124153], [8.4336047, 47.3126351], [8.4340097, 47.3129511], [8.4345738, 47.3133464], [8.4352022, 47.3136334], [8.4355661, 47.313815], [8.4359645, 47.3141613], [8.4361366, 47.3145646], [8.4362123, 47.3147198], [8.4362197, 47.3148352], [8.4362127, 47.3151962], [8.4363215, 47.3152441], [8.436473, 47.3152819], [8.4370288, 47.3152489], [8.437063, 47.3152992], [8.4371313, 47.3152965], [8.4375842, 47.3151702], [8.4377763, 47.3151965], [8.4380098, 47.3151449], [8.4383948, 47.3151631], [8.439228, 47.3153412], [8.4393969, 47.3154275], [8.4405148, 47.3157382], [8.4413115, 47.3158296], [8.4413084, 47.3158844], [8.4413534, 47.3159644], [8.4411153, 47.3163199], [8.4410436, 47.3166746], [8.4406679, 47.3171707], [8.4406677, 47.3174042], [8.4404757, 47.3175853], [8.4405153, 47.3178503], [8.4411933, 47.3179519], [8.4419773, 47.3182364], [8.4423009, 47.3184077], [8.4423769, 47.3183716], [8.4429998, 47.3187324], [8.4440718, 47.3192341], [8.4440938, 47.319286], [8.4447757, 47.3194688], [8.4457848, 47.3199953], [8.4466582, 47.3216115], [8.4468258, 47.3216028], [8.4476525, 47.3219272], [8.4479342, 47.3222199], [8.4479964, 47.3222846], [8.4483638, 47.3228459], [8.4480886, 47.3229893], [8.4491594, 47.323353], [8.448607, 47.3242719], [8.449312, 47.3247661], [8.4499533, 47.3255129], [8.4497146, 47.325629], [8.4494096, 47.3256573], [8.4488829, 47.3258124], [8.448506, 47.3259759], [8.4499959, 47.3269182], [8.4498907, 47.3269756], [8.4524034, 47.328704], [8.4515406, 47.329141], [8.4537252, 47.3316542], [8.4547312, 47.3330139], [8.4549528, 47.3334136], [8.455075, 47.3338282], [8.4550999, 47.334085], [8.4547106, 47.3343875], [8.4541107, 47.3347548], [8.453264, 47.333901], [8.4529553, 47.3332552], [8.4509943, 47.3336253], [8.4510349, 47.3332825], [8.4508755, 47.3326052], [8.4505005, 47.3320658], [8.4499641, 47.331106], [8.4498424, 47.3304915], [8.4485065, 47.3302645], [8.4480967, 47.3301561], [8.4471406, 47.3300362], [8.4462392, 47.3298142], [8.4454955, 47.3295504], [8.4449836, 47.3293688], [8.4443483, 47.3289439], [8.4437716, 47.3290765], [8.4437138, 47.3291638], [8.4435303, 47.3292196], [8.4427914, 47.3283389], [8.4427572, 47.328355], [8.4424751, 47.3280585], [8.4420734, 47.3274217], [8.4413186, 47.3272016], [8.441123, 47.3273097], [8.4409393, 47.3275486], [8.440586, 47.3276505], [8.4398015, 47.327337], [8.4395298, 47.3270547], [8.4392024, 47.3270572], [8.436725, 47.3267477], [8.4362568, 47.3263704], [8.4354871, 47.3257486], [8.4348544, 47.3253515], [8.4347752, 47.3253214], [8.4327407, 47.3264077], [8.4316709, 47.3269776], [8.431598, 47.3269664], [8.431418, 47.326731], [8.431252, 47.326531], [8.4311649, 47.3265646], [8.4308508, 47.3267072], [8.4294388, 47.3273585], [8.42913, 47.3272258], [8.4290584, 47.3271897], [8.4287543, 47.3270048], [8.428635, 47.3269548], [8.4276809, 47.3266219], [8.4275793, 47.3266056], [8.4251742, 47.326426], [8.4249577, 47.3264056], [8.4248809, 47.3263926], [8.4234329, 47.3261046], [8.4231623, 47.3260358], [8.4209088, 47.325429], [8.421087, 47.3252787], [8.4204509, 47.3251617], [8.4200782, 47.3251125], [8.4198302, 47.3250122], [8.419621, 47.324916], [8.4193866, 47.3248381], [8.4190391, 47.3247305], [8.4185174, 47.3246808], [8.4180925, 47.3246749], [8.4179064, 47.3246637], [8.4176708, 47.3246558], [8.4171897, 47.3246078], [8.4169326, 47.3245403], [8.4162917, 47.3244628], [8.4157955, 47.3247434], [8.4157035, 47.3248676], [8.4155955, 47.3250604], [8.415589, 47.3252077], [8.4156247, 47.3254151], [8.4156066, 47.3255381], [8.4155502, 47.3256866], [8.4155094, 47.3258623], [8.4154043, 47.3259432], [8.4153271, 47.3260479], [8.4152524, 47.3262548], [8.415005, 47.3263227], [8.414401, 47.3263403], [8.4141787, 47.3261765], [8.4138458, 47.3262065], [8.4132076, 47.3263974], [8.4131072, 47.3265145], [8.4129752, 47.326621], [8.4128401, 47.3267127], [8.412637, 47.3268666], [8.412526, 47.3270396], [8.4124291, 47.3271257], [8.4124532, 47.3273882], [8.4124234, 47.3277428], [8.4125848, 47.3280079], [8.4126004, 47.3281629], [8.4126235, 47.3283141], [8.4125879, 47.3285618], [8.4133872, 47.3287168], [8.4136839, 47.3296157], [8.4139473, 47.3307012], [8.416725, 47.3338056], [8.4168022, 47.3342639], [8.4167585, 47.3343909], [8.4165492, 47.3345962], [8.416269, 47.3351463], [8.4159202, 47.3355157], [8.4158607, 47.3357131], [8.4159632, 47.3357638], [8.4160328, 47.3359087], [8.4161306, 47.3359103], [8.4161316, 47.3360969], [8.4163837, 47.3362339], [8.4166104, 47.3366043], [8.4166182, 47.3368827], [8.4164486, 47.3370128], [8.4163895, 47.3371234], [8.4162119, 47.3370988], [8.4161126, 47.3370869], [8.4160599, 47.3370807], [8.41573, 47.3370952], [8.4155412, 47.3371033], [8.4152602, 47.3370411], [8.4149906, 47.3368933], [8.4147568, 47.3368357], [8.4147142, 47.3369078], [8.4144583, 47.3372274], [8.414183, 47.3374811], [8.4138191, 47.337721], [8.4137136, 47.3377636], [8.4136599, 47.3377853], [8.4137473, 47.3379418], [8.4137224, 47.3380433], [8.4135609, 47.3381481], [8.4133451, 47.3382771], [8.4132019, 47.3383435], [8.4130984, 47.3383915], [8.4128808, 47.3384612], [8.4125875, 47.3383563], [8.41234, 47.3383032], [8.4120103, 47.338228], [8.412186, 47.3386955], [8.4122129, 47.3387771], [8.4114789, 47.3387839], [8.4114055, 47.3388384], [8.4113936, 47.3388482], [8.4113753, 47.3388634], [8.4113767, 47.3388838], [8.4113914, 47.3391025], [8.4112417, 47.3393036], [8.4110579, 47.33955], [8.4108304, 47.3398559], [8.4108677, 47.3398661], [8.4105481, 47.3402235], [8.4105022, 47.3402444], [8.4102214, 47.3403727], [8.4097742, 47.3404831], [8.4096434, 47.3405368], [8.409611, 47.3405502], [8.4087497, 47.3411603], [8.4085401, 47.3412801], [8.4084761, 47.3413168], [8.4083909, 47.34134], [8.4081372, 47.3414092], [8.4073203, 47.3415753], [8.4077809, 47.3423521], [8.4069527, 47.3422854], [8.4069212, 47.3423942], [8.4068945, 47.3425246], [8.4068571, 47.3425122], [8.4067219, 47.3430702], [8.4064253, 47.3430086], [8.4063267, 47.3430589], [8.4064029, 47.3431455], [8.4064637, 47.3432399], [8.4065187, 47.3433757], [8.4065956, 47.343644], [8.4066524, 47.3438799], [8.4066933, 47.3439941], [8.4066847, 47.3440246], [8.4060861, 47.3442953], [8.4059022, 47.3446075], [8.4058584, 47.3445764], [8.4057604, 47.3446292], [8.4055529, 47.3446577], [8.4053264, 47.3447196], [8.4051156, 47.3448344], [8.4050133, 47.344897], [8.4048773, 47.3449565], [8.4047897, 47.3449751], [8.4048476, 47.3450341], [8.4048126, 47.345056], [8.4048984, 47.3451239], [8.4049262, 47.3451739], [8.404571, 47.3456705], [8.4041444, 47.3462587], [8.4038722, 47.3465665], [8.4040342, 47.3471157], [8.40435, 47.3475661], [8.4046697, 47.3479607], [8.4051036, 47.3483526], [8.4055873, 47.3488356], [8.4056877, 47.3493011], [8.4056871, 47.3494801], [8.4056643, 47.349663], [8.4056447, 47.3499979], [8.4056462, 47.3504248], [8.4057288, 47.3506946], [8.4057788, 47.3510925], [8.4060918, 47.3513419], [8.4062796, 47.3514867], [8.4065318, 47.3516809], [8.4067734, 47.3518951], [8.4069795, 47.3520982], [8.4070334, 47.3522345], [8.4075866, 47.3527908], [8.4078451, 47.3530681], [8.4081447, 47.3533134], [8.4083466, 47.353555], [8.4084703, 47.353744], [8.4085736, 47.3539445], [8.4091503, 47.3547912], [8.4090984, 47.3547998], [8.409283, 47.3550715], [8.409269, 47.3550916], [8.4086519, 47.3551562], [8.4083001, 47.3552259], [8.4080616, 47.3553067], [8.407885, 47.3553486], [8.4076279, 47.3553928], [8.4074636, 47.3554576], [8.407376, 47.3555436], [8.4073101, 47.3556916], [8.4073916, 47.3559769], [8.4073791, 47.3562879], [8.4073516, 47.3565201], [8.4073634, 47.3570442], [8.4072805, 47.3572154], [8.4069784, 47.3575807], [8.4067842, 47.3579926], [8.4068366, 47.3581721], [8.4070333, 47.3585281], [8.4071714, 47.3598379], [8.4072737, 47.3600185], [8.4067939, 47.3601131], [8.4067825, 47.3602836], [8.4067475, 47.3604589], [8.4068114, 47.3607585], [8.4068582, 47.3613114], [8.40672, 47.361765], [8.4064704, 47.3622786], [8.4062603, 47.3626025], [8.406094, 47.362904], [8.4058493, 47.3631459], [8.4055046, 47.3636326], [8.4052132, 47.3639194], [8.4049397, 47.3640991], [8.4053219, 47.3642705], [8.4052806, 47.3643968], [8.4053077, 47.3646125], [8.4053977, 47.364978], [8.4056231, 47.3652684], [8.4058749, 47.3655026], [8.4063497, 47.3659647], [8.4067458, 47.3661191], [8.4071332, 47.3663443], [8.407301, 47.3664192], [8.4075996, 47.3665103], [8.4082025, 47.3666502], [8.4080968, 47.366899], [8.4079709, 47.3672381], [8.4076637, 47.3675674], [8.4072818, 47.3678725], [8.4071177, 47.3684342], [8.4070897, 47.3687931], [8.4076357, 47.3693657], [8.4078392, 47.3697651], [8.4073762, 47.3699513], [8.4070314, 47.3702281], [8.4029658, 47.3699973], [8.4026173, 47.3701701], [8.4023729, 47.3704091], [8.4022372, 47.3704135], [8.4020463, 47.3706046], [8.4018661, 47.3706465], [8.4013281, 47.3704483], [8.4005823, 47.3705294], [8.400372, 47.3705129], [8.4003553, 47.3708641], [8.4003428, 47.3711854], [8.4005583, 47.3715189], [8.4003497, 47.3720981], [8.4002774, 47.3724354], [8.400325, 47.3729572], [8.4000529, 47.3729569], [8.4000378, 47.3729841], [8.400026, 47.3730845], [8.4000346, 47.3731166], [8.4000211, 47.3731879], [8.4000309, 47.3732669], [8.4000677, 47.3732974], [8.4001263, 47.3733313], [8.4001352, 47.3733551], [8.4001292, 47.3733749], [8.400172, 47.3733993], [8.4002202, 47.3734554], [8.4003027, 47.3735109], [8.4004317, 47.3736889], [8.400437, 47.3737778], [8.4004947, 47.3738432], [8.4004899, 47.3739074], [8.4006007, 47.3739976], [8.4006815, 47.3740341], [8.4007066, 47.3740943], [8.400775, 47.3742014], [8.4005823, 47.3742083], [8.4004451, 47.3742285], [8.4002573, 47.3742924], [8.4001669, 47.3743422], [8.4000837, 47.3744322], [8.3998391, 47.3745802], [8.3997553, 47.3746174], [8.3996411, 47.374749], [8.3996001, 47.3747824], [8.3995324, 47.3748197], [8.3993785, 47.3748062], [8.3991976, 47.3747717], [8.3983549, 47.3751303], [8.3983234, 47.3751154], [8.3980767, 47.3753392], [8.3976559, 47.3758565], [8.3974299, 47.3759838], [8.3973609, 47.3761002], [8.3971119, 47.3766895], [8.396767, 47.3766353], [8.3967328, 47.3767135], [8.396464, 47.3769636], [8.3963905, 47.3770445], [8.3963796, 47.3770892], [8.3963743, 47.3772104], [8.3963765, 47.3772457], [8.3964046, 47.3773651], [8.3964952, 47.377489], [8.3966515, 47.3776551], [8.3966548, 47.3777634], [8.3965908, 47.3778604], [8.3964974, 47.3779624], [8.39653, 47.3785236], [8.3965815, 47.3787117], [8.39665, 47.3788715], [8.3965628, 47.3790604], [8.3961103, 47.3793642], [8.3960154, 47.3796856], [8.3958684, 47.3798698], [8.3957267, 47.3800047], [8.3956181, 47.3801604], [8.3954812, 47.38029], [8.3953311, 47.3803571], [8.3952396, 47.3803756], [8.3951399, 47.3804158], [8.3950203, 47.3805413], [8.3949498, 47.380722], [8.3949251, 47.3808789], [8.3949738, 47.3811871], [8.3951299, 47.3813487], [8.395298, 47.381512], [8.3954435, 47.3816933], [8.3954531, 47.3817308], [8.3954224, 47.3818484], [8.3952562, 47.3820481], [8.3951628, 47.3821961], [8.3950952, 47.3823361], [8.3950837, 47.3825022], [8.3951228, 47.3827964], [8.3950412, 47.3830081], [8.3949234, 47.3831508], [8.3948627, 47.383272], [8.3949213, 47.3838495], [8.3949575, 47.384012], [8.3950829, 47.3843694], [8.3950483, 47.3847001], [8.3949906, 47.3848714], [8.3947652, 47.385296], [8.3948009, 47.3855048], [8.3951987, 47.3857531], [8.3953586, 47.385949], [8.3953623, 47.3861782], [8.395257, 47.386375], [8.3951859, 47.3865591], [8.3949655, 47.3868324], [8.3948976, 47.3870932], [8.3950828, 47.3875602], [8.3951425, 47.3875791], [8.3950709, 47.387658], [8.3949752, 47.3877269], [8.3949027, 47.3878038], [8.3948046, 47.3882053], [8.3948085, 47.3886684], [8.3948384, 47.3889029], [8.3947765, 47.3891894], [8.394761, 47.389382], [8.3948025, 47.3897033], [8.3946933, 47.3899795], [8.3949014, 47.3900812], [8.3949196, 47.3901634], [8.3947649, 47.3903005], [8.394631, 47.3904433], [8.3944306, 47.390707], [8.3942761, 47.3908239], [8.3940907, 47.3910294], [8.3940327, 47.3911615], [8.3940909, 47.3912435], [8.3941652, 47.3913048], [8.3942903, 47.3913695], [8.3945129, 47.3914246], [8.3946751, 47.3914319], [8.3948028, 47.391428], [8.3950069, 47.3914016], [8.3952059, 47.3913928], [8.3953567, 47.3914042], [8.395465, 47.3914217], [8.3957689, 47.3915447], [8.3960209, 47.3918352], [8.3961562, 47.3921616], [8.3964544, 47.3926328], [8.3961778, 47.3929555], [8.3961824, 47.3931129], [8.396426, 47.3933397], [8.3965375, 47.393458], [8.3966425, 47.393593], [8.3966335, 47.3937302], [8.3965701, 47.3938587], [8.3964737, 47.3939931], [8.3963316, 47.3940823], [8.3961303, 47.3941388], [8.3961639, 47.3940976], [8.3961967, 47.3939947], [8.3963538, 47.3938188], [8.3959965, 47.3937113], [8.395595, 47.3936605], [8.3953566, 47.3935133], [8.3951098, 47.3935156], [8.3950344, 47.3935674], [8.3947796, 47.3935193], [8.3946799, 47.394029], [8.3945834, 47.3942753], [8.3944048, 47.3945245], [8.3939076, 47.3949801], [8.3936965, 47.3949857], [8.3936879, 47.3949954], [8.39362, 47.3949871], [8.393292, 47.394932], [8.3930729, 47.3948759], [8.3930302, 47.3948949], [8.3929585, 47.3950378], [8.3928129, 47.395237], [8.3926158, 47.3954463], [8.3925534, 47.3954144], [8.392494, 47.3955068], [8.3924614, 47.3955711], [8.3924252, 47.3955719], [8.3922065, 47.3957034], [8.3919848, 47.3958265], [8.3919109, 47.3958393], [8.3918179, 47.3958065], [8.391723, 47.3957756], [8.3914014, 47.3956713], [8.3910418, 47.3955397], [8.3908094, 47.3954029], [8.3905519, 47.3951824], [8.3905763, 47.3951605], [8.390379, 47.3949927], [8.3902711, 47.3948687], [8.3897632, 47.3946455], [8.3893054, 47.3950668], [8.3892187, 47.3951289], [8.3891454, 47.3951742], [8.3890672, 47.395216], [8.3889573, 47.3952657], [8.3884213, 47.3954531], [8.3879856, 47.3956348], [8.3878451, 47.3956335], [8.3876172, 47.3956569], [8.387527, 47.3956638], [8.3874351, 47.3956643], [8.3873269, 47.3956578], [8.387226, 47.3956417], [8.387122, 47.3956137], [8.3869981, 47.3955666], [8.3867482, 47.3954375], [8.3865611, 47.3953061], [8.386487, 47.3952626], [8.3864074, 47.3952353], [8.3863136, 47.3952211], [8.3862235, 47.3952222], [8.3859932, 47.395243], [8.3858571, 47.3952469], [8.3857881, 47.3952459], [8.3852171, 47.3951815], [8.3851026, 47.3951763], [8.3849667, 47.3951773], [8.3848674, 47.3951829], [8.3847418, 47.3951952], [8.3846182, 47.3952148], [8.384504, 47.3952389], [8.3843925, 47.395268], [8.3841311, 47.3953444], [8.3840517, 47.3953644], [8.3839729, 47.3953754], [8.3838919, 47.3953815], [8.3838118, 47.3953808], [8.383762, 47.3953765], [8.3837135, 47.3953668], [8.3836678, 47.3953525], [8.3835906, 47.3953096], [8.3835345, 47.3952567], [8.3832507, 47.3947261], [8.3831511, 47.394582], [8.383097, 47.3946062], [8.3831026, 47.3946763], [8.3830476, 47.3948188], [8.3828756, 47.3950642], [8.3824884, 47.3954093], [8.3828436, 47.3958016], [8.3828198, 47.3960755], [8.3827292, 47.3962678], [8.3826422, 47.3966145], [8.38234, 47.3967871], [8.3820147, 47.3969444], [8.3816092, 47.3972247], [8.3813897, 47.3975075], [8.3811683, 47.3978665], [8.3808798, 47.3981377], [8.3808189, 47.3981606], [8.3805202, 47.3982847], [8.3805752, 47.3984699], [8.3807275, 47.3986295], [8.3805654, 47.3989362], [8.3799107, 47.3996287], [8.3793492, 47.3999086], [8.3787199, 47.4000316], [8.3784804, 47.4000476], [8.3783706, 47.3997974], [8.3782323, 47.3996407], [8.3778968, 47.3998969], [8.3776208, 47.3999848], [8.3774903, 47.4000045], [8.3773229, 47.4000009], [8.3768004, 47.3999591], [8.3763033, 47.4000079], [8.3760455, 47.3998358], [8.3758559, 47.3997223], [8.3756229, 47.3995754], [8.3752913, 47.399357], [8.3745707, 47.3991538], [8.374075, 47.399037], [8.3734242, 47.3989733], [8.3728595, 47.398964], [8.3724489, 47.3991166], [8.3718085, 47.3991139], [8.3713376, 47.3991189], [8.3706562, 47.3992108], [8.3702728, 47.3991679], [8.3698321, 47.3991113], [8.3696468, 47.3990946], [8.3691789, 47.3991301], [8.3688545, 47.3992625], [8.3684537, 47.399153], [8.3680562, 47.3989609], [8.3678029, 47.3989377], [8.3674574, 47.3988063], [8.3672656, 47.3989905], [8.3670844, 47.3990208], [8.3663879, 47.3988229], [8.3661683, 47.3988938], [8.3653245, 47.3993367], [8.3650782, 47.3995064], [8.3650462, 47.3995133], [8.3650781, 47.3998186], [8.364727, 47.400158], [8.364416, 47.4004317], [8.3642599, 47.4005634], [8.3638503, 47.4006473], [8.3632912, 47.4010028], [8.3627555, 47.4016143], [8.3625209, 47.4021613], [8.3624958, 47.4023153], [8.3626978, 47.4023145], [8.3648908, 47.4022897], [8.3658179, 47.4025127], [8.3663375, 47.4018713], [8.3674265, 47.400737], [8.3677173, 47.4011814], [8.3679798, 47.4013314], [8.3680367, 47.4014122], [8.3677907, 47.402168], [8.3679851, 47.402271], [8.3681888, 47.4022868], [8.3684059, 47.4022397], [8.3684838, 47.402478], [8.3690768, 47.4033153], [8.369666, 47.4035424], [8.3705956, 47.4038221], [8.3737948, 47.404484], [8.3761686, 47.404804], [8.3772612, 47.4039119], [8.3775309, 47.4034846], [8.3779653, 47.4033806], [8.3791133, 47.4025645], [8.3792425, 47.4024083], [8.3801468, 47.4027321], [8.3800277, 47.4030139], [8.3809569, 47.4029846], [8.3812341, 47.4030625], [8.3811852, 47.4031995], [8.3819943, 47.4035191], [8.382105, 47.4037318], [8.3820188, 47.4039811], [8.3825079, 47.4041814], [8.3826913, 47.4044292], [8.3826834, 47.4047816], [8.3839329, 47.4055902], [8.3841446, 47.4059067], [8.384611, 47.4062167], [8.3823672, 47.4077486], [8.3819301, 47.4081005], [8.38156, 47.4084932], [8.3812896, 47.4089228], [8.3811278, 47.4093769], [8.3810792, 47.4098428], [8.3811452, 47.4103078], [8.3811986, 47.4104426], [8.3813239, 47.410759], [8.3816103, 47.4111837], [8.3819813, 47.411571], [8.3830845, 47.4125324], [8.3823502, 47.4128553], [8.3825422, 47.4130565], [8.3831658, 47.4127994], [8.3834054, 47.4127798], [8.38537, 47.4144829], [8.3852456, 47.4144205], [8.38495, 47.4144638], [8.3845401, 47.4146873], [8.3846016, 47.4147401], [8.3840798, 47.4150191], [8.3837662, 47.4151877], [8.3817488, 47.4162654], [8.3837913, 47.4180257], [8.3867229, 47.4167562], [8.3875383, 47.4163596], [8.3914412, 47.4197719], [8.3918733, 47.4203083], [8.3921797, 47.4209803], [8.3922541, 47.4214379], [8.3922645, 47.4216878], [8.3922404, 47.4218836], [8.3921881, 47.4221098], [8.3919145, 47.4227041], [8.3918573, 47.422804], [8.3911673, 47.4236204], [8.3909844, 47.4237383], [8.3908604, 47.4237503], [8.3905973, 47.4239624], [8.3906321, 47.4240515], [8.3905829, 47.4241366], [8.3902253, 47.4244805], [8.3894548, 47.4251055], [8.3892626, 47.4251131], [8.3889986, 47.425294], [8.3889605, 47.4254306], [8.3890111, 47.4254792], [8.3885279, 47.4259723], [8.3879424, 47.4267576], [8.3878307, 47.427011], [8.3875783, 47.4275838], [8.3876208, 47.4279591], [8.3851762, 47.4279624], [8.3832521, 47.4280954], [8.380135, 47.4290542], [8.378114, 47.429219], [8.377251, 47.4294075], [8.3759868, 47.4298957], [8.3756593, 47.4301101], [8.3750683, 47.430666], [8.3750201, 47.4311923], [8.3746871, 47.4320941], [8.3746527, 47.432249], [8.3752005, 47.4323174], [8.3757465, 47.4327871], [8.3761717, 47.4334897], [8.3765772, 47.4333083], [8.3770848, 47.4338306], [8.3781392, 47.4334029], [8.3790907, 47.4330811], [8.3792055, 47.4330488], [8.3792665, 47.4331116], [8.3808385, 47.4327603], [8.3810307, 47.4333127], [8.3828582, 47.4329057], [8.3833002, 47.4336469], [8.3835558, 47.4339861], [8.383568, 47.4340032], [8.3835778, 47.4340161], [8.3836512, 47.4341158], [8.3839843, 47.4345553], [8.3839289, 47.4349159], [8.3839233, 47.4349518], [8.3841294, 47.4350187], [8.3844827, 47.4352998], [8.3850265, 47.4359428], [8.3851022, 47.4363136], [8.3850333, 47.4367292], [8.3845874, 47.4368973], [8.3840593, 47.4372106], [8.3839806, 47.4373019], [8.3838254, 47.4382295], [8.3839546, 47.4383224], [8.3844588, 47.4383939], [8.3837337, 47.4399815], [8.3834605, 47.4401011], [8.3828587, 47.4402366], [8.382451, 47.4404124], [8.3819501, 47.440491], [8.3818689, 47.4408622], [8.3818638, 47.4416932], [8.3818936, 47.4421452], [8.3820014, 47.4421447], [8.3819981, 47.4421745], [8.3819016, 47.4424457], [8.3816682, 47.444141], [8.3811138, 47.4462254], [8.3810263, 47.4462684], [8.3810061, 47.4463736], [8.382092, 47.4464302], [8.3821554, 47.4464715], [8.38175, 47.4486977], [8.3858111, 47.4492625], [8.3866202, 47.4494871], [8.3868929, 47.4495992], [8.3868049, 47.4496962], [8.3866522, 47.449729], [8.3856861, 47.4515657], [8.3849106, 47.4536654], [8.3849985, 47.4537923], [8.3850965, 47.4538141], [8.3849266, 47.4538769], [8.3848109, 47.4540831], [8.3842897, 47.4538841], [8.3844146, 47.4549144], [8.3829937, 47.4550074], [8.383098, 47.455128], [8.3829015, 47.4562438], [8.3827218, 47.4563269], [8.3803021, 47.4561952], [8.3801849, 47.4561421], [8.3801417, 47.4562649], [8.3800665, 47.4564788], [8.3793599, 47.4573349], [8.379135, 47.4579794], [8.3789876, 47.459174], [8.3788731, 47.4592733], [8.3780891, 47.4593294], [8.377851, 47.459488], [8.374303, 47.4593608], [8.3728316, 47.45918], [8.3727633, 47.4593054], [8.3727656, 47.4595764], [8.3726224, 47.4601196], [8.3721382, 47.4610682], [8.3710051, 47.4617908], [8.3709902, 47.4619204], [8.3706532, 47.4623953], [8.3695234, 47.4634003], [8.3697049, 47.4638041], [8.3698159, 47.4638785], [8.3697962, 47.4639115], [8.3696787, 47.4638849], [8.3693883, 47.464843], [8.3694382, 47.4653353], [8.3688513, 47.4653517], [8.3688413, 47.4658035], [8.367383, 47.4662256], [8.3672064, 47.4657496], [8.3671316, 47.4657723], [8.3656733, 47.4662147], [8.3659355, 47.4670145], [8.3657646, 47.4675252], [8.3666156, 47.467907], [8.3675784, 47.4680163], [8.3677321, 47.4680807], [8.3678285, 47.4681845], [8.3679936, 47.4685813], [8.3680627, 47.4689707], [8.3679432, 47.4692421], [8.367778, 47.4693409], [8.3675428, 47.4694052], [8.3666284, 47.4693538], [8.3663756, 47.4694053], [8.3662969, 47.469502], [8.366388, 47.4696055], [8.3669079, 47.4697107], [8.3671346, 47.4698023], [8.3677742, 47.4703514], [8.3680335, 47.4704161], [8.3687644, 47.4703499], [8.3696318, 47.4704379], [8.3701492, 47.4704433], [8.3713695, 47.4701381], [8.3717996, 47.4701358], [8.3725953, 47.4702775], [8.373746, 47.4707717], [8.3753137, 47.4711383], [8.3752808, 47.471644], [8.3742981, 47.4730145], [8.3741034, 47.4742766], [8.3735847, 47.474859], [8.3737216, 47.4755421], [8.373984, 47.4778044], [8.3740993, 47.4781504], [8.3740863, 47.4783085], [8.3740611, 47.4786317], [8.3741864, 47.4804561], [8.3735467, 47.4811517], [8.3732537, 47.4814695], [8.372622, 47.4814182], [8.3720447, 47.4813714], [8.3712253, 47.4813049], [8.3710801, 47.4812931], [8.3708061, 47.4812813], [8.3697811, 47.481237], [8.3695633, 47.4812276], [8.3694096, 47.481221], [8.3692335, 47.4812134], [8.3689666, 47.4812019], [8.3687949, 47.4811945], [8.3674663, 47.481137], [8.3670581, 47.4811193], [8.3667849, 47.4811075], [8.3664635, 47.4810936], [8.3650323, 47.4810317], [8.3649572, 47.4810285], [8.3648143, 47.481014], [8.363263, 47.4808564], [8.3632368, 47.4809418], [8.3630176, 47.4816348], [8.3627493, 47.4829145], [8.3627506, 47.4832326], [8.3625259, 47.483686], [8.3625483, 47.4839077], [8.36199, 47.4857452], [8.3620876, 47.4875686], [8.3622759, 47.4882128], [8.3620643, 47.4885416], [8.362453, 47.4896418], [8.3626554, 47.4904339], [8.3626474, 47.4906013], [8.362508, 47.4908606], [8.3622694, 47.490993], [8.362223, 47.4910387], [8.3621842, 47.4910633], [8.3618857, 47.4914123], [8.3616582, 47.4925359], [8.3613453, 47.4932632], [8.3612437, 47.4934994], [8.3613119, 47.4938664], [8.3612795, 47.4942406], [8.3610691, 47.4951757], [8.360839, 47.495606], [8.3604105, 47.4961037], [8.3600704, 47.4963834], [8.3590545, 47.4969312], [8.3582895, 47.4974795], [8.3584307, 47.4974812], [8.3595407, 47.4980534], [8.3602356, 47.4986283], [8.360616, 47.4988712], [8.3613193, 47.4992284], [8.3621486, 47.4995601], [8.3627461, 47.5001196], [8.362799, 47.5007234], [8.3630918, 47.5011433], [8.3630475, 47.5011863], [8.360121, 47.5008357], [8.3597894, 47.5008203], [8.3592212, 47.5009027], [8.3588818, 47.5010398], [8.3585672, 47.5012831], [8.3578328, 47.5024676], [8.3576804, 47.5025253], [8.3586837, 47.5030333], [8.3584284, 47.5034884], [8.3589309, 47.5040834], [8.3591536, 47.5045122], [8.3588917, 47.5050371], [8.358819, 47.5053469], [8.3588683, 47.5057469], [8.3590389, 47.5060784], [8.3594103, 47.5064245], [8.3605822, 47.5070442], [8.3616383, 47.5078249], [8.3608451, 47.5088814], [8.3609044, 47.5095687], [8.3611835, 47.5100354], [8.3611964, 47.5100581], [8.3612212, 47.5101016], [8.3613851, 47.5101549], [8.3618082, 47.5102924], [8.3622415, 47.5103769], [8.3632595, 47.5108081], [8.36353, 47.5108826], [8.3636951, 47.5109067], [8.3658411, 47.5108893], [8.3659569, 47.5108822], [8.3660917, 47.5108532], [8.3662046, 47.5108103], [8.3665608, 47.5115485], [8.3681879, 47.5111886], [8.3683606, 47.5115395], [8.3672156, 47.5120687], [8.3673537, 47.5122081], [8.3685136, 47.5119257], [8.3685595, 47.5120124], [8.3689582, 47.5121826], [8.3703947, 47.5114981], [8.3707158, 47.511668], [8.371027, 47.5115008], [8.3715828, 47.5117937], [8.3722271, 47.5114118], [8.3736366, 47.5110237], [8.3737115, 47.5110099], [8.3737942, 47.5110185], [8.3739972, 47.5110745], [8.374094, 47.5111203], [8.3741445, 47.5111968], [8.374207, 47.5114277], [8.3742193, 47.5114911], [8.3741866, 47.5115371], [8.3741592, 47.5115829], [8.3742982, 47.5116333], [8.3746634, 47.5121832], [8.3747573, 47.5122103], [8.3756097, 47.5123424], [8.3764644, 47.5124769], [8.3770445, 47.5123915], [8.3776022, 47.5129996], [8.3787882, 47.5136668], [8.3791892, 47.5141722], [8.3793476, 47.514366], [8.3796494, 47.5149083], [8.3792702, 47.5158767], [8.3803725, 47.5159718], [8.3805217, 47.5178817], [8.380556, 47.5182871], [8.3805732, 47.5184896], [8.3804237, 47.5199572], [8.3809311, 47.5212456], [8.3810933, 47.5218794], [8.381294, 47.5230142], [8.3813874, 47.5240025], [8.3813868, 47.5249128], [8.3816192, 47.5255487], [8.38215, 47.5262774], [8.382409, 47.5265473], [8.383521, 47.5276857], [8.3841911, 47.5282004], [8.3851146, 47.5286476], [8.3862955, 47.528781], [8.3866398, 47.5288723], [8.3867922, 47.5287246], [8.3869195, 47.5285992], [8.3874955, 47.5282907], [8.3881178, 47.5282586], [8.3886946, 47.52775], [8.3889336, 47.5276315], [8.3895352, 47.5275134], [8.3898145, 47.52734], [8.3896563, 47.5271378], [8.3893171, 47.5269825], [8.3888771, 47.526309], [8.3895313, 47.5262861], [8.3902502, 47.526336], [8.3906456, 47.5262712], [8.391009, 47.5260907], [8.3920639, 47.5253865], [8.3920516, 47.525144], [8.3923679, 47.5252925], [8.3933119, 47.5257197], [8.3946521, 47.527396], [8.395717, 47.5283161], [8.3954861, 47.5284474], [8.3953223, 47.5286121], [8.3951192, 47.5291358], [8.3951347, 47.53019], [8.3949689, 47.5305873], [8.3948426, 47.5314814], [8.3950767, 47.5317602], [8.3956126, 47.5320712], [8.3967269, 47.5322968], [8.3976972, 47.5326509], [8.397895, 47.5326578], [8.3981444, 47.5325468], [8.3982942, 47.5325497], [8.3984009, 47.5326493], [8.3983288, 47.5327905], [8.3989976, 47.5329786], [8.3994674, 47.533025], [8.4003617, 47.5332298], [8.4023569, 47.5332351], [8.4025582, 47.5332405], [8.402751, 47.5333251], [8.4028055, 47.5333619], [8.4028169, 47.5333652], [8.4032326, 47.53344], [8.4038371, 47.5334488], [8.403917, 47.5335105], [8.4039384, 47.5337914], [8.4040249, 47.5339336], [8.4044161, 47.5343156], [8.4042685, 47.5349018], [8.404052, 47.535274], [8.4035259, 47.5356987], [8.4033647, 47.5360669], [8.4027975, 47.5367017], [8.4023807, 47.5373838], [8.4021683, 47.5375717], [8.4013405, 47.5380746], [8.4012989, 47.5382314], [8.4014188, 47.5386355], [8.4014437, 47.5391364], [8.4013406, 47.5394899], [8.4012138, 47.5396662], [8.4012071, 47.5396749], [8.4010489, 47.5398734], [8.4010054, 47.5400302], [8.4010679, 47.5400811], [8.401306, 47.5400727], [8.4019663, 47.5397029], [8.4023361, 47.5392346], [8.4030057, 47.5385863], [8.403256, 47.5384154], [8.4039269, 47.5381899], [8.4042065, 47.5382127], [8.404301, 47.538386], [8.4041147, 47.5392291], [8.4055113, 47.5394537], [8.4057497, 47.5396396], [8.40518, 47.5398897], [8.4048762, 47.5401544], [8.4050351, 47.5402857], [8.405642, 47.5401719], [8.4058473, 47.5401912], [8.4060471, 47.5403528], [8.4050921, 47.5418561], [8.4063993, 47.5419903], [8.4065435, 47.5416746], [8.4067256, 47.5415998], [8.4068834, 47.5416642], [8.4069614, 47.5418168], [8.4069064, 47.5421528], [8.4073242, 47.5425694], [8.4073738, 47.5426975], [8.407416, 47.5433188], [8.4074923, 47.5435026], [8.4077213, 47.5436098], [8.4082156, 47.5437195], [8.4082675, 47.5436997], [8.4083058, 47.5435173], [8.4084281, 47.5435242], [8.4084553, 47.5434206], [8.4085194, 47.5433975], [8.4087256, 47.5434392], [8.4087949, 47.5435537], [8.4086484, 47.5437786], [8.4086847, 47.5438753], [8.4097655, 47.5447488], [8.4103996, 47.5454876], [8.410965, 47.5457698], [8.4111197, 47.5460998], [8.4112926, 47.5461401], [8.41144, 47.5461095], [8.4115422, 47.5460244], [8.4115493, 47.5459164], [8.411417, 47.5456807], [8.412539, 47.5457007], [8.412692, 47.545988], [8.412698, 47.5462493], [8.4151954, 47.546029], [8.4156776, 47.5460624], [8.4173922, 47.5458861], [8.4172616, 47.5460509], [8.4155198, 47.5477205], [8.4150518, 47.5483909], [8.4152198, 47.5488928], [8.4154561, 47.5493454], [8.4161895, 47.5499502], [8.4167407, 47.5501567], [8.4169263, 47.550269], [8.4164975, 47.550497], [8.415742, 47.5510351], [8.4155836, 47.5510118], [8.4150659, 47.5516284], [8.4146002, 47.5519954], [8.414525, 47.5521612], [8.4147806, 47.5527511], [8.4148096, 47.5530222], [8.4147628, 47.5531742], [8.4145335, 47.5534845], [8.4144364, 47.5538921], [8.4146891, 47.5542518], [8.4149184, 47.5548672], [8.4156138, 47.5556954], [8.4163651, 47.5573059], [8.4163882, 47.5574732], [8.4162933, 47.5576958], [8.4163025, 47.5578474], [8.4163773, 47.5579054], [8.4168928, 47.5580443], [8.4176749, 47.558455], [8.4178787, 47.5591045], [8.4178435, 47.5594646], [8.4177497, 47.5597109], [8.4175522, 47.5600536], [8.4178513, 47.5607191], [8.4168639, 47.5609338], [8.4171254, 47.5615142], [8.4174984, 47.562342], [8.4175932, 47.5624799], [8.418448, 47.5639021], [8.4184663, 47.5640128], [8.4183061, 47.5642691], [8.4183376, 47.5645277], [8.418469, 47.5648155], [8.418751, 47.5651612], [8.4188296, 47.5651818], [8.423579, 47.5664352], [8.4236286, 47.5664636], [8.4250159, 47.5673999], [8.4256792, 47.5678595], [8.4246709, 47.5682163], [8.4238077, 47.5685154], [8.4229364, 47.5688036], [8.4220574, 47.5690811], [8.421171, 47.5693475], [8.4202776, 47.5696028], [8.4193773, 47.5698469], [8.4184705, 47.5700798], [8.4175574, 47.5703012], [8.4171631, 47.5703974], [8.4167716, 47.5704987], [8.416383, 47.5706052], [8.4162573, 47.5706417], [8.4134345, 47.5715818], [8.4064201, 47.5749456], [8.3994394, 47.5770941], [8.3979154, 47.5772159], [8.3966426, 47.5771754], [8.3953839, 47.5768929], [8.3939136, 47.5761713], [8.3921112, 47.574902], [8.3906954, 47.5739788], [8.3903359, 47.5737341], [8.3899922, 47.5734795], [8.3896648, 47.573215], [8.3893544, 47.5729414], [8.3890615, 47.5726591], [8.3886137, 47.5721706], [8.3882182, 47.5716619], [8.3878771, 47.5711354], [8.3858922, 47.5677493], [8.3857977, 47.5675983], [8.385693, 47.5674504], [8.3855787, 47.5673058], [8.3854547, 47.5671649], [8.3853213, 47.5670279], [8.3851789, 47.5668953], [8.3850276, 47.5667671], [8.3848679, 47.5666438], [8.3846423, 47.5664872], [8.3844031, 47.5663402], [8.3841511, 47.5662034], [8.3838874, 47.5660771], [8.3836127, 47.5659619], [8.3833283, 47.5658582], [8.3832187, 47.5658239], [8.3831062, 47.5657941], [8.3829913, 47.565769], [8.3828744, 47.5657487], [8.3827558, 47.5657331], [8.382636, 47.5657225], [8.3825156, 47.5657168], [8.3823949, 47.5657161], [8.3822022, 47.5657252], [8.3820117, 47.5657468], [8.3818252, 47.5657809], [8.3816445, 47.565827], [8.3814711, 47.5658847], [8.3791884, 47.5667403], [8.3788517, 47.5668596], [8.3785069, 47.5669678], [8.3781548, 47.5670648], [8.3777964, 47.5671503], [8.3774323, 47.5672242], [8.3770634, 47.5672862], [8.3764565, 47.5673863], [8.3758558, 47.5675026], [8.3752623, 47.5676346], [8.3746769, 47.5677823], [8.3741813, 47.5679079], [8.3736792, 47.5680213], [8.3731715, 47.5681223], [8.3726587, 47.5682108], [8.3721415, 47.5682866], [8.3716205, 47.5683498], [8.3710966, 47.5684001], [8.3705702, 47.5684376], [8.3663437, 47.5686861], [8.3659915, 47.5687094], [8.3656404, 47.5687381], [8.3652903, 47.5687719], [8.3649413, 47.5688111], [8.3645937, 47.5688555], [8.3642477, 47.568905], [8.3639033, 47.5689598], [8.3635609, 47.5690197], [8.3632204, 47.5690847], [8.3628822, 47.5691549], [8.3625464, 47.5692301], [8.3622131, 47.5693103], [8.3618825, 47.5693955], [8.3617768, 47.5694244], [8.3615548, 47.5694856], [8.3612302, 47.5695806], [8.3609087, 47.5696804], [8.3605618, 47.5697847], [8.3602079, 47.5698776], [8.359848, 47.569959], [8.3594826, 47.5700287], [8.3591129, 47.5700866], [8.3587394, 47.5701324], [8.3583632, 47.5701662], [8.357985, 47.5701879], [8.3565642, 47.5702513], [8.3551444, 47.5703252], [8.3541578, 47.5703836], [8.353726, 47.5704092], [8.352663, 47.570479], [8.3516009, 47.5705545], [8.3505398, 47.5706358], [8.3494796, 47.5707229], [8.3489772, 47.5707605], [8.3484733, 47.5707882], [8.3479685, 47.5708058], [8.3474632, 47.5708135], [8.3469577, 47.5708111], [8.3464525, 47.5707987], [8.3459481, 47.5707763], [8.3454449, 47.570744], [8.3409278, 47.5704082], [8.3403407, 47.570372], [8.3397519, 47.5703505], [8.3391624, 47.5703437], [8.3385729, 47.5703517], [8.3373494, 47.5703835], [8.3362339, 47.5704126], [8.3354631, 47.5704164], [8.3346927, 47.5704353], [8.3339236, 47.5704693], [8.3331562, 47.5705184], [8.3323912, 47.5705825], [8.3316292, 47.5706616], [8.330871, 47.5707556], [8.3301171, 47.5708645], [8.3298856, 47.5709028], [8.3296558, 47.5709457], [8.329428, 47.5709933], [8.3292024, 47.5710454], [8.3289791, 47.5711022], [8.3287586, 47.5711634], [8.3285409, 47.571229], [8.3283261, 47.5712991], [8.3250806, 47.5723978], [8.3248266, 47.572487], [8.324577, 47.5725816], [8.3243317, 47.5726813], [8.3240909, 47.572786], [8.3237777, 47.5729333], [8.3234736, 47.5730893], [8.3231792, 47.5732535], [8.3228508, 47.5734477], [8.3225269, 47.5736456], [8.322208, 47.573847], [8.321894, 47.574052], [8.3215849, 47.5742604], [8.321281, 47.5744722], [8.3209822, 47.5746874], [8.3206887, 47.5749058], [8.3202304, 47.575262], [8.3198536, 47.5755708], [8.3197859, 47.5756263], [8.3193558, 47.5759982], [8.3189402, 47.5763778], [8.3185394, 47.5767645], [8.3164593, 47.5788291], [8.3164255, 47.5788626], [8.3151482, 47.5801304], [8.3147787, 47.5804866], [8.3143952, 47.5808361], [8.313998, 47.5811784], [8.3135873, 47.5815134], [8.3131634, 47.5818408], [8.3124285, 47.5823689], [8.3118301, 47.582762], [8.3116593, 47.5828742], [8.3108574, 47.5833557], [8.3105136, 47.5835438], [8.3101568, 47.5837206], [8.309788, 47.5838857], [8.309408, 47.5840388], [8.3088855, 47.5842236], [8.3083467, 47.5843856], [8.3077939, 47.5845242], [8.3050629, 47.5851431], [8.3047459, 47.5852192], [8.3044333, 47.5853031], [8.3041253, 47.5853945], [8.3038224, 47.5854934], [8.3034272, 47.5856366], [8.3030426, 47.5857926], [8.3026695, 47.5859609], [8.302261, 47.5861912], [8.3017793, 47.5864284], [8.3013083, 47.5866753], [8.3008484, 47.5869316], [8.3004, 47.5871971], [8.2999636, 47.5874715], [8.2995395, 47.5877545], [8.299128, 47.5880461], [8.2987296, 47.5883458], [8.2983875, 47.5886337], [8.2980632, 47.5889311], [8.2977572, 47.5892372], [8.29754, 47.5894722], [8.2973336, 47.5897115], [8.2971383, 47.5899551], [8.2969541, 47.5902027], [8.2963607, 47.5910318], [8.2961708, 47.5913145], [8.2960018, 47.5916033], [8.2958541, 47.5918974], [8.2957575, 47.592121], [8.2956732, 47.5923469], [8.2956013, 47.5925747], [8.2955418, 47.5928042], [8.2954884, 47.5930532], [8.2954429, 47.593303], [8.2954054, 47.5935534], [8.2953758, 47.5938042], [8.2953542, 47.5940555], [8.2953407, 47.594307], [8.2953351, 47.5945586], [8.2953375, 47.5948103], [8.2953581, 47.5952127], [8.295399, 47.5956144], [8.2954606, 47.5960149], [8.2955423, 47.5964137], [8.2956444, 47.5968104], [8.2977343, 47.6041788], [8.2977477, 47.6042356], [8.2977737, 47.6043459], [8.2977975, 47.6045143], [8.2978057, 47.6046834], [8.2977982, 47.6048525], [8.2977751, 47.605021], [8.2977363, 47.6051882], [8.2976822, 47.6053534], [8.2976128, 47.6055159], [8.2975285, 47.6056752], [8.2974297, 47.6058307], [8.2973166, 47.6059816], [8.2971897, 47.6061274], [8.2970496, 47.6062676], [8.2968967, 47.6064014], [8.2967318, 47.6065288], [8.2965553, 47.6066487], [8.2953382, 47.6074259], [8.2949585, 47.6076608], [8.2945677, 47.6078872], [8.2941663, 47.6081049], [8.2937548, 47.6083138], [8.2933334, 47.6085137], [8.2929028, 47.6087042], [8.2924634, 47.6088852], [8.2920155, 47.6090566], [8.2900179, 47.6097923], [8.2893771, 47.6100189], [8.2889249, 47.6101658], [8.2887253, 47.6102306], [8.2880632, 47.6104271], [8.2873917, 47.6106083], [8.2867114, 47.6107741], [8.2862821, 47.6108697], [8.2858499, 47.6109591], [8.285415, 47.6110423], [8.2849776, 47.6111192], [8.2845379, 47.6111898], [8.2840961, 47.611254], [8.2836523, 47.611312], [8.2832068, 47.6113635], [8.2808853, 47.6116149], [8.2804822, 47.6116532], [8.2800773, 47.6116811], [8.2796711, 47.6116984], [8.2792643, 47.6117052], [8.2788573, 47.6117016], [8.2784509, 47.6116874], [8.2780455, 47.6116626], [8.2776418, 47.6116275], [8.2770694, 47.6115872], [8.276499, 47.611536], [8.275931, 47.6114735], [8.2753659, 47.6114002], [8.2748041, 47.6113157], [8.2742462, 47.6112203], [8.2736926, 47.6111141], [8.2731438, 47.6109971], [8.2726002, 47.6108695], [8.2720622, 47.6107313], [8.2715304, 47.6105826], [8.2710052, 47.6104237], [8.2704869, 47.6102546], [8.269976, 47.6100754], [8.2694731, 47.6098863], [8.2689784, 47.6096876], [8.2686436, 47.6095751], [8.268299, 47.609477], [8.267946, 47.6093936], [8.267586, 47.6093253], [8.2672204, 47.6092723], [8.2668507, 47.6092349], [8.2664782, 47.6092132], [8.2661044, 47.6092072], [8.2657308, 47.609217], [8.2653589, 47.6092426], [8.2651282, 47.609269], [8.2649009, 47.6093063], [8.264678, 47.6093543], [8.2644607, 47.6094128], [8.2642499, 47.6094815], [8.2640469, 47.6095601], [8.2638525, 47.6096481], [8.2636676, 47.6097451], [8.2634695, 47.6098665], [8.2632864, 47.6099982], [8.2631195, 47.6101394], [8.2629699, 47.6102893], [8.2628387, 47.6104467], [8.2627265, 47.6106108], [8.2626342, 47.6107805], [8.2613246, 47.6135236], [8.2612565, 47.6136677], [8.2608808, 47.6143626], [8.260762, 47.6144967], [8.2604817, 47.6146916], [8.260149, 47.6149046], [8.2597108, 47.6150698], [8.2591137, 47.6152481], [8.2588304, 47.6152903], [8.2585783, 47.615312], [8.2580526, 47.6153265], [8.2569124, 47.6153157], [8.2555892, 47.615183], [8.2543314, 47.6149732], [8.2539869, 47.6149083], [8.2529371, 47.6146662], [8.2520946, 47.6143645], [8.252034, 47.6143401], [8.2511481, 47.6140022], [8.2500565, 47.6136328], [8.2498718, 47.6135751], [8.2486804, 47.613235], [8.2473094, 47.6129083], [8.2463333, 47.6127225], [8.2459102, 47.6126419], [8.2446246, 47.6124603], [8.2442122, 47.612446], [8.2438686, 47.6124606], [8.2391798, 47.6128797], [8.2388184, 47.6128695], [8.2384624, 47.6128262], [8.2381183, 47.6127506], [8.2377928, 47.6126441], [8.2373248, 47.6124148], [8.2369837, 47.612162], [8.2357725, 47.6108174], [8.2347778, 47.6098452], [8.2339765, 47.6091435], [8.2309144, 47.6066293], [8.2301853, 47.6061419], [8.2293759, 47.6057163], [8.2284979, 47.6053585], [8.2276237, 47.6050899], [8.2271316, 47.6050152], [8.2266275, 47.6050264], [8.2261437, 47.6051227], [8.2257111, 47.6052982], [8.2252481, 47.6056206], [8.2247597, 47.6060623], [8.224347, 47.6065381], [8.2240574, 47.6069685], [8.2240152, 47.607042], [8.2239145, 47.6072259], [8.2238204, 47.607436], [8.2236995, 47.607752], [8.2236046, 47.608143], [8.2235281, 47.6085962], [8.2234814, 47.6090492], [8.2233444, 47.6097768], [8.2229925, 47.6114817], [8.2227012, 47.6123746], [8.2223398, 47.6133411], [8.2221901, 47.6137594], [8.2219826, 47.6142732], [8.2217206, 47.614853], [8.2215326, 47.6152317], [8.2213301, 47.6155893], [8.2212307, 47.6157648], [8.2211437, 47.6159305], [8.2209539, 47.6162492], [8.22083, 47.6164474], [8.2207354, 47.616583], [8.2206142, 47.6167367], [8.2205109, 47.616858], [8.2203722, 47.6170082], [8.2200674, 47.6172673], [8.21991, 47.6173908], [8.2196442, 47.6175701], [8.2191088, 47.6179112], [8.2188298, 47.6180854], [8.2185182, 47.6182679], [8.2181904, 47.6184536], [8.2177921, 47.6186642], [8.2174837, 47.6188166], [8.2172896, 47.6189078], [8.2171656, 47.6189605], [8.2166329, 47.6191734], [8.2161114, 47.6193685], [8.2158737, 47.6194547], [8.2155054, 47.6195892], [8.2151618, 47.6197111], [8.2150687, 47.619742], [8.2147759, 47.6198392], [8.2141526, 47.6200349], [8.2138632, 47.6201241], [8.2135886, 47.6202047], [8.2132229, 47.620306], [8.2130955, 47.6203379], [8.2122766, 47.6205366], [8.21214, 47.6205669], [8.2114229, 47.6207013], [8.2105703, 47.6208353], [8.2102887, 47.6208737], [8.209843, 47.6209301], [8.209423, 47.6209767], [8.209183, 47.620998], [8.2082679, 47.6210648], [8.2073331, 47.6211089], [8.2071569, 47.6211124], [8.2068045, 47.6211105], [8.2063097, 47.6211118], [8.2053645, 47.6210607], [8.2043848, 47.6209452], [8.2029999, 47.620785], [8.2024978, 47.6206912], [8.2011665, 47.6203478], [8.2010317, 47.6203058], [8.1992305, 47.6196103], [8.1971933, 47.6185749], [8.1956507, 47.6174858], [8.194915, 47.6169369], [8.1931236, 47.6156073], [8.1927612, 47.6152626], [8.1922887, 47.6147311], [8.1921475, 47.6145324], [8.1910618, 47.6127961], [8.1904756, 47.6121839], [8.1901236, 47.6117379], [8.187316, 47.6075114], [8.1862801, 47.6064071], [8.1852812, 47.6054788], [8.1845188, 47.6049906], [8.1828552, 47.6042183], [8.1794141, 47.6034138], [8.1778324, 47.6030859], [8.1765871, 47.6026011], [8.1749205, 47.6017799], [8.173182, 47.6006414], [8.1718445, 47.5994371], [8.1714803, 47.5990003], [8.1706352, 47.5981882], [8.1697434, 47.5974985], [8.1691146, 47.5971682], [8.1684107, 47.5967092], [8.1675477, 47.5959151], [8.1671398, 47.5956207], [8.1667494, 47.5953307], [8.1658231, 47.5946978], [8.1650573, 47.5942624], [8.1643899, 47.5939804], [8.162761, 47.5936171], [8.1600571, 47.5936082], [8.1593283, 47.5937325], [8.1592112, 47.5937565], [8.1589441, 47.5938193], [8.1583223, 47.5939638], [8.1577085, 47.5941231], [8.1571034, 47.5942969], [8.1565077, 47.5944851], [8.1559221, 47.5946874], [8.1553476, 47.5949035], [8.1547847, 47.5951333], [8.1542341, 47.5953763], [8.1540274, 47.5954594], [8.1538161, 47.5955372], [8.1536006, 47.5956097], [8.1533812, 47.5956764], [8.1531582, 47.5957374], [8.152932, 47.5957926], [8.1527027, 47.595842], [8.1524709, 47.5958854], [8.1522368, 47.5959227], [8.1520008, 47.5959542], [8.1517631, 47.5959795], [8.1515243, 47.5959986], [8.1512844, 47.5960115], [8.1510441, 47.5960183], [8.1508036, 47.5960189], [8.1505632, 47.5960132], [8.1502743, 47.5959924], [8.1499869, 47.5959638], [8.1497015, 47.5959276], [8.1495102, 47.5958979], [8.1494184, 47.5958837], [8.149138, 47.5958321], [8.148861, 47.5957731], [8.1485876, 47.5957068], [8.1483183, 47.5956332], [8.1480535, 47.5955524], [8.1477937, 47.5954645], [8.1475393, 47.5953697], [8.1472906, 47.5952681], [8.1470482, 47.59516], [8.1468122, 47.5950453], [8.1465832, 47.5949246], [8.1463614, 47.5947977], [8.1443274, 47.5933945], [8.1441473, 47.593263], [8.1439618, 47.5931349], [8.1437709, 47.5930107], [8.143575, 47.59289], [8.143374, 47.5927732], [8.1431682, 47.5926603], [8.1429577, 47.5925514], [8.1427427, 47.5924466], [8.1392783, 47.5908079], [8.1390317, 47.5906937], [8.1387995, 47.5905664], [8.1385832, 47.590427], [8.1383841, 47.5902762], [8.1382036, 47.5901151], [8.1380427, 47.5899446], [8.1379029, 47.589766], [8.1377846, 47.5895803], [8.1376904, 47.5893925], [8.1376183, 47.5892004], [8.1375689, 47.589005], [8.1375425, 47.5888076], [8.1375391, 47.5886094], [8.1375589, 47.5884116], [8.1376016, 47.5882154], [8.1376671, 47.5880222], [8.1380801, 47.5867401], [8.138134, 47.5865354], [8.1381643, 47.5863287], [8.138171, 47.5861209], [8.1381542, 47.5859134], [8.1381137, 47.5857075], [8.13805, 47.5855042], [8.1379632, 47.5853048], [8.1378541, 47.5851106], [8.1377233, 47.5849226], [8.1376404, 47.58482], [8.137551, 47.58472], [8.1374552, 47.5846226], [8.1373534, 47.5845282], [8.1372455, 47.5844368], [8.137132, 47.5843487], [8.1370129, 47.584264], [8.1368885, 47.5841829], [8.136759, 47.5841054], [8.1366247, 47.5840319], [8.1364858, 47.5839624], [8.1363425, 47.583897], [8.1361953, 47.5838358], [8.1360442, 47.583779], [8.1358897, 47.5837267], [8.1357319, 47.5836789], [8.1353978, 47.5835909], [8.135057, 47.5835151], [8.1347109, 47.5834518], [8.1343602, 47.5834013], [8.1340059, 47.5833636], [8.1337831, 47.5833466], [8.1335597, 47.5833348], [8.1333357, 47.583328], [8.1331116, 47.5833264], [8.1328875, 47.5833298], [8.1326637, 47.5833384], [8.1324404, 47.5833521], [8.132218, 47.5833708], [8.1316707, 47.5834155], [8.1311211, 47.5834448], [8.1305702, 47.5834587], [8.1301568, 47.583459], [8.1297435, 47.5834505], [8.1293308, 47.5834333], [8.128919, 47.5834075], [8.1281722, 47.5833607], [8.1274235, 47.5833298], [8.1266737, 47.5833147], [8.126134, 47.5833153], [8.124647, 47.5833321], [8.1223546, 47.5835389], [8.1202984, 47.5837892], [8.1185441, 47.5839072], [8.1171711, 47.5839313], [8.11597, 47.5838679], [8.1139843, 47.5837229], [8.1124505, 47.5834789], [8.1106887, 47.582945], [8.1101412, 47.5827505], [8.1092689, 47.58225], [8.1067763, 47.5804652], [8.1061894, 47.5800153], [8.1054515, 47.5792934], [8.1047386, 47.5785344], [8.1043746, 47.5780695], [8.1041726, 47.5778095], [8.1036927, 47.5771956], [8.1030688, 47.5762457], [8.1028008, 47.5756398], [8.1025199, 47.5745479], [8.1024069, 47.573648], [8.1024229, 47.5727061], [8.1023819, 47.5713172], [8.1023089, 47.5705773], [8.102097, 47.5692765], [8.102061, 47.5689255], [8.101661, 47.5673157], [8.1015441, 47.5666058], [8.1009477, 47.5654857], [8.1007017, 47.5649345], [8.0999983, 47.5636571], [8.0996163, 47.5630662], [8.0993054, 47.5626312], [8.0989054, 47.5622232], [8.0983575, 47.5617843], [8.0976616, 47.5612843], [8.0973387, 47.5610824], [8.0970077, 47.5608764], [8.0959299, 47.5602435], [8.095061, 47.5598045], [8.0937252, 47.5592436], [8.0927093, 47.5587286], [8.0920944, 47.5584766], [8.0918064, 47.5583627], [8.0913095, 47.5581677], [8.0902497, 47.5578287], [8.0892765, 47.5577027], [8.0885317, 47.557621], [8.0860916, 47.5575013], [8.0855013, 47.5574875], [8.0845692, 47.5574858], [8.0838797, 47.557548], [8.0832893, 47.5576549], [8.0812789, 47.5580457], [8.0804112, 47.5583343], [8.0795801, 47.5586716], [8.0783593, 47.5593753], [8.077363, 47.5599564], [8.0764454, 47.5605101], [8.0752886, 47.5612565], [8.0747986, 47.5615829], [8.0746638, 47.5616986], [8.0746267, 47.561729], [8.074588, 47.5617536], [8.073238, 47.5627191], [8.073124, 47.5628101], [8.0720342, 47.5633467], [8.071524, 47.563608], [8.0710314, 47.5638413], [8.0704421, 47.5640346], [8.069409, 47.5643515], [8.067856, 47.5645004], [8.0672028, 47.5645009], [8.065842, 47.564218], [8.0652051, 47.563974], [8.0642733, 47.5635717], [8.0636716, 47.5633526], [8.0630462, 47.5632307], [8.0622543, 47.5632557], [8.0607017, 47.563573], [8.0603587, 47.563665], [8.0597028, 47.563677], [8.0591816, 47.5634545], [8.0589209, 47.5631771], [8.0585543, 47.5627051], [8.058236, 47.5620972], [8.0580281, 47.5618492], [8.0572004, 47.561203], [8.0563483, 47.5608479], [8.0558825, 47.5606666], [8.0548246, 47.5600829], [8.05324, 47.5591406], [8.052963, 47.5589789], [8.0525338, 47.5587429], [8.0521137, 47.5585345], [8.051412, 47.5581646], [8.0507981, 47.5579736], [8.0505872, 47.5578488], [8.0485113, 47.5564789], [8.0482937, 47.5563184], [8.048191, 47.5562446], [8.0476953, 47.5559171], [8.0468696, 47.5556119], [8.0461057, 47.5553149], [8.0460522, 47.5552988], [8.0452689, 47.5550629], [8.0434941, 47.554601], [8.0431448, 47.554498], [8.0425382, 47.554319], [8.0420321, 47.5541314], [8.040923, 47.5537203], [8.0407795, 47.5536671], [8.0402486, 47.5535331], [8.0389287, 47.5532621], [8.0368952, 47.5529487], [8.0366641, 47.5529112], [8.0353507, 47.5527469], [8.0342254, 47.5526062], [8.0336823, 47.5525524], [8.0293648, 47.552125], [8.0275583, 47.5519462], [8.0262825, 47.5517173], [8.0253476, 47.5515073], [8.0252551, 47.5514787], [8.0248787, 47.5513623], [8.0238208, 47.5508704], [8.0236639, 47.5507904], [8.0234419, 47.5506834], [8.0231604, 47.5505953], [8.0231058, 47.5505782], [8.022593, 47.5505044], [8.0222286, 47.5504781], [8.0214842, 47.5504244], [8.0207163, 47.5504054], [8.0203763, 47.5504308], [8.0179271, 47.5506137], [8.0175967, 47.5506384], [8.0163702, 47.5508326], [8.015671, 47.5509433], [8.0149841, 47.5510953], [8.0143729, 47.5513062], [8.0139762, 47.5514503], [8.0134661, 47.5516391], [8.0132443, 47.5517212], [8.0119765, 47.5522892], [8.0118618, 47.5523469], [8.0108986, 47.5528311], [8.0098638, 47.553415], [8.0084599, 47.5543609], [8.0081827, 47.5545517], [8.0081315, 47.5545777], [8.0080896, 47.5545976], [8.007747, 47.5547619], [8.0075125, 47.5548627], [8.0073841, 47.5549179], [8.0068112, 47.5551139], [8.0061628, 47.555306], [8.0056053, 47.5554325], [8.0024072, 47.5560393], [8.0016753, 47.5561723], [8.0009232, 47.5562873], [8.0003512, 47.5563635], [7.999873, 47.5564187], [7.9994194, 47.5564593], [7.9991346, 47.556482], [7.9979992, 47.5565427], [7.997056, 47.5565571], [7.9961128, 47.5565391], [7.9951723, 47.5564888], [7.98991, 47.5560036], [7.9885576, 47.5558359], [7.9864842, 47.5555364], [7.9848206, 47.5553573], [7.9826639, 47.5552228], [7.9804985, 47.5551968], [7.9781297, 47.5552328], [7.9760565, 47.5553109], [7.9739892, 47.5554436], [7.971863, 47.5556412], [7.9701313, 47.5558829], [7.9686396, 47.5561612], [7.967176, 47.5565008], [7.9657457, 47.5569005], [7.9647483, 47.5572038], [7.9621702, 47.5579763], [7.9615307, 47.5580975], [7.9608727, 47.5581576], [7.9607778, 47.558161], [7.9603254, 47.5581603], [7.9598375, 47.5581267], [7.9593574, 47.5580594], [7.9588899, 47.5579594], [7.9583525, 47.5577972], [7.9560993, 47.5569848], [7.9554498, 47.5566789], [7.954851, 47.5563288], [7.9529931, 47.5550249], [7.9525753, 47.5546662], [7.9522199, 47.5542123], [7.9519979, 47.5537211], [7.9511965, 47.5498907], [7.951074, 47.5494537], [7.9509143, 47.5490016], [7.9505775, 47.5482392], [7.9498899, 47.5470186], [7.9492885, 47.5461817], [7.9485492, 47.5453969], [7.9480824, 47.5449874], [7.9476027, 47.5446226], [7.9469885, 47.5442877], [7.9462889, 47.5440412], [7.9456175, 47.5439042], [7.9448332, 47.543848], [7.944221, 47.5438775], [7.9420016, 47.5441452], [7.9411732, 47.54431], [7.9402652, 47.5445716], [7.940174, 47.5446029], [7.939242, 47.5449519], [7.9378407, 47.5454458], [7.9372598, 47.5456788], [7.9365509, 47.5459607], [7.9364866, 47.5459792], [7.9348261, 47.5464567], [7.9335113, 47.5468006], [7.9325401, 47.5469416], [7.9325254, 47.5469456], [7.9317443, 47.5470158], [7.9305303, 47.5471082], [7.9288351, 47.5471033], [7.9276035, 47.5470169], [7.9255674, 47.5467955], [7.9248079, 47.5467459], [7.9237325, 47.5467628], [7.9194902, 47.5471721], [7.9179471, 47.5475027], [7.916512, 47.5479801], [7.9150753, 47.5486663], [7.9138037, 47.5494329], [7.9125585, 47.5503103], [7.9116053, 47.5510394], [7.91077, 47.5518349], [7.9103109, 47.5523533], [7.9098844, 47.5529149], [7.90946, 47.5535558], [7.9087609, 47.5549316], [7.9083247, 47.5557956], [7.9076188, 47.5579693], [7.9072839, 47.5591642], [7.9072239, 47.560453], [7.9072959, 47.560919], [7.9074108, 47.561308], [7.9076128, 47.5616739], [7.9079306, 47.5621446], [7.9082986, 47.5626226], [7.9095982, 47.5640101], [7.9102796, 47.5646979], [7.9107497, 47.5652333], [7.9110823, 47.5657785], [7.9113233, 47.5662594], [7.9113853, 47.5664914], [7.9114773, 47.5668423], [7.9116158, 47.5674786], [7.9115862, 47.5681195], [7.9114009, 47.5689373], [7.911128, 47.57007], [7.9109394, 47.570652], [7.9107687, 47.5710912], [7.910403, 47.5717812], [7.909888, 47.5724738], [7.9090887, 47.5734605], [7.9081397, 47.5748044], [7.9073989, 47.5760046], [7.9066924, 47.5769902], [7.9059175, 47.5779748], [7.9052741, 47.5787129], [7.9045961, 47.5794108], [7.9040735, 47.5799253], [7.9034193, 47.5805263], [7.902958, 47.5809482], [7.9020597, 47.581648], [7.9013134, 47.5821872], [7.9001425, 47.5829192], [7.8990723, 47.5835484], [7.8980705, 47.5841236], [7.8951652, 47.585806], [7.8936094, 47.5867069], [7.8932461, 47.5869067], [7.8928684, 47.587094], [7.8924773, 47.5872681], [7.8920737, 47.5874286], [7.8916587, 47.5875754], [7.8912332, 47.5877077], [7.8907985, 47.5878255], [7.8903556, 47.5879283], [7.8881692, 47.5883943], [7.8876042, 47.5885063], [7.887033, 47.5886029], [7.8864566, 47.5886837], [7.8858758, 47.5887489], [7.8852916, 47.5887981], [7.8847049, 47.5888315], [7.8841167, 47.5888488], [7.883528, 47.58885], [7.8829396, 47.5888353], [7.8823526, 47.5888045], [7.8772005, 47.5884635], [7.8767026, 47.5884385], [7.8762035, 47.5884294], [7.8757044, 47.5884361], [7.8753306, 47.5884515], [7.8749579, 47.5884758], [7.8745867, 47.5885089], [7.8742174, 47.5885509], [7.8738947, 47.5885885], [7.8735706, 47.5886201], [7.8732453, 47.5886456], [7.8729192, 47.5886652], [7.8703999, 47.5887924], [7.8698926, 47.58881], [7.8693846, 47.588811], [7.8688772, 47.5887956], [7.8684977, 47.5887733], [7.8681196, 47.5887418], [7.8677434, 47.5887011], [7.8673696, 47.5886514], [7.862707, 47.5879722], [7.8622603, 47.5879003], [7.8618186, 47.5878153], [7.8613828, 47.5877177], [7.8609536, 47.5876073], [7.8605319, 47.5874845], [7.8601183, 47.5873495], [7.8598141, 47.5872404], [7.8595152, 47.5871246], [7.859222, 47.5870024], [7.8589348, 47.5868739], [7.8586539, 47.5867391], [7.8583796, 47.5865982], [7.8581122, 47.5864514], [7.857852, 47.5862988], [7.8573712, 47.5860174], [7.8568765, 47.5857473], [7.8563685, 47.5854888], [7.8558477, 47.5852421], [7.8553148, 47.5850076], [7.8547703, 47.5847855], [7.854215, 47.5845763], [7.8536494, 47.5843799], [7.8530743, 47.5841967], [7.8524902, 47.5840269], [7.847824, 47.5827337], [7.8475045, 47.5826491], [7.8471811, 47.5825717], [7.8468542, 47.5825012], [7.8465241, 47.582438], [7.8460796, 47.582365], [7.8456308, 47.5823048], [7.8451787, 47.582258], [7.8445423, 47.5822084], [7.8439039, 47.5821726], [7.8432641, 47.5821508], [7.8426237, 47.5821429], [7.8419832, 47.5821488], [7.8413432, 47.5821686], [7.8407046, 47.5822025], [7.8400679, 47.5822502], [7.8397678, 47.5822819], [7.8394708, 47.5823251], [7.839178, 47.5823797], [7.8388903, 47.5824456], [7.8386086, 47.5825224], [7.8383339, 47.58261], [7.8380669, 47.5827082], [7.8378087, 47.5828164], [7.8375254, 47.5829521], [7.8373732, 47.5830355], [7.8372477, 47.5831001], [7.836684, 47.5834863], [7.8359623, 47.5841981], [7.8347593, 47.5855894], [7.8345305, 47.5857982], [7.8342892, 47.585977], [7.8340514, 47.5860898], [7.8328334, 47.5865748], [7.8319628, 47.5868684], [7.8310284, 47.5870744], [7.8252308, 47.5879045], [7.8244079, 47.5879835], [7.8238148, 47.5880042], [7.823221, 47.5879951], [7.8221613, 47.5879034], [7.8215833, 47.5878114], [7.8203116, 47.5875486], [7.8199415, 47.5874489], [7.8195909, 47.5873209], [7.8192023, 47.5871327], [7.8188025, 47.5868698], [7.8185134, 47.5866124], [7.8182464, 47.5862814], [7.8150153, 47.5810252], [7.8144053, 47.5797758], [7.8139905, 47.5786402], [7.8139472, 47.578497], [7.813698, 47.5774874], [7.8124876, 47.5710244], [7.8123322, 47.5705576], [7.8121023, 47.5700765], [7.8118606, 47.5696882], [7.8115124, 47.5692408], [7.8111039, 47.5688174], [7.8106382, 47.5684213], [7.8101197, 47.5680564], [7.8096505, 47.5677787], [7.808731, 47.5673443], [7.805999, 47.5662939], [7.804655, 47.5656802], [7.8036945, 47.5651754], [7.8029277, 47.5647268], [7.8020506, 47.5641567], [7.8013574, 47.5636563], [7.7997245, 47.5623514], [7.7991114, 47.5617482], [7.7986721, 47.561169], [7.7968306, 47.5582277], [7.7964584, 47.5578409], [7.7959732, 47.5575165], [7.7956628, 47.5573689], [7.7953287, 47.5572473], [7.7909204, 47.5559496], [7.7903233, 47.5556762], [7.7895145, 47.5551664], [7.7889209, 47.5549165], [7.7883388, 47.5547693], [7.7870392, 47.5545631], [7.7862906, 47.554379], [7.7857744, 47.554217], [7.7834015, 47.5533753], [7.7826231, 47.5531519], [7.7818315, 47.5529884], [7.780949, 47.5528749], [7.7757413, 47.5526438], [7.7746856, 47.552541], [7.7736474, 47.552375], [7.7729214, 47.5522183], [7.7722116, 47.5520307], [7.7715209, 47.5518127], [7.7702841, 47.5513733], [7.7678251, 47.5506937], [7.7669505, 47.5504919], [7.7653706, 47.5502094], [7.7645192, 47.550029], [7.7583759, 47.5484575], [7.7582031, 47.5483994], [7.7574736, 47.548082], [7.7569056, 47.5477289], [7.7552875, 47.5463043], [7.7550543, 47.546099], [7.7545684, 47.5457408], [7.7541833, 47.545511], [7.75377, 47.5453051], [7.752965, 47.5449991], [7.7528713, 47.5449705], [7.7520988, 47.5447827], [7.748962, 47.5442294], [7.7487144, 47.5441893], [7.7466514, 47.543899], [7.7443338, 47.5436634], [7.7280805, 47.5425515], [7.724155, 47.542235], [7.7239478, 47.5422161], [7.7226108, 47.5420918], [7.7213684, 47.5419745], [7.7203416, 47.5418905], [7.7195284, 47.5417695], [7.7188718, 47.5416275], [7.7183353, 47.5414573], [7.7174813, 47.5411517], [7.7165135, 47.5407809], [7.7157677, 47.5404974], [7.7140661, 47.5398346], [7.7135329, 47.539635]]], [[[8.4379003, 47.4078635], [8.4379792, 47.4076311], [8.4379444, 47.4076237], [8.4379993, 47.4075097], [8.43823, 47.4075618], [8.4383874, 47.407592], [8.4385215, 47.4076154], [8.4388077, 47.4077223], [8.4389437, 47.4077644], [8.4391025, 47.4078039], [8.43924, 47.4078202], [8.4393114, 47.4078365], [8.4393772, 47.4078607], [8.4394389, 47.4078974], [8.439475, 47.4079339], [8.4394882, 47.4079535], [8.4395804, 47.4080946], [8.4396396, 47.4081676], [8.4396854, 47.4082369], [8.4397221, 47.4082826], [8.4397502, 47.4083083], [8.4398139, 47.4083424], [8.4398437, 47.4083542], [8.4398843, 47.4083711], [8.4401372, 47.4084456], [8.4402694, 47.4084923], [8.4403716, 47.4085235], [8.4401379, 47.4088691], [8.4398452, 47.409019], [8.439096, 47.4088081], [8.4388427, 47.4086079], [8.4383589, 47.4082949], [8.4379725, 47.4080723], [8.4379244, 47.4079498], [8.4379003, 47.4078635]]]]}}