{"type": "Feature", "properties": {"code": "ZH", "display_name": "Zürich, Schweiz"}, "geometry": {"type": "Polygon", "coordinates": [[[8.3576804, 47.5025253], [8.3578328, 47.5024676], [8.3585672, 47.5012831], [8.3588818, 47.5010398], [8.3592212, 47.5009027], [8.3597894, 47.5008203], [8.360121, 47.5008357], [8.3630475, 47.5011863], [8.3630918, 47.5011433], [8.362799, 47.5007234], [8.3627461, 47.5001196], [8.3621486, 47.4995601], [8.3613193, 47.4992284], [8.360616, 47.4988712], [8.3602356, 47.4986283], [8.3595407, 47.4980534], [8.3584307, 47.4974812], [8.3582895, 47.4974795], [8.3590545, 47.4969312], [8.3600704, 47.4963834], [8.3604105, 47.4961037], [8.360839, 47.495606], [8.3610691, 47.4951757], [8.3612795, 47.4942406], [8.3613119, 47.4938664], [8.3612437, 47.4934994], [8.3613453, 47.4932632], [8.3616582, 47.4925359], [8.3618857, 47.4914123], [8.3621842, 47.4910633], [8.362223, 47.4910387], [8.3622694, 47.490993], [8.362508, 47.4908606], [8.3626474, 47.4906013], [8.3626554, 47.4904339], [8.362453, 47.4896418], [8.3620643, 47.4885416], [8.3622759, 47.4882128], [8.3620876, 47.4875686], [8.36199, 47.4857452], [8.3625483, 47.4839077], [8.3625259, 47.483686], [8.3627506, 47.4832326], [8.3627493, 47.4829145], [8.3630176, 47.4816348], [8.3632368, 47.4809418], [8.363263, 47.4808564], [8.3648143, 47.481014], [8.3649572, 47.4810285], [8.3650323, 47.4810317], [8.3664635, 47.4810936], [8.3667849, 47.4811075], [8.3670581, 47.4811193], [8.3674663, 47.481137], [8.3687949, 47.4811945], [8.3689666, 47.4812019], [8.3692335, 47.4812134], [8.3694096, 47.481221], [8.3695633, 47.4812276], [8.3697811, 47.481237], [8.3708061, 47.4812813], [8.3710801, 47.4812931], [8.3712253, 47.4813049], [8.3720447, 47.4813714], [8.372622, 47.4814182], [8.3732537, 47.4814695], [8.3735467, 47.4811517], [8.3741864, 47.4804561], [8.3740611, 47.4786317], [8.3740863, 47.4783085], [8.3740993, 47.4781504], [8.373984, 47.4778044], [8.3737216, 47.4755421], [8.3735847, 47.474859], [8.3741034, 47.4742766], [8.3742981, 47.4730145], [8.3752808, 47.471644], [8.3753137, 47.4711383], [8.373746, 47.4707717], [8.3725953, 47.4702775], [8.3717996, 47.4701358], [8.3713695, 47.4701381], [8.3701492, 47.4704433], [8.3696318, 47.4704379], [8.3687644, 47.4703499], [8.3680335, 47.4704161], [8.3677742, 47.4703514], [8.3671346, 47.4698023], [8.3669079, 47.4697107], [8.366388, 47.4696055], [8.3662969, 47.469502], [8.3663756, 47.4694053], [8.3666284, 47.4693538], [8.3675428, 47.4694052], [8.367778, 47.4693409], [8.3679432, 47.4692421], [8.3680627, 47.4689707], [8.3679936, 47.4685813], [8.3678285, 47.4681845], [8.3677321, 47.4680807], [8.3675784, 47.4680163], [8.3666156, 47.467907], [8.3657646, 47.4675252], [8.3659355, 47.4670145], [8.3656733, 47.4662147], [8.3671316, 47.4657723], [8.3672064, 47.4657496], [8.367383, 47.4662256], [8.3688413, 47.4658035], [8.3688513, 47.4653517], [8.3694382, 47.4653353], [8.3693883, 47.464843], [8.3696787, 47.4638849], [8.3697962, 47.4639115], [8.3698159, 47.4638785], [8.3697049, 47.4638041], [8.3695234, 47.4634003], [8.3706532, 47.4623953], [8.3709902, 47.4619204], [8.3710051, 47.4617908], [8.3721382, 47.4610682], [8.3726224, 47.4601196], [8.3727656, 47.4595764], [8.3727633, 47.4593054], [8.3728316, 47.45918], [8.374303, 47.4593608], [8.377851, 47.459488], [8.3780891, 47.4593294], [8.3788731, 47.4592733], [8.3789876, 47.459174], [8.379135, 47.4579794], [8.3793599, 47.4573349], [8.3800665, 47.4564788], [8.3801417, 47.4562649], [8.3801849, 47.4561421], [8.3803021, 47.4561952], [8.3827218, 47.4563269], [8.3829015, 47.4562438], [8.383098, 47.455128], [8.3829937, 47.4550074], [8.3844146, 47.4549144], [8.3842897, 47.4538841], [8.3848109, 47.4540831], [8.3849266, 47.4538769], [8.3850965, 47.4538141], [8.3849985, 47.4537923], [8.3849106, 47.4536654], [8.3856861, 47.4515657], [8.3866522, 47.449729], [8.3868049, 47.4496962], [8.3868929, 47.4495992], [8.3866202, 47.4494871], [8.3858111, 47.4492625], [8.38175, 47.4486977], [8.3821554, 47.4464715], [8.382092, 47.4464302], [8.3810061, 47.4463736], [8.3810263, 47.4462684], [8.3811138, 47.4462254], [8.3816682, 47.444141], [8.3819016, 47.4424457], [8.3819981, 47.4421745], [8.3820014, 47.4421447], [8.3818936, 47.4421452], [8.3818638, 47.4416932], [8.3818689, 47.4408622], [8.3819501, 47.440491], [8.382451, 47.4404124], [8.3828587, 47.4402366], [8.3834605, 47.4401011], [8.3837337, 47.4399815], [8.3844588, 47.4383939], [8.3839546, 47.4383224], [8.3838254, 47.4382295], [8.3839806, 47.4373019], [8.3840593, 47.4372106], [8.3845874, 47.4368973], [8.3850333, 47.4367292], [8.3851022, 47.4363136], [8.3850265, 47.4359428], [8.3844827, 47.4352998], [8.3841294, 47.4350187], [8.3839233, 47.4349518], [8.3839289, 47.4349159], [8.3839843, 47.4345553], [8.3836512, 47.4341158], [8.3835778, 47.4340161], [8.383568, 47.4340032], [8.3835558, 47.4339861], [8.3833002, 47.4336469], [8.3828582, 47.4329057], [8.3810307, 47.4333127], [8.3808385, 47.4327603], [8.3792665, 47.4331116], [8.3792055, 47.4330488], [8.3790907, 47.4330811], [8.3781392, 47.4334029], [8.3770848, 47.4338306], [8.3765772, 47.4333083], [8.3761717, 47.4334897], [8.3757465, 47.4327871], [8.3752005, 47.4323174], [8.3746527, 47.432249], [8.3746871, 47.4320941], [8.3750201, 47.4311923], [8.3750683, 47.430666], [8.3756593, 47.4301101], [8.3759868, 47.4298957], [8.377251, 47.4294075], [8.378114, 47.429219], [8.380135, 47.4290542], [8.3832521, 47.4280954], [8.3851762, 47.4279624], [8.3876208, 47.4279591], [8.3875783, 47.4275838], [8.3878307, 47.427011], [8.3879424, 47.4267576], [8.3885279, 47.4259723], [8.3890111, 47.4254792], [8.3889605, 47.4254306], [8.3889986, 47.425294], [8.3892626, 47.4251131], [8.3894548, 47.4251055], [8.3902253, 47.4244805], [8.3905829, 47.4241366], [8.3906321, 47.4240515], [8.3905973, 47.4239624], [8.3908604, 47.4237503], [8.3909844, 47.4237383], [8.3911673, 47.4236204], [8.3918573, 47.422804], [8.3919145, 47.4227041], [8.3921881, 47.4221098], [8.3922404, 47.4218836], [8.3922645, 47.4216878], [8.3922541, 47.4214379], [8.3921797, 47.4209803], [8.3918733, 47.4203083], [8.3914412, 47.4197719], [8.3875383, 47.4163596], [8.3867229, 47.4167562], [8.3837913, 47.4180257], [8.3817488, 47.4162654], [8.3837662, 47.4151877], [8.3840798, 47.4150191], [8.3846016, 47.4147401], [8.3845401, 47.4146873], [8.38495, 47.4144638], [8.3852456, 47.4144205], [8.38537, 47.4144829], [8.3834054, 47.4127798], [8.3831658, 47.4127994], [8.3825422, 47.4130565], [8.3823502, 47.4128553], [8.3830845, 47.4125324], [8.3819813, 47.411571], [8.3816103, 47.4111837], [8.3813239, 47.410759], [8.3811986, 47.4104426], [8.3811452, 47.4103078], [8.3810792, 47.4098428], [8.3811278, 47.4093769], [8.3812896, 47.4089228], [8.38156, 47.4084932], [8.3819301, 47.4081005], [8.3823672, 47.4077486], [8.384611, 47.4062167], [8.3841446, 47.4059067], [8.3839329, 47.4055902], [8.3826834, 47.4047816], [8.3826913, 47.4044292], [8.3825079, 47.4041814], [8.3820188, 47.4039811], [8.382105, 47.4037318], [8.3819943, 47.4035191], [8.3811852, 47.4031995], [8.3812341, 47.4030625], [8.3809569, 47.4029846], [8.3800277, 47.4030139], [8.3801468, 47.4027321], [8.3792425, 47.4024083], [8.3791133, 47.4025645], [8.3779653, 47.4033806], [8.3775309, 47.4034846], [8.3772612, 47.4039119], [8.3761686, 47.404804], [8.3737948, 47.404484], [8.3705956, 47.4038221], [8.369666, 47.4035424], [8.3690768, 47.4033153], [8.3684838, 47.402478], [8.3684059, 47.4022397], [8.3681888, 47.4022868], [8.3679851, 47.402271], [8.3677907, 47.402168], [8.3680367, 47.4014122], [8.3679798, 47.4013314], [8.3677173, 47.4011814], [8.3674265, 47.400737], [8.3663375, 47.4018713], [8.3658179, 47.4025127], [8.3648908, 47.4022897], [8.3626978, 47.4023145], [8.3624958, 47.4023153], [8.3625209, 47.4021613], [8.3627555, 47.4016143], [8.3632912, 47.4010028], [8.3638503, 47.4006473], [8.3642599, 47.4005634], [8.364416, 47.4004317], [8.364727, 47.400158], [8.3650781, 47.3998186], [8.3650462, 47.3995133], [8.3650782, 47.3995064], [8.3653245, 47.3993367], [8.3661683, 47.3988938], [8.3663879, 47.3988229], [8.3670844, 47.3990208], [8.3672656, 47.3989905], [8.3674574, 47.3988063], [8.3678029, 47.3989377], [8.3680562, 47.3989609], [8.3684537, 47.399153], [8.3688545, 47.3992625], [8.3691789, 47.3991301], [8.3696468, 47.3990946], [8.3698321, 47.3991113], [8.3702728, 47.3991679], [8.3706562, 47.3992108], [8.3713376, 47.3991189], [8.3718085, 47.3991139], [8.3724489, 47.3991166], [8.3728595, 47.398964], [8.3734242, 47.3989733], [8.374075, 47.399037], [8.3745707, 47.3991538], [8.3752913, 47.399357], [8.3756229, 47.3995754], [8.3758559, 47.3997223], [8.3760455, 47.3998358], [8.3763033, 47.4000079], [8.3768004, 47.3999591], [8.3773229, 47.4000009], [8.3774903, 47.4000045], [8.3776208, 47.3999848], [8.3778968, 47.3998969], [8.3782323, 47.3996407], [8.3783706, 47.3997974], [8.3784804, 47.4000476], [8.3787199, 47.4000316], [8.3793492, 47.3999086], [8.3799107, 47.3996287], [8.3805654, 47.3989362], [8.3807275, 47.3986295], [8.3805752, 47.3984699], [8.3805202, 47.3982847], [8.3808189, 47.3981606], [8.3808798, 47.3981377], [8.3811683, 47.3978665], [8.3813897, 47.3975075], [8.3816092, 47.3972247], [8.3820147, 47.3969444], [8.38234, 47.3967871], [8.3826422, 47.3966145], [8.3827292, 47.3962678], [8.3828198, 47.3960755], [8.3828436, 47.3958016], [8.3824884, 47.3954093], [8.3828756, 47.3950642], [8.3830476, 47.3948188], [8.3831026, 47.3946763], [8.383097, 47.3946062], [8.3831511, 47.394582], [8.3832507, 47.3947261], [8.3835345, 47.3952567], [8.3835906, 47.3953096], [8.3836678, 47.3953525], [8.3837135, 47.3953668], [8.383762, 47.3953765], [8.3838118, 47.3953808], [8.3838919, 47.3953815], [8.3839729, 47.3953754], [8.3840517, 47.3953644], [8.3841311, 47.3953444], [8.3843925, 47.395268], [8.384504, 47.3952389], [8.3846182, 47.3952148], [8.3847418, 47.3951952], [8.3848674, 47.3951829], [8.3849667, 47.3951773], [8.3851026, 47.3951763], [8.3852171, 47.3951815], [8.3857881, 47.3952459], [8.3858571, 47.3952469], [8.3859932, 47.395243], [8.3862235, 47.3952222], [8.3863136, 47.3952211], [8.3864074, 47.3952353], [8.386487, 47.3952626], [8.3865611, 47.3953061], [8.3867482, 47.3954375], [8.3869981, 47.3955666], [8.387122, 47.3956137], [8.387226, 47.3956417], [8.3873269, 47.3956578], [8.3874351, 47.3956643], [8.387527, 47.3956638], [8.3876172, 47.3956569], [8.3878451, 47.3956335], [8.3879856, 47.3956348], [8.3884213, 47.3954531], [8.3889573, 47.3952657], [8.3890672, 47.395216], [8.3891454, 47.3951742], [8.3892187, 47.3951289], [8.3893054, 47.3950668], [8.3897632, 47.3946455], [8.3902711, 47.3948687], [8.390379, 47.3949927], [8.3905763, 47.3951605], [8.3905519, 47.3951824], [8.3908094, 47.3954029], [8.3910418, 47.3955397], [8.3914014, 47.3956713], [8.391723, 47.3957756], [8.3918179, 47.3958065], [8.3919109, 47.3958393], [8.3919848, 47.3958265], [8.3922065, 47.3957034], [8.3924252, 47.3955719], [8.3924614, 47.3955711], [8.392494, 47.3955068], [8.3925534, 47.3954144], [8.3926158, 47.3954463], [8.3928129, 47.395237], [8.3929585, 47.3950378], [8.3930302, 47.3948949], [8.3930729, 47.3948759], [8.393292, 47.394932], [8.39362, 47.3949871], [8.3936879, 47.3949954], [8.3936965, 47.3949857], [8.3939076, 47.3949801], [8.3944048, 47.3945245], [8.3945834, 47.3942753], [8.3946799, 47.394029], [8.3947796, 47.3935193], [8.3950344, 47.3935674], [8.3951098, 47.3935156], [8.3953566, 47.3935133], [8.395595, 47.3936605], [8.3959965, 47.3937113], [8.3963538, 47.3938188], [8.3961967, 47.3939947], [8.3961639, 47.3940976], [8.3961303, 47.3941388], [8.3963316, 47.3940823], [8.3964737, 47.3939931], [8.3965701, 47.3938587], [8.3966335, 47.3937302], [8.3966425, 47.393593], [8.3965375, 47.393458], [8.396426, 47.3933397], [8.3961824, 47.3931129], [8.3961778, 47.3929555], [8.3964544, 47.3926328], [8.3961562, 47.3921616], [8.3960209, 47.3918352], [8.3957689, 47.3915447], [8.395465, 47.3914217], [8.3953567, 47.3914042], [8.3952059, 47.3913928], [8.3950069, 47.3914016], [8.3948028, 47.391428], [8.3946751, 47.3914319], [8.3945129, 47.3914246], [8.3942903, 47.3913695], [8.3941652, 47.3913048], [8.3940909, 47.3912435], [8.3940327, 47.3911615], [8.3940907, 47.3910294], [8.3942761, 47.3908239], [8.3944306, 47.390707], [8.394631, 47.3904433], [8.3947649, 47.3903005], [8.3949196, 47.3901634], [8.3949014, 47.3900812], [8.3946933, 47.3899795], [8.3948025, 47.3897033], [8.394761, 47.389382], [8.3947765, 47.3891894], [8.3948384, 47.3889029], [8.3948085, 47.3886684], [8.3948046, 47.3882053], [8.3949027, 47.3878038], [8.3949752, 47.3877269], [8.3950709, 47.387658], [8.3951425, 47.3875791], [8.3950828, 47.3875602], [8.3948976, 47.3870932], [8.3949655, 47.3868324], [8.3951859, 47.3865591], [8.395257, 47.386375], [8.3953623, 47.3861782], [8.3953586, 47.385949], [8.3951987, 47.3857531], [8.3948009, 47.3855048], [8.3947652, 47.385296], [8.3949906, 47.3848714], [8.3950483, 47.3847001], [8.3950829, 47.3843694], [8.3949575, 47.384012], [8.3949213, 47.3838495], [8.3948627, 47.383272], [8.3949234, 47.3831508], [8.3950412, 47.3830081], [8.3951228, 47.3827964], [8.3950837, 47.3825022], [8.3950952, 47.3823361], [8.3951628, 47.3821961], [8.3952562, 47.3820481], [8.3954224, 47.3818484], [8.3954531, 47.3817308], [8.3954435, 47.3816933], [8.395298, 47.381512], [8.3951299, 47.3813487], [8.3949738, 47.3811871], [8.3949251, 47.3808789], [8.3949498, 47.380722], [8.3950203, 47.3805413], [8.3951399, 47.3804158], [8.3952396, 47.3803756], [8.3953311, 47.3803571], [8.3954812, 47.38029], [8.3956181, 47.3801604], [8.3957267, 47.3800047], [8.3958684, 47.3798698], [8.3960154, 47.3796856], [8.3961103, 47.3793642], [8.3965628, 47.3790604], [8.39665, 47.3788715], [8.3965815, 47.3787117], [8.39653, 47.3785236], [8.3964974, 47.3779624], [8.3965908, 47.3778604], [8.3966548, 47.3777634], [8.3966515, 47.3776551], [8.3964952, 47.377489], [8.3964046, 47.3773651], [8.3963765, 47.3772457], [8.3963743, 47.3772104], [8.3963796, 47.3770892], [8.3963905, 47.3770445], [8.396464, 47.3769636], [8.3967328, 47.3767135], [8.396767, 47.3766353], [8.3971119, 47.3766895], [8.3973609, 47.3761002], [8.3974299, 47.3759838], [8.3976559, 47.3758565], [8.3980767, 47.3753392], [8.3983234, 47.3751154], [8.3983549, 47.3751303], [8.3991976, 47.3747717], [8.3993785, 47.3748062], [8.3995324, 47.3748197], [8.3996001, 47.3747824], [8.3996411, 47.374749], [8.3997553, 47.3746174], [8.3998391, 47.3745802], [8.4000837, 47.3744322], [8.4001669, 47.3743422], [8.4002573, 47.3742924], [8.4004451, 47.3742285], [8.4005823, 47.3742083], [8.400775, 47.3742014], [8.4007066, 47.3740943], [8.4006815, 47.3740341], [8.4006007, 47.3739976], [8.4004899, 47.3739074], [8.4004947, 47.3738432], [8.400437, 47.3737778], [8.4004317, 47.3736889], [8.4003027, 47.3735109], [8.4002202, 47.3734554], [8.400172, 47.3733993], [8.4001292, 47.3733749], [8.4001352, 47.3733551], [8.4001263, 47.3733313], [8.4000677, 47.3732974], [8.4000309, 47.3732669], [8.4000211, 47.3731879], [8.4000346, 47.3731166], [8.400026, 47.3730845], [8.4000378, 47.3729841], [8.4000529, 47.3729569], [8.400325, 47.3729572], [8.4002774, 47.3724354], [8.4003497, 47.3720981], [8.4005583, 47.3715189], [8.4003428, 47.3711854], [8.4003553, 47.3708641], [8.400372, 47.3705129], [8.4005823, 47.3705294], [8.4013281, 47.3704483], [8.4018661, 47.3706465], [8.4020463, 47.3706046], [8.4022372, 47.3704135], [8.4023729, 47.3704091], [8.4026173, 47.3701701], [8.4029658, 47.3699973], [8.4070314, 47.3702281], [8.4073762, 47.3699513], [8.4078392, 47.3697651], [8.4076357, 47.3693657], [8.4070897, 47.3687931], [8.4071177, 47.3684342], [8.4072818, 47.3678725], [8.4076637, 47.3675674], [8.4079709, 47.3672381], [8.4080968, 47.366899], [8.4082025, 47.3666502], [8.4075996, 47.3665103], [8.407301, 47.3664192], [8.4071332, 47.3663443], [8.4067458, 47.3661191], [8.4063497, 47.3659647], [8.4058749, 47.3655026], [8.4056231, 47.3652684], [8.4053977, 47.364978], [8.4053077, 47.3646125], [8.4052806, 47.3643968], [8.4053219, 47.3642705], [8.4049397, 47.3640991], [8.4052132, 47.3639194], [8.4055046, 47.3636326], [8.4058493, 47.3631459], [8.406094, 47.362904], [8.4062603, 47.3626025], [8.4064704, 47.3622786], [8.40672, 47.361765], [8.4068582, 47.3613114], [8.4068114, 47.3607585], [8.4067475, 47.3604589], [8.4067825, 47.3602836], [8.4067939, 47.3601131], [8.4072737, 47.3600185], [8.4071714, 47.3598379], [8.4070333, 47.3585281], [8.4068366, 47.3581721], [8.4067842, 47.3579926], [8.4069784, 47.3575807], [8.4072805, 47.3572154], [8.4073634, 47.3570442], [8.4073516, 47.3565201], [8.4073791, 47.3562879], [8.4073916, 47.3559769], [8.4073101, 47.3556916], [8.407376, 47.3555436], [8.4074636, 47.3554576], [8.4076279, 47.3553928], [8.407885, 47.3553486], [8.4080616, 47.3553067], [8.4083001, 47.3552259], [8.4086519, 47.3551562], [8.409269, 47.3550916], [8.409283, 47.3550715], [8.4090984, 47.3547998], [8.4091503, 47.3547912], [8.4085736, 47.3539445], [8.4084703, 47.353744], [8.4083466, 47.353555], [8.4081447, 47.3533134], [8.4078451, 47.3530681], [8.4075866, 47.3527908], [8.4070334, 47.3522345], [8.4069795, 47.3520982], [8.4067734, 47.3518951], [8.4065318, 47.3516809], [8.4062796, 47.3514867], [8.4060918, 47.3513419], [8.4057788, 47.3510925], [8.4057288, 47.3506946], [8.4056462, 47.3504248], [8.4056447, 47.3499979], [8.4056643, 47.349663], [8.4056871, 47.3494801], [8.4056877, 47.3493011], [8.4055873, 47.3488356], [8.4051036, 47.3483526], [8.4046697, 47.3479607], [8.40435, 47.3475661], [8.4040342, 47.3471157], [8.4038722, 47.3465665], [8.4041444, 47.3462587], [8.404571, 47.3456705], [8.4049262, 47.3451739], [8.4048984, 47.3451239], [8.4048126, 47.345056], [8.4048476, 47.3450341], [8.4047897, 47.3449751], [8.4048773, 47.3449565], [8.4050133, 47.344897], [8.4051156, 47.3448344], [8.4053264, 47.3447196], [8.4055529, 47.3446577], [8.4057604, 47.3446292], [8.4058584, 47.3445764], [8.4059022, 47.3446075], [8.4060861, 47.3442953], [8.4066847, 47.3440246], [8.4066933, 47.3439941], [8.4066524, 47.3438799], [8.4065956, 47.343644], [8.4065187, 47.3433757], [8.4064637, 47.3432399], [8.4064029, 47.3431455], [8.4063267, 47.3430589], [8.4064253, 47.3430086], [8.4067219, 47.3430702], [8.4068571, 47.3425122], [8.4068945, 47.3425246], [8.4069212, 47.3423942], [8.4069527, 47.3422854], [8.4077809, 47.3423521], [8.4073203, 47.3415753], [8.4081372, 47.3414092], [8.4083909, 47.34134], [8.4084761, 47.3413168], [8.4085401, 47.3412801], [8.4087497, 47.3411603], [8.409611, 47.3405502], [8.4096434, 47.3405368], [8.4097742, 47.3404831], [8.4102214, 47.3403727], [8.4105022, 47.3402444], [8.4105481, 47.3402235], [8.4108677, 47.3398661], [8.4108304, 47.3398559], [8.4110579, 47.33955], [8.4112417, 47.3393036], [8.4113914, 47.3391025], [8.4113767, 47.3388838], [8.4113753, 47.3388634], [8.4113936, 47.3388482], [8.4114055, 47.3388384], [8.4114789, 47.3387839], [8.4122129, 47.3387771], [8.412186, 47.3386955], [8.4120103, 47.338228], [8.41234, 47.3383032], [8.4125875, 47.3383563], [8.4128808, 47.3384612], [8.4130984, 47.3383915], [8.4132019, 47.3383435], [8.4133451, 47.3382771], [8.4135609, 47.3381481], [8.4137224, 47.3380433], [8.4137473, 47.3379418], [8.4136599, 47.3377853], [8.4137136, 47.3377636], [8.4138191, 47.337721], [8.414183, 47.3374811], [8.4144583, 47.3372274], [8.4147142, 47.3369078], [8.4147568, 47.3368357], [8.4149906, 47.3368933], [8.4152602, 47.3370411], [8.4155412, 47.3371033], [8.41573, 47.3370952], [8.4160599, 47.3370807], [8.4161126, 47.3370869], [8.4162119, 47.3370988], [8.4163895, 47.3371234], [8.4164486, 47.3370128], [8.4166182, 47.3368827], [8.4166104, 47.3366043], [8.4163837, 47.3362339], [8.4161316, 47.3360969], [8.4161306, 47.3359103], [8.4160328, 47.3359087], [8.4159632, 47.3357638], [8.4158607, 47.3357131], [8.4159202, 47.3355157], [8.416269, 47.3351463], [8.4165492, 47.3345962], [8.4167585, 47.3343909], [8.4168022, 47.3342639], [8.416725, 47.3338056], [8.4139473, 47.3307012], [8.4136839, 47.3296157], [8.4133872, 47.3287168], [8.4125879, 47.3285618], [8.4126235, 47.3283141], [8.4126004, 47.3281629], [8.4125848, 47.3280079], [8.4124234, 47.3277428], [8.4124532, 47.3273882], [8.4124291, 47.3271257], [8.412526, 47.3270396], [8.412637, 47.3268666], [8.4128401, 47.3267127], [8.4129752, 47.326621], [8.4131072, 47.3265145], [8.4132076, 47.3263974], [8.4138458, 47.3262065], [8.4141787, 47.3261765], [8.414401, 47.3263403], [8.415005, 47.3263227], [8.4152524, 47.3262548], [8.4153271, 47.3260479], [8.4154043, 47.3259432], [8.4155094, 47.3258623], [8.4155502, 47.3256866], [8.4156066, 47.3255381], [8.4156247, 47.3254151], [8.415589, 47.3252077], [8.4155955, 47.3250604], [8.4157035, 47.3248676], [8.4157955, 47.3247434], [8.4162917, 47.3244628], [8.4169326, 47.3245403], [8.4171897, 47.3246078], [8.4176708, 47.3246558], [8.4179064, 47.3246637], [8.4180925, 47.3246749], [8.4185174, 47.3246808], [8.4190391, 47.3247305], [8.4193866, 47.3248381], [8.419621, 47.324916], [8.4198302, 47.3250122], [8.4200782, 47.3251125], [8.4204509, 47.3251617], [8.421087, 47.3252787], [8.4209088, 47.325429], [8.4231623, 47.3260358], [8.4234329, 47.3261046], [8.4248809, 47.3263926], [8.4249577, 47.3264056], [8.4251742, 47.326426], [8.4275793, 47.3266056], [8.4276809, 47.3266219], [8.428635, 47.3269548], [8.4287543, 47.3270048], [8.4290584, 47.3271897], [8.42913, 47.3272258], [8.4294388, 47.3273585], [8.4308508, 47.3267072], [8.4311649, 47.3265646], [8.431252, 47.326531], [8.431418, 47.326731], [8.431598, 47.3269664], [8.4316709, 47.3269776], [8.4327407, 47.3264077], [8.4347752, 47.3253214], [8.4348544, 47.3253515], [8.4354871, 47.3257486], [8.4362568, 47.3263704], [8.436725, 47.3267477], [8.4392024, 47.3270572], [8.4395298, 47.3270547], [8.4398015, 47.327337], [8.440586, 47.3276505], [8.4409393, 47.3275486], [8.441123, 47.3273097], [8.4413186, 47.3272016], [8.4420734, 47.3274217], [8.4424751, 47.3280585], [8.4427572, 47.328355], [8.4427914, 47.3283389], [8.4435303, 47.3292196], [8.4437138, 47.3291638], [8.4437716, 47.3290765], [8.4443483, 47.3289439], [8.4449836, 47.3293688], [8.4454955, 47.3295504], [8.4462392, 47.3298142], [8.4471406, 47.3300362], [8.4480967, 47.3301561], [8.4485065, 47.3302645], [8.4498424, 47.3304915], [8.4499641, 47.331106], [8.4505005, 47.3320658], [8.4508755, 47.3326052], [8.4510349, 47.3332825], [8.4509943, 47.3336253], [8.4529553, 47.3332552], [8.453264, 47.333901], [8.4541107, 47.3347548], [8.4547106, 47.3343875], [8.4550999, 47.334085], [8.455075, 47.3338282], [8.4549528, 47.3334136], [8.4547312, 47.3330139], [8.4537252, 47.3316542], [8.4515406, 47.329141], [8.4524034, 47.328704], [8.4498907, 47.3269756], [8.4499959, 47.3269182], [8.448506, 47.3259759], [8.4488829, 47.3258124], [8.4494096, 47.3256573], [8.4497146, 47.325629], [8.4499533, 47.3255129], [8.449312, 47.3247661], [8.448607, 47.3242719], [8.4491594, 47.323353], [8.4480886, 47.3229893], [8.4483638, 47.3228459], [8.4479964, 47.3222846], [8.4479342, 47.3222199], [8.4476525, 47.3219272], [8.4468258, 47.3216028], [8.4466582, 47.3216115], [8.4457848, 47.3199953], [8.4447757, 47.3194688], [8.4440938, 47.319286], [8.4440718, 47.3192341], [8.4429998, 47.3187324], [8.4423769, 47.3183716], [8.4423009, 47.3184077], [8.4419773, 47.3182364], [8.4411933, 47.3179519], [8.4405153, 47.3178503], [8.4404757, 47.3175853], [8.4406677, 47.3174042], [8.4406679, 47.3171707], [8.4410436, 47.3166746], [8.4411153, 47.3163199], [8.4413534, 47.3159644], [8.4413084, 47.3158844], [8.4413115, 47.3158296], [8.4405148, 47.3157382], [8.4393969, 47.3154275], [8.439228, 47.3153412], [8.4383948, 47.3151631], [8.4380098, 47.3151449], [8.4377763, 47.3151965], [8.4375842, 47.3151702], [8.4371313, 47.3152965], [8.437063, 47.3152992], [8.4370288, 47.3152489], [8.436473, 47.3152819], [8.4363215, 47.3152441], [8.4362127, 47.3151962], [8.4362197, 47.3148352], [8.4362123, 47.3147198], [8.4361366, 47.3145646], [8.4359645, 47.3141613], [8.4355661, 47.313815], [8.4352022, 47.3136334], [8.4345738, 47.3133464], [8.4340097, 47.3129511], [8.4336047, 47.3126351], [8.4331796, 47.3124153], [8.4327314, 47.3121698], [8.4323032, 47.3118366], [8.4320539, 47.3115441], [8.4319339, 47.3110442], [8.4318008, 47.3107904], [8.4319784, 47.3105928], [8.4320242, 47.3100483], [8.4321549, 47.3092681], [8.4321816, 47.3089643], [8.4321974, 47.3086703], [8.4320804, 47.3083764], [8.4318509, 47.3082904], [8.4311858, 47.3078949], [8.4309958, 47.3078005], [8.4307589, 47.3077257], [8.4303657, 47.3076105], [8.4297221, 47.307401], [8.4294889, 47.3073684], [8.4292798, 47.3072432], [8.4293786, 47.307143], [8.429452, 47.3070272], [8.4295003, 47.306907], [8.4295651, 47.3065748], [8.4296214, 47.3061744], [8.4296346, 47.3061141], [8.429652, 47.3060643], [8.4296786, 47.3060113], [8.4297123, 47.3059602], [8.4297527, 47.3059116], [8.4297995, 47.3058659], [8.4298524, 47.3058232], [8.4304454, 47.3054544], [8.4305822, 47.3053583], [8.4307703, 47.3052069], [8.4307098, 47.3051723], [8.430748, 47.3049863], [8.4306221, 47.3046242], [8.4306105, 47.3044807], [8.4305892, 47.3043378], [8.4304853, 47.3040554], [8.4303379, 47.303709], [8.4300785, 47.303728], [8.4298872, 47.3034194], [8.4297357, 47.3030313], [8.4296101, 47.3026747], [8.4293788, 47.3022305], [8.4290518, 47.3017696], [8.4287417, 47.301361], [8.428552, 47.3011519], [8.4291373, 47.3006768], [8.4287698, 47.3005175], [8.4285425, 47.3004409], [8.4282059, 47.3004042], [8.427983, 47.3003519], [8.4273982, 47.3000173], [8.4271011, 47.2998835], [8.426796, 47.2998021], [8.4267783, 47.2996855], [8.4266164, 47.2996788], [8.4261493, 47.299601], [8.4258374, 47.2995222], [8.4257916, 47.2994861], [8.4253182, 47.2993137], [8.4248942, 47.2991048], [8.424708, 47.2989534], [8.4246254, 47.2988757], [8.4240494, 47.2987382], [8.4231673, 47.2983784], [8.4228244, 47.2981612], [8.4222366, 47.2977501], [8.4220059, 47.2978638], [8.4217473, 47.2980375], [8.4217162, 47.2979644], [8.421703, 47.2979521], [8.421581, 47.2977792], [8.421003, 47.2975029], [8.4204195, 47.297128], [8.4202213, 47.2969319], [8.4199542, 47.2966251], [8.4199027, 47.2965114], [8.4199482, 47.2963055], [8.4200856, 47.2958989], [8.4202384, 47.2957012], [8.419009, 47.2953979], [8.419257, 47.295198], [8.4193236, 47.2951956], [8.4191764, 47.2951093], [8.4190977, 47.2950343], [8.4188992, 47.294674], [8.4188191, 47.2945856], [8.4187323, 47.2945374], [8.4182637, 47.2943677], [8.417544, 47.2940376], [8.4172269, 47.2938629], [8.4171411, 47.29384], [8.4170711, 47.2938062], [8.416523, 47.2939468], [8.416334, 47.2939786], [8.4161967, 47.2939816], [8.4158641, 47.293931], [8.4155361, 47.2938956], [8.415309, 47.2938576], [8.414956, 47.2937371], [8.4146619, 47.2936004], [8.4144317, 47.2934936], [8.4139616, 47.2932656], [8.4136503, 47.2931506], [8.4133302, 47.2930582], [8.4130749, 47.2930014], [8.4128082, 47.2929685], [8.4076888, 47.2925366], [8.4070354, 47.2924658], [8.4063888, 47.2923734], [8.4057571, 47.2922577], [8.4047132, 47.2920329], [8.4041794, 47.2919068], [8.4035878, 47.2917619], [8.4040766, 47.2907758], [8.4039571, 47.2907141], [8.4037216, 47.2905651], [8.4034628, 47.2904403], [8.4031208, 47.2903048], [8.4027636, 47.2901874], [8.4025105, 47.2900732], [8.4022142, 47.2898439], [8.4015302, 47.2895037], [8.4009897, 47.2893351], [8.4006261, 47.2891875], [8.4002985, 47.2890925], [8.4002158, 47.2891179], [8.4002929, 47.2889954], [8.3972296, 47.2879033], [8.397141, 47.2878917], [8.3970634, 47.2879233], [8.3967607, 47.2882612], [8.3964841, 47.2885463], [8.3963378, 47.2886177], [8.3950912, 47.2892887], [8.3950169, 47.289324], [8.3948718, 47.2893836], [8.3946379, 47.2894636], [8.3945814, 47.2894895], [8.3945316, 47.2895209], [8.3946967, 47.2896205], [8.3943145, 47.2900137], [8.3941261, 47.2901543], [8.3937214, 47.2903741], [8.3935828, 47.2904376], [8.393245, 47.2905646], [8.3930779, 47.2906539], [8.3927091, 47.2909153], [8.3925929, 47.2908649], [8.3924631, 47.290914], [8.3923975, 47.2909137], [8.3922078, 47.2909699], [8.3921401, 47.2909851], [8.3920698, 47.2909958], [8.3914857, 47.2910284], [8.3913828, 47.2910258], [8.3912962, 47.2910145], [8.3912359, 47.2910005], [8.3911792, 47.2909813], [8.391126, 47.2909578], [8.3910771, 47.2909305], [8.3910329, 47.2908996], [8.3908228, 47.2907334], [8.3907741, 47.2907004], [8.3907206, 47.2906711], [8.3906632, 47.2906454], [8.3906034, 47.2906245], [8.3905407, 47.2906077], [8.3904758, 47.2905952], [8.3902646, 47.29057], [8.3901577, 47.2905814], [8.3899493, 47.2906544], [8.389896, 47.2906274], [8.3900056, 47.2904822], [8.3895077, 47.2902932], [8.3886464, 47.2900271], [8.3893822, 47.2893231], [8.3903654, 47.2883736], [8.3911146, 47.2874476], [8.3916132, 47.2864923], [8.3920318, 47.2857381], [8.392419, 47.2849829], [8.3927795, 47.2841965], [8.3930881, 47.2834213], [8.3937639, 47.2810325], [8.3941549, 47.2796712], [8.3945042, 47.2788453], [8.395006, 47.2780879], [8.3956875, 47.2773601], [8.3960636, 47.2770406], [8.3964964, 47.2767225], [8.4008266, 47.2738533], [8.4016921, 47.2731142], [8.4019988, 47.2727097], [8.4022398, 47.2722527], [8.4024388, 47.2713237], [8.4022735, 47.2703876], [8.4014434, 47.2681588], [8.401282, 47.267729], [8.4011126, 47.267299], [8.400939, 47.2668532], [8.4007694, 47.2664185], [8.4006466, 47.2660886], [8.400615, 47.2660063], [8.400587, 47.2659233], [8.4005626, 47.2658398], [8.4005419, 47.2657558], [8.4005243, 47.2656509], [8.4005124, 47.2655456], [8.4005062, 47.26544], [8.4005057, 47.2653344], [8.4005101, 47.2652298], [8.4005201, 47.2651254], [8.4005356, 47.2650213], [8.4005566, 47.2649177], [8.400588, 47.2648143], [8.4006247, 47.2647117], [8.400667, 47.2646102], [8.4007148, 47.2645098], [8.4007582, 47.2644089], [8.4008071, 47.2643092], [8.4008613, 47.2642107], [8.4009207, 47.2641137], [8.4009897, 47.2640201], [8.4010637, 47.2639284], [8.4011425, 47.2638385], [8.4012262, 47.2637506], [8.4013117, 47.263666], [8.4014016, 47.2635835], [8.4014959, 47.2635032], [8.4015942, 47.2634253], [8.4016822, 47.2633626], [8.4017731, 47.2633018], [8.4018666, 47.2632429], [8.4019625, 47.2631859], [8.4026699, 47.2627689], [8.4028302, 47.2626709], [8.4029846, 47.2625686], [8.4031327, 47.2624621], [8.4032743, 47.2623515], [8.4033417, 47.2622954], [8.4034074, 47.2622384], [8.4034715, 47.2621805], [8.4035338, 47.2621218], [8.403596, 47.262061], [8.4036563, 47.2619996], [8.4037147, 47.2619374], [8.4037712, 47.2618742], [8.4038257, 47.2618104], [8.4038782, 47.2617459], [8.4039287, 47.2616806], [8.4039773, 47.2616146], [8.4040228, 47.261549], [8.4040665, 47.2614827], [8.4041081, 47.2614159], [8.4041477, 47.2613484], [8.404186, 47.2612797], [8.4042221, 47.2612105], [8.4042562, 47.2611407], [8.4042881, 47.2610705], [8.4043457, 47.2609288], [8.4043946, 47.2607857], [8.4044351, 47.2606413], [8.4044667, 47.2604959], [8.4044792, 47.2604238], [8.4044896, 47.2603515], [8.4044977, 47.260279], [8.4045038, 47.2602065], [8.4045077, 47.2601331], [8.4045095, 47.2600597], [8.4045089, 47.2599863], [8.4045063, 47.2599129], [8.404501, 47.2598399], [8.4044937, 47.2597669], [8.4044841, 47.2596942], [8.4044723, 47.2596215], [8.4044585, 47.2595489], [8.4044425, 47.2594766], [8.4044243, 47.2594045], [8.404404, 47.2593327], [8.4043818, 47.2592609], [8.4043572, 47.2591893], [8.4043308, 47.2591183], [8.4043021, 47.2590475], [8.4042713, 47.2589769], [8.4042385, 47.2589067], [8.4042035, 47.2588369], [8.4041664, 47.2587677], [8.404127, 47.2587], [8.4040855, 47.2586329], [8.4040421, 47.2585663], [8.4039967, 47.2585004], [8.4039127, 47.2583841], [8.4036322, 47.2579769], [8.4033507, 47.2575753], [8.4031326, 47.2572616], [8.4030901, 47.2571998], [8.4030494, 47.2571375], [8.4030105, 47.2570746], [8.4029732, 47.2570114], [8.402938, 47.2569475], [8.4029044, 47.2568834], [8.4028727, 47.2568188], [8.4028428, 47.2567537], [8.4028155, 47.2566883], [8.40279, 47.2566226], [8.4027664, 47.2565565], [8.4027445, 47.2564902], [8.4027245, 47.2564234], [8.4027064, 47.2563564], [8.4026902, 47.2562892], [8.4026758, 47.2562217], [8.4026637, 47.2561541], [8.4026536, 47.2560863], [8.4026453, 47.2560184], [8.4026389, 47.2559504], [8.4026336, 47.2558834], [8.4026302, 47.2558163], [8.4026285, 47.2557491], [8.4026287, 47.2556821], [8.4026323, 47.255614], [8.4026378, 47.255546], [8.4026452, 47.2554779], [8.4026544, 47.2554102], [8.402663, 47.2553424], [8.4026734, 47.2552748], [8.4026857, 47.2552073], [8.4026999, 47.25514], [8.4027194, 47.255072], [8.4027408, 47.2550043], [8.4027641, 47.2549369], [8.4027894, 47.2548697], [8.4028128, 47.2548046], [8.4028381, 47.2547397], [8.4028651, 47.2546752], [8.4028938, 47.254611], [8.402927, 47.2545468], [8.4029619, 47.254483], [8.4029986, 47.2544197], [8.403037, 47.2543567], [8.4030752, 47.2542938], [8.4031151, 47.2542314], [8.4031567, 47.2541694], [8.4032, 47.254108], [8.4032465, 47.2540477], [8.4032948, 47.2539879], [8.4033447, 47.2539288], [8.4033962, 47.2538703], [8.4034476, 47.253812], [8.4035008, 47.2537543], [8.4035556, 47.2536973], [8.4036118, 47.253641], [8.4036718, 47.2535866], [8.4037332, 47.253533], [8.4037962, 47.2534802], [8.4038605, 47.2534282], [8.4039244, 47.2533754], [8.4039895, 47.2533234], [8.4040564, 47.2532723], [8.4041245, 47.253222], [8.4042052, 47.2531624], [8.404288, 47.2531041], [8.4043727, 47.253047], [8.4048326, 47.2527238], [8.4052953, 47.2524044], [8.4057546, 47.252083], [8.4062166, 47.2517598], [8.4066764, 47.2514361], [8.4071391, 47.2511134], [8.4072425, 47.2510398], [8.4073447, 47.2509654], [8.4074457, 47.2508901], [8.4075454, 47.2508141], [8.4076428, 47.2507367], [8.407739, 47.2506585], [8.4078338, 47.2505795], [8.4079273, 47.2504998], [8.408019, 47.2504199], [8.4081093, 47.2503394], [8.4081983, 47.2502581], [8.4082858, 47.2501761], [8.4083744, 47.2500942], [8.4084615, 47.2500117], [8.4085473, 47.2499285], [8.4086317, 47.2498447], [8.4100839, 47.2483746], [8.4104977, 47.2482418], [8.4111251, 47.2479469], [8.4119344, 47.2474138], [8.412332, 47.2470484], [8.4127288, 47.2465719], [8.4130076, 47.2460685], [8.4130862, 47.2452344], [8.4132272, 47.244779], [8.4134229, 47.2443568], [8.4140085, 47.2436703], [8.4141057, 47.2435194], [8.4144782, 47.2427926], [8.4146013, 47.2426647], [8.4149017, 47.2425493], [8.4155245, 47.2424432], [8.4157789, 47.2423053], [8.4160233, 47.2417284], [8.4164867, 47.2413224], [8.4164943, 47.2410889], [8.4156308, 47.2401279], [8.4151202, 47.2399811], [8.4146544, 47.2397502], [8.414241, 47.2393872], [8.4141958, 47.239155], [8.4142474, 47.2389432], [8.4144531, 47.2387472], [8.4151622, 47.238447], [8.415412, 47.2380585], [8.4157937, 47.2376595], [8.4162503, 47.2373529], [8.416407, 47.2371461], [8.4164871, 47.236974], [8.4162253, 47.236104], [8.416277, 47.2358498], [8.416678, 47.2353889], [8.4167528, 47.2352582], [8.4165935, 47.2348161], [8.4166328, 47.2345436], [8.417036, 47.2337701], [8.4169481, 47.2330814], [8.4168302, 47.2322702], [8.4169644, 47.2307277], [8.4171579, 47.2303653], [8.4173731, 47.2293538], [8.4173633, 47.2291794], [8.4172114, 47.2289585], [8.4172412, 47.2288228], [8.4177682, 47.2286443], [8.4179402, 47.2284143], [8.4182026, 47.2272004], [8.4183433, 47.2269514], [8.4181755, 47.2266209], [8.4185219, 47.2261768], [8.4186933, 47.2261645], [8.4189469, 47.2263108], [8.4191755, 47.2262872], [8.4199582, 47.2257629], [8.4208165, 47.2257254], [8.4209299, 47.2256471], [8.421372, 47.224661], [8.4215172, 47.2237963], [8.4216847, 47.2233208], [8.4230536, 47.2234499], [8.4232517, 47.2235098], [8.4241294, 47.2235908], [8.4248846, 47.2237282], [8.4256315, 47.2237564], [8.4269511, 47.224066], [8.4292811, 47.224873], [8.4297588, 47.2249511], [8.4303231, 47.2248707], [8.4323049, 47.2241253], [8.435534, 47.2236907], [8.4360469, 47.223811], [8.4371571, 47.2236866], [8.4390529, 47.2239018], [8.4400175, 47.2243264], [8.4411217, 47.2252153], [8.4415613, 47.2248483], [8.4422653, 47.2239232], [8.4426173, 47.223565], [8.4428491, 47.2235892], [8.4431616, 47.2230814], [8.4434988, 47.2228876], [8.4438004, 47.2226376], [8.4446062, 47.2230688], [8.4459125, 47.2233355], [8.44664, 47.223379], [8.4465753, 47.2228212], [8.4464136, 47.2222995], [8.4464243, 47.2221207], [8.4466321, 47.221839], [8.4473419, 47.2213845], [8.447695, 47.2210619], [8.4477941, 47.2208051], [8.4478064, 47.220023], [8.4479337, 47.220109], [8.4500216, 47.2200686], [8.450093, 47.2200738], [8.4501841, 47.2201008], [8.4502279, 47.2201265], [8.4502617, 47.2201533], [8.4502885, 47.2201899], [8.4503042, 47.2202278], [8.4503069, 47.2202406], [8.4502936, 47.2196478], [8.4502587, 47.2194669], [8.450552, 47.2194677], [8.4521061, 47.2195997], [8.4530336, 47.2186334], [8.4523349, 47.2184343], [8.4516331, 47.2183765], [8.4523083, 47.2180009], [8.4529458, 47.2177609], [8.4549261, 47.2182347], [8.4556361, 47.2185429], [8.4559761, 47.2183946], [8.456128, 47.2184833], [8.4566781, 47.2185719], [8.457252, 47.2177047], [8.4578225, 47.2172827], [8.4583171, 47.2170611], [8.4586975, 47.2170022], [8.4597022, 47.2159768], [8.4604237, 47.2153261], [8.4609596, 47.2142802], [8.4613343, 47.2138854], [8.4614031, 47.2136312], [8.4619954, 47.2136011], [8.4625509, 47.213779], [8.4632312, 47.2139108], [8.4636466, 47.2139426], [8.4636574, 47.2138715], [8.4655243, 47.213988], [8.4661542, 47.2140914], [8.4669192, 47.2142867], [8.4670642, 47.2142057], [8.468311, 47.2129558], [8.468379, 47.2129905], [8.4688632, 47.2132377], [8.4700905, 47.2134045], [8.4704131, 47.2119232], [8.4715021, 47.2120023], [8.4719273, 47.2119252], [8.4722565, 47.2118107], [8.472468, 47.2116957], [8.4735483, 47.2107832], [8.4738357, 47.2106244], [8.4728795, 47.2101898], [8.4730336, 47.2097328], [8.4726464, 47.2096253], [8.4726199, 47.2094884], [8.4729038, 47.209002], [8.4732967, 47.2085254], [8.4740142, 47.208774], [8.4751556, 47.2089287], [8.4755331, 47.2096019], [8.4762199, 47.2100215], [8.4771741, 47.2093383], [8.4772105, 47.2093187], [8.4772636, 47.2093808], [8.4798975, 47.2086217], [8.4799759, 47.2085867], [8.4806746, 47.2087224], [8.4813533, 47.2086454], [8.4834066, 47.2087827], [8.4836483, 47.2084542], [8.4838243, 47.2084484], [8.4854573, 47.2090431], [8.4882192, 47.2104069], [8.4891008, 47.2107897], [8.4891319, 47.2108138], [8.4892994, 47.2108805], [8.4906053, 47.2110728], [8.4917508, 47.211375], [8.4924947, 47.2117834], [8.4927541, 47.2118429], [8.4930475, 47.2119208], [8.4937492, 47.211949], [8.494644, 47.2118959], [8.4946745, 47.2118976], [8.495361, 47.2119369], [8.4973808, 47.2122686], [8.4981122, 47.2123482], [8.4983943, 47.2120696], [8.4988491, 47.2120154], [8.5003075, 47.2118652], [8.5012732, 47.2118351], [8.5018188, 47.2118847], [8.5028484, 47.2121296], [8.5033136, 47.2122402], [8.5031937, 47.2123871], [8.5038415, 47.2125787], [8.5042203, 47.2128008], [8.5046074, 47.2131738], [8.5051996, 47.2135336], [8.5057977, 47.213776], [8.5058863, 47.213858], [8.5050557, 47.214758], [8.5050978, 47.2147717], [8.5072997, 47.2143785], [8.5079521, 47.2146108], [8.5085783, 47.2149206], [8.5091335, 47.2150523], [8.5094097, 47.2149688], [8.5104026, 47.2156986], [8.5116083, 47.215514], [8.5123322, 47.2155191], [8.512684, 47.2163316], [8.5128279, 47.216541], [8.5126006, 47.2166382], [8.5126608, 47.2168984], [8.5127797, 47.2170845], [8.5124281, 47.2186587], [8.5125639, 47.2194149], [8.5174882, 47.2196031], [8.5206348, 47.2193273], [8.5212142, 47.2201807], [8.5216447, 47.2199554], [8.5215622, 47.2198783], [8.5216665, 47.2197236], [8.5214188, 47.2195389], [8.5214126, 47.219486], [8.5217539, 47.2193257], [8.5219116, 47.2190146], [8.5220168, 47.2189496], [8.5224124, 47.2189215], [8.5225043, 47.2188263], [8.5228706, 47.2188946], [8.5231176, 47.2187158], [8.5232131, 47.2187457], [8.5231618, 47.2188399], [8.5235164, 47.2188325], [8.523698, 47.2189009], [8.5238288, 47.2188795], [8.5238342, 47.2187821], [8.5239221, 47.2187532], [8.5241245, 47.2187714], [8.5242675, 47.2187225], [8.5248265, 47.2188454], [8.5250631, 47.2188502], [8.5252211, 47.2187416], [8.5253809, 47.218722], [8.525764, 47.2188769], [8.5258638, 47.2188097], [8.5258645, 47.2186555], [8.5259327, 47.2185752], [8.5260947, 47.2186283], [8.5262385, 47.2185903], [8.5267049, 47.2187113], [8.5270319, 47.2186289], [8.5272094, 47.2186286], [8.5272896, 47.2185818], [8.5282023, 47.2186218], [8.5285419, 47.2185377], [8.5287971, 47.2185704], [8.5292415, 47.218324], [8.529619, 47.2182642], [8.5299877, 47.2181433], [8.5301136, 47.2179087], [8.5301269, 47.2177528], [8.5302419, 47.2177137], [8.5306399, 47.2177076], [8.5309593, 47.2175657], [8.5310795, 47.2175628], [8.5311423, 47.2176592], [8.5315098, 47.2178393], [8.5315725, 47.2180605], [8.5318901, 47.2182695], [8.5316818, 47.2190931], [8.5317554, 47.2191506], [8.5317472, 47.2192779], [8.5318185, 47.2193398], [8.5317798, 47.2194171], [8.5318721, 47.2195398], [8.531815, 47.2196401], [8.5318469, 47.2199063], [8.5319239, 47.2199673], [8.5318956, 47.2200949], [8.5325148, 47.2206499], [8.5325652, 47.2208743], [8.532524, 47.2210005], [8.5326171, 47.2213695], [8.5325996, 47.2216735], [8.5324673, 47.22205], [8.5325431, 47.2221327], [8.5331155, 47.2217522], [8.5335452, 47.2215418], [8.5357137, 47.2208079], [8.5359534, 47.2206495], [8.5363622, 47.2206008], [8.536398, 47.2207215], [8.5365651, 47.2208658], [8.5365326, 47.2209857], [8.5366582, 47.2211542], [8.5365972, 47.2215485], [8.5367179, 47.2217828], [8.5370792, 47.2218578], [8.5374882, 47.2220743], [8.5379964, 47.2222068], [8.5381125, 47.222296], [8.5384704, 47.2224296], [8.5385665, 47.222548], [8.5387423, 47.22259], [8.5387952, 47.2226711], [8.5390574, 47.2227399], [8.5391604, 47.2228457], [8.5392151, 47.2230554], [8.5393302, 47.2230813], [8.5397782, 47.223017], [8.5405834, 47.2227387], [8.5434402, 47.2220471], [8.5444191, 47.2219216], [8.5450969, 47.2217092], [8.5451456, 47.2215295], [8.545585, 47.2214986], [8.5458789, 47.2213973], [8.5464723, 47.2217803], [8.5469408, 47.2219665], [8.5471839, 47.2219645], [8.5472527, 47.2219437], [8.547275, 47.2219434], [8.5472988, 47.2219426], [8.5473065, 47.221975], [8.5486397, 47.2220079], [8.5499682, 47.2218772], [8.5512241, 47.2216977], [8.5526611, 47.2216332], [8.5529549, 47.2216557], [8.5530949, 47.2220246], [8.5538365, 47.2232373], [8.5576778, 47.2216014], [8.5581319, 47.2212289], [8.5582355, 47.2212677], [8.5588274, 47.2202614], [8.5598814, 47.2197189], [8.5603449, 47.2195443], [8.5626423, 47.2195584], [8.5641572, 47.2196147], [8.565755, 47.2190733], [8.5657734, 47.2191059], [8.5662538, 47.2189686], [8.5667168, 47.2186797], [8.5671349, 47.2185238], [8.5676373, 47.2184879], [8.5684961, 47.2185253], [8.5699419, 47.218385], [8.5712596, 47.2185078], [8.5728397, 47.2183849], [8.5731135, 47.2182952], [8.5736457, 47.2179471], [8.57424, 47.2177167], [8.5743532, 47.2176319], [8.5743871, 47.2175215], [8.5743049, 47.2171821], [8.5743632, 47.2170683], [8.5744763, 47.2170175], [8.5747217, 47.2170082], [8.5757032, 47.2171982], [8.5761125, 47.2173083], [8.5765741, 47.2175242], [8.5765454, 47.2175665], [8.5767123, 47.2176473], [8.5766688, 47.2178088], [8.5767844, 47.2178638], [8.576657, 47.2187363], [8.576827, 47.2187111], [8.577169, 47.2186605], [8.5773455, 47.2183372], [8.5777163, 47.218037], [8.5783078, 47.2177706], [8.5789935, 47.2175876], [8.5797203, 47.2175067], [8.5804559, 47.2175318], [8.5810964, 47.2176436], [8.582027, 47.2179174], [8.5823865, 47.2179524], [8.5826926, 47.2179184], [8.5829732, 47.2178283], [8.5832065, 47.2176891], [8.5833747, 47.217511], [8.5834765, 47.2171664], [8.5833397, 47.2168275], [8.5814036, 47.2153017], [8.5811377, 47.214952], [8.5810128, 47.2145568], [8.5810266, 47.2142353], [8.5811402, 47.2139231], [8.5817529, 47.2131533], [8.5819983, 47.2127019], [8.5821221, 47.2122279], [8.5822063, 47.2110999], [8.5823311, 47.2108648], [8.5825604, 47.2106697], [8.5829406, 47.2105168], [8.5833888, 47.2104762], [8.5846485, 47.2106137], [8.5848243, 47.2106588], [8.5854032, 47.2108073], [8.5858463, 47.210999], [8.5862389, 47.2112372], [8.5867194, 47.2116488], [8.5871077, 47.2121352], [8.5874798, 47.2124238], [8.5878798, 47.2125701], [8.5882371, 47.2126088], [8.5889231, 47.2124612], [8.5900337, 47.2118055], [8.5913716, 47.2115264], [8.5920252, 47.2116821], [8.5931959, 47.2120671], [8.5936248, 47.2121195], [8.5941607, 47.2120538], [8.5944917, 47.2119147], [8.5948362, 47.211671], [8.5953302, 47.2111938], [8.5957595, 47.2105364], [8.5963256, 47.2099123], [8.5967369, 47.2096441], [8.5974342, 47.2092893], [8.5976923, 47.2089449], [8.5976862, 47.2085527], [8.5975569, 47.2082536], [8.5966574, 47.20719], [8.5965866, 47.2068174], [8.5972926, 47.2061194], [8.5973547, 47.205718], [8.5971952, 47.2055717], [8.5970178, 47.2054997], [8.596619, 47.2054898], [8.5963772, 47.2052848], [8.5963285, 47.2048909], [8.5965065, 47.2042472], [8.596806, 47.2036937], [8.5974362, 47.2029285], [8.5975807, 47.2028322], [8.5979331, 47.2027099], [8.5982047, 47.2019983], [8.598351, 47.2017737], [8.5985798, 47.2015807], [8.5990227, 47.201431], [8.5993855, 47.2014269], [8.6000229, 47.2015698], [8.6019559, 47.202784], [8.6021877, 47.2028694], [8.603054, 47.2029903], [8.6031501, 47.2030382], [8.6033226, 47.203144], [8.6043799, 47.2040517], [8.6048301, 47.2046589], [8.6051051, 47.2049224], [8.6055387, 47.2051348], [8.6060413, 47.2052421], [8.6078492, 47.2047353], [8.6082129, 47.2045832], [8.6088948, 47.2044377], [8.609254, 47.2041453], [8.6096597, 47.2034458], [8.610216, 47.2029913], [8.6107966, 47.2026822], [8.6124553, 47.202238], [8.6128012, 47.2020019], [8.6129381, 47.2018634], [8.6130009, 47.2012366], [8.6131818, 47.2010585], [8.6133676, 47.2005636], [8.6134837, 47.2004437], [8.6140855, 47.2000795], [8.6145453, 47.1998625], [8.6149032, 47.1995116], [8.6151626, 47.1993406], [8.6151647, 47.199338], [8.6155291, 47.1989288], [8.6157158, 47.1986164], [8.6159562, 47.1974459], [8.6163115, 47.1967222], [8.6171004, 47.1956303], [8.617889, 47.1949915], [8.618166, 47.1945483], [8.618204, 47.1942177], [8.618114, 47.1938917], [8.6173259, 47.192785], [8.6173028, 47.1925249], [8.6173989, 47.1922804], [8.6176826, 47.1920129], [8.6183183, 47.1917729], [8.6189944, 47.1912229], [8.6201754, 47.1907696], [8.6207215, 47.1904848], [8.6208884, 47.1903461], [8.6209865, 47.1901471], [8.6209712, 47.1899209], [8.6206003, 47.1890584], [8.6204957, 47.1885944], [8.620485, 47.1881079], [8.62063, 47.1877462], [8.6220496, 47.186253], [8.6239443, 47.1839919], [8.6255851, 47.1822106], [8.6258155, 47.1817877], [8.6259053, 47.1810485], [8.6260453, 47.1807269], [8.6264366, 47.1804638], [8.6277425, 47.1799279], [8.6279836, 47.17973], [8.6281061, 47.1794998], [8.6281526, 47.1792337], [8.628039, 47.1789785], [8.6269894, 47.1778519], [8.6264726, 47.1774379], [8.6253626, 47.1767834], [8.6251046, 47.1765264], [8.6246032, 47.1753112], [8.6241017, 47.1748363], [8.6239512, 47.1745919], [8.6238235, 47.1738457], [8.6239808, 47.1733578], [8.6242864, 47.1730314], [8.6247465, 47.1727403], [8.6253545, 47.1725055], [8.6260229, 47.1723475], [8.628389, 47.1720694], [8.631116, 47.1721771], [8.6323152, 47.1719947], [8.6327984, 47.1718716], [8.632817, 47.1718654], [8.6334376, 47.1716605], [8.6337707, 47.1716071], [8.6358177, 47.1717336], [8.6370046, 47.1717432], [8.6385575, 47.1716362], [8.6393544, 47.1714726], [8.6396757, 47.171314], [8.6398036, 47.1710719], [8.6393401, 47.1700017], [8.6393474, 47.1697813], [8.6394709, 47.1695705], [8.6396575, 47.1694242], [8.6398915, 47.1693261], [8.6411143, 47.1690079], [8.6417083, 47.1689273], [8.6422161, 47.1689325], [8.6427129, 47.169004], [8.6459476, 47.1698416], [8.6470359, 47.1699334], [8.6481267, 47.1701662], [8.6502973, 47.1703432], [8.6508219, 47.1704962], [8.6518569, 47.1709525], [8.6522674, 47.171037], [8.6526088, 47.1710293], [8.6529328, 47.1709557], [8.6548611, 47.170056], [8.6552255, 47.1699424], [8.6556161, 47.1698811], [8.6560881, 47.1698796], [8.6565472, 47.1699542], [8.6577323, 47.1704474], [8.6584506, 47.1705926], [8.6591236, 47.1705787], [8.6606606, 47.1703235], [8.6606377, 47.1699237], [8.6605044, 47.1697851], [8.6604343, 47.1695578], [8.660506, 47.16938], [8.6604282, 47.1692561], [8.6605157, 47.1689209], [8.6606222, 47.1688759], [8.6607821, 47.1686895], [8.6608596, 47.1687045], [8.6608856, 47.1685035], [8.6610944, 47.1682073], [8.6610916, 47.1681529], [8.6610834, 47.1679932], [8.6607945, 47.1673915], [8.6608066, 47.1666192], [8.6607446, 47.1665916], [8.660876, 47.1658193], [8.66094, 47.1654229], [8.6607134, 47.1644926], [8.6607949, 47.1643272], [8.6607025, 47.1641734], [8.6603676, 47.163946], [8.6603814, 47.1638044], [8.6606216, 47.1633874], [8.6607083, 47.162849], [8.6609122, 47.1623679], [8.6612293, 47.1609515], [8.6613832, 47.1607603], [8.6623383, 47.1605236], [8.6627626, 47.1605003], [8.6634986, 47.1605451], [8.6640042, 47.1603351], [8.6647025, 47.1599354], [8.6657734, 47.1596659], [8.6661344, 47.1596092], [8.6665988, 47.1596112], [8.6673234, 47.1594848], [8.6681773, 47.1594597], [8.6702625, 47.1597094], [8.6719412, 47.1597015], [8.6725959, 47.1595221], [8.6741655, 47.1594376], [8.6749784, 47.1594451], [8.6755051, 47.1596732], [8.6760544, 47.1600639], [8.6763309, 47.1606546], [8.6763556, 47.1607073], [8.6776843, 47.1609858], [8.679279, 47.1615395], [8.6803255, 47.1619856], [8.6812578, 47.1620117], [8.6824264, 47.1621422], [8.6835709, 47.1623554], [8.6839846, 47.1624608], [8.6841007, 47.1625297], [8.684673, 47.1626311], [8.6852637, 47.1626732], [8.6870422, 47.1625743], [8.6887916, 47.1627193], [8.6904855, 47.1629635], [8.6916139, 47.1632913], [8.692195, 47.1634006], [8.6921846, 47.1634481], [8.6919912, 47.1645178], [8.6921105, 47.1653211], [8.6920489, 47.1667149], [8.6916564, 47.1668211], [8.6912237, 47.1682102], [8.6913483, 47.1690192], [8.6906772, 47.1693927], [8.6902038, 47.1698134], [8.6896773, 47.1701026], [8.6870616, 47.1709819], [8.6858723, 47.1715188], [8.6848579, 47.1722201], [8.6840713, 47.1728551], [8.6830967, 47.1734958], [8.682952, 47.1737361], [8.6826223, 47.1739656], [8.6826615, 47.1740713], [8.6823979, 47.1743219], [8.6824211, 47.174479], [8.6823769, 47.1745197], [8.6825945, 47.1747935], [8.682703, 47.1751198], [8.6825127, 47.1755168], [8.6825, 47.1756681], [8.6823106, 47.1757724], [8.6822223, 47.1759048], [8.6820726, 47.1762584], [8.6821317, 47.1764011], [8.6820666, 47.1765461], [8.6817619, 47.1767884], [8.6815557, 47.1770412], [8.6811545, 47.1779302], [8.6804323, 47.178684], [8.6803545, 47.1789911], [8.6804003, 47.1798389], [8.6804029, 47.1798877], [8.6813311, 47.1816033], [8.6812245, 47.1825518], [8.6810954, 47.1837198], [8.6810636, 47.1840723], [8.6821868, 47.1850335], [8.6834999, 47.1858699], [8.6835246, 47.1858873], [8.6843003, 47.1862083], [8.6855573, 47.186545], [8.6876075, 47.188523], [8.6923952, 47.1942293], [8.6941823, 47.196359], [8.6944292, 47.19636], [8.6946339, 47.1964848], [8.6954209, 47.1965784], [8.6958825, 47.1967219], [8.6963354, 47.1966397], [8.6965485, 47.1966504], [8.6968407, 47.1966472], [8.6970857, 47.1965735], [8.6974177, 47.1966696], [8.69787, 47.1965935], [8.6981295, 47.1967654], [8.6984082, 47.1967466], [8.6985425, 47.1968424], [8.6990842, 47.1969991], [8.6993586, 47.1969584], [8.6996117, 47.1970255], [8.6998366, 47.1971998], [8.7001114, 47.1972218], [8.7006389, 47.1975217], [8.7009981, 47.1974331], [8.7011105, 47.1975308], [8.7013791, 47.1976456], [8.701487, 47.1977714], [8.7018404, 47.1977896], [8.7023301, 47.1979631], [8.7025522, 47.1981022], [8.7027146, 47.1983416], [8.702908, 47.1984583], [8.7028575, 47.1987168], [8.703085, 47.1988881], [8.7032027, 47.1989149], [8.7033907, 47.1991319], [8.7029507, 47.199406], [8.7028801, 47.1996725], [8.7027978, 47.1997223], [8.7029455, 47.2000512], [8.7030386, 47.2002584], [8.7027462, 47.200652], [8.7027524, 47.200757], [8.7029423, 47.2009486], [8.7029008, 47.201511], [8.7030689, 47.201679], [8.7036544, 47.2017442], [8.7040423, 47.2023023], [8.7051138, 47.202503], [8.7061375, 47.2022967], [8.7063256, 47.202187], [8.7064886, 47.2019413], [8.7069677, 47.2016283], [8.7082518, 47.2009508], [8.7087588, 47.2007527], [8.7088027, 47.2008179], [8.7100884, 47.2004229], [8.7103531, 47.2009627], [8.7106528, 47.2008712], [8.710895, 47.2010487], [8.711149, 47.2013384], [8.7114124, 47.2014428], [8.7118817, 47.2019472], [8.7119736, 47.2021298], [8.712198, 47.2022586], [8.7127766, 47.2028671], [8.7131089, 47.2030355], [8.717021, 47.2035363], [8.7170826, 47.2035574], [8.721252, 47.204984], [8.7377214, 47.2106232], [8.7405292, 47.2115769], [8.7421354, 47.2118957], [8.7771871, 47.2188484], [8.7933525, 47.2225672], [8.8068052, 47.2203666], [8.8086085, 47.2200872], [8.8077458, 47.2213625], [8.7957647, 47.2390543], [8.7957222, 47.2391176], [8.7956223, 47.2396676], [8.7956717, 47.2398418], [8.7957373, 47.2398857], [8.795727, 47.2399173], [8.7956721, 47.2400289], [8.7960464, 47.2401129], [8.7960324, 47.2401458], [8.7959764, 47.2401325], [8.7959355, 47.2401387], [8.7959052, 47.2401598], [8.7958734, 47.240219], [8.7959046, 47.2402929], [8.7959821, 47.2403132], [8.7962756, 47.2408308], [8.7963034, 47.2413989], [8.7963131, 47.2414269], [8.7964153, 47.2419308], [8.7964781, 47.2420991], [8.7963384, 47.2421655], [8.7965274, 47.2425226], [8.7969361, 47.242407], [8.7970077, 47.2425085], [8.7973374, 47.2424], [8.7977889, 47.2422697], [8.7982096, 47.2421778], [8.7985337, 47.2421345], [8.7988511, 47.2421093], [8.7992801, 47.2421132], [8.7992813, 47.2421504], [8.7990574, 47.2430651], [8.7996476, 47.2430937], [8.8003847, 47.2436615], [8.8004003, 47.2437088], [8.8003711, 47.2438314], [8.8004932, 47.2440216], [8.800566, 47.2441698], [8.8006046, 47.2443193], [8.80059, 47.2444659], [8.8018825, 47.2449502], [8.8022189, 47.2448526], [8.8023391, 47.2448111], [8.8023803, 47.2448631], [8.8026187, 47.2449838], [8.8025572, 47.2450247], [8.8026205, 47.24522], [8.8027918, 47.2453668], [8.8027368, 47.2454749], [8.8027547, 47.2455535], [8.8026418, 47.2458109], [8.8026311, 47.2460907], [8.8026454, 47.2463594], [8.8026429, 47.2464055], [8.802597, 47.2465367], [8.8025138, 47.2466707], [8.8026568, 47.2467248], [8.804567, 47.2470215], [8.8046026, 47.2470538], [8.8064962, 47.2473358], [8.8080231, 47.2476593], [8.8085834, 47.2477329], [8.8090216, 47.2479506], [8.80958, 47.2480646], [8.8101536, 47.2480798], [8.8109561, 47.2482321], [8.811463, 47.248366], [8.8118692, 47.2484196], [8.8123121, 47.2485343], [8.8123013, 47.2485777], [8.8130095, 47.2487863], [8.8130069, 47.2487993], [8.8136067, 47.2488446], [8.8144515, 47.2488502], [8.8146495, 47.2488461], [8.8148338, 47.2488656], [8.8150212, 47.2488944], [8.8152623, 47.2489126], [8.8154299, 47.2489373], [8.8156459, 47.2489589], [8.8157872, 47.2489601], [8.8160361, 47.2491469], [8.8166977, 47.2496206], [8.8167269, 47.2496626], [8.8168653, 47.2496321], [8.8170334, 47.2496089], [8.8172079, 47.2496031], [8.8174029, 47.2496094], [8.8183104, 47.249726], [8.8185438, 47.2497619], [8.8187692, 47.2498321], [8.8190566, 47.2499294], [8.819457, 47.2500481], [8.8196736, 47.2500963], [8.8198658, 47.2501078], [8.8200958, 47.2501109], [8.8201958, 47.250134], [8.8205968, 47.2502659], [8.820752, 47.2503363], [8.8210212, 47.250483], [8.8212851, 47.2505943], [8.8215077, 47.2507149], [8.8215727, 47.2507636], [8.821642, 47.2507351], [8.8218333, 47.2507917], [8.8230153, 47.2509612], [8.824101, 47.2510998], [8.8265323, 47.2514234], [8.8266049, 47.2514253], [8.8268231, 47.2515105], [8.8268281, 47.2514653], [8.8272476, 47.2513306], [8.8274374, 47.2510053], [8.8277445, 47.2505643], [8.8279151, 47.2503516], [8.8283343, 47.2504621], [8.8285318, 47.2502459], [8.8289868, 47.2498935], [8.8295254, 47.2499309], [8.8301021, 47.2502402], [8.830504, 47.2499948], [8.8313256, 47.2499838], [8.8319769, 47.2500497], [8.8319912, 47.2498132], [8.83258, 47.2495614], [8.8328239, 47.2495671], [8.8330422, 47.2494983], [8.8333356, 47.2491394], [8.8334818, 47.2490868], [8.8334971, 47.2491371], [8.8337814, 47.2492212], [8.8340346, 47.2494094], [8.8346486, 47.249373], [8.834989, 47.2491743], [8.8350961, 47.2490128], [8.835176, 47.249005], [8.8354903, 47.2478917], [8.835542, 47.2479062], [8.8356033, 47.2477806], [8.8358366, 47.2477519], [8.8367489, 47.2479866], [8.8368696, 47.2479805], [8.8372913, 47.2476746], [8.8374168, 47.2472334], [8.8375073, 47.247113], [8.8376566, 47.2470301], [8.8379004, 47.2469777], [8.8395835, 47.2469679], [8.841458, 47.2470147], [8.8418563, 47.246915], [8.8447163, 47.2469762], [8.8446633, 47.2472862], [8.8449956, 47.2478724], [8.8447361, 47.2486275], [8.8464478, 47.2492319], [8.8470069, 47.2494685], [8.8469353, 47.249558], [8.8479937, 47.2497879], [8.8507303, 47.250594], [8.8510435, 47.2508124], [8.8514035, 47.2509557], [8.8516078, 47.251037], [8.8517105, 47.2511189], [8.8520796, 47.2507684], [8.8520719, 47.2507351], [8.8519814, 47.2505492], [8.8520406, 47.2502691], [8.8519795, 47.2499552], [8.8518872, 47.2496184], [8.8519131, 47.2492552], [8.8528662, 47.2492861], [8.8527677, 47.2484791], [8.8529416, 47.2478139], [8.8526331, 47.2473382], [8.8525178, 47.2468754], [8.852701, 47.2466348], [8.8533582, 47.2465566], [8.8541938, 47.2461595], [8.8544331, 47.2459667], [8.8542458, 47.2456793], [8.8541964, 47.2453579], [8.8545108, 47.2451615], [8.8547284, 47.2451453], [8.8552301, 47.2443862], [8.8556278, 47.2443912], [8.8563361, 47.2448449], [8.8569352, 47.2449688], [8.8572444, 47.2448715], [8.8577838, 47.2443907], [8.8586544, 47.2444925], [8.8593361, 47.2442942], [8.8599949, 47.2439812], [8.860084, 47.2437543], [8.8598595, 47.2436338], [8.8599457, 47.2435588], [8.860316, 47.2435297], [8.8605695, 47.2432768], [8.8607012, 47.2432647], [8.8621265, 47.2439799], [8.8662939, 47.2448769], [8.8666011, 47.2439643], [8.8676467, 47.2443242], [8.8684801, 47.2446978], [8.8697453, 47.2450434], [8.870169, 47.2453165], [8.870526, 47.2455359], [8.8709605, 47.2458794], [8.8709051, 47.2459992], [8.8708933, 47.2465771], [8.870298, 47.2466745], [8.8706019, 47.2468881], [8.8707536, 47.2469669], [8.8712335, 47.2470214], [8.871285, 47.2470832], [8.8718473, 47.2471229], [8.8719397, 47.2472078], [8.8731886, 47.2474689], [8.8733589, 47.2475745], [8.8737567, 47.2476646], [8.873581, 47.2479561], [8.8739131, 47.2480758], [8.8737636, 47.2486644], [8.8738401, 47.2488802], [8.8738585, 47.2496651], [8.8734131, 47.2508721], [8.8734891, 47.2511282], [8.8734875, 47.2519915], [8.8744091, 47.2521122], [8.8748865, 47.2522244], [8.8781202, 47.2521766], [8.8788581, 47.2523011], [8.8789419, 47.2524165], [8.8808167, 47.2524407], [8.8825601, 47.2525263], [8.8835457, 47.2526496], [8.8845733, 47.2526636], [8.8845694, 47.2527057], [8.8852442, 47.2528133], [8.8867367, 47.2528427], [8.8874126, 47.2529956], [8.8874406, 47.252937], [8.8875629, 47.2529731], [8.8877651, 47.2529168], [8.8877511, 47.2530242], [8.8879342, 47.2530635], [8.8892746, 47.2530501], [8.8909258, 47.2533244], [8.8916904, 47.2534214], [8.8917003, 47.2533779], [8.8928716, 47.2535633], [8.8941836, 47.2538939], [8.8946595, 47.2540995], [8.8951154, 47.2541879], [8.8963846, 47.2542386], [8.8964773, 47.2541879], [8.8972159, 47.2543178], [8.897309, 47.2541544], [8.8979894, 47.2543393], [8.8982221, 47.2544828], [8.8987634, 47.254626], [8.8991138, 47.2546563], [8.8989905, 47.2549902], [8.8997222, 47.2551573], [8.9007244, 47.2553179], [8.9045019, 47.2555781], [8.9051253, 47.2556627], [8.9063314, 47.2561184], [8.9082928, 47.2567459], [8.9083215, 47.2562222], [8.9085751, 47.2558708], [8.9087599, 47.2554652], [8.908029, 47.2552469], [8.9084657, 47.2546852], [8.9086053, 47.2544149], [8.9091787, 47.254469], [8.9098844, 47.2546655], [8.9103537, 47.2547078], [8.9113234, 47.2548174], [8.9117676, 47.2549095], [8.912535, 47.2550915], [8.9133013, 47.2552374], [8.9138034, 47.2553681], [8.91454, 47.2556407], [8.9152754, 47.2558269], [8.9164771, 47.2561011], [8.9169778, 47.2562554], [8.9173036, 47.2562831], [8.9173803, 47.2561608], [8.9180309, 47.2563752], [8.9185354, 47.2565129], [8.9190777, 47.2566122], [8.919928, 47.2567976], [8.9205108, 47.2568492], [8.9205057, 47.2568729], [8.9204466, 47.2569515], [8.9202402, 47.2571189], [8.9202327, 47.2571476], [8.9208696, 47.2571201], [8.9219947, 47.2573127], [8.92339, 47.2577227], [8.9248798, 47.2582704], [8.9267687, 47.2586287], [8.9271744, 47.2587609], [8.9274423, 47.2587526], [8.9283738, 47.2588771], [8.9285655, 47.2596206], [8.9289536, 47.2598428], [8.9290836, 47.2600489], [8.929323, 47.259896], [8.9295014, 47.2599209], [8.9299166, 47.2597493], [8.9305182, 47.2597235], [8.931389, 47.2591863], [8.9314235, 47.2592119], [8.931702, 47.2590857], [8.9330965, 47.2588875], [8.933281, 47.2590339], [8.9340917, 47.2599535], [8.9347599, 47.2602257], [8.9349144, 47.2603487], [8.9354346, 47.2604372], [8.9356017, 47.2602971], [8.9356815, 47.2603349], [8.9358489, 47.2603551], [8.9364222, 47.2608428], [8.9363557, 47.2608783], [8.9364568, 47.2609962], [8.9370636, 47.2612321], [8.9370659, 47.2615566], [8.9363817, 47.2618185], [8.935879, 47.2619131], [8.9362698, 47.262082], [8.9369719, 47.2621804], [8.9369883, 47.2625133], [8.9374985, 47.2625866], [8.9375469, 47.2633499], [8.9381099, 47.2634107], [8.9381823, 47.2636063], [8.9376995, 47.2636464], [8.9377573, 47.2640749], [8.9377207, 47.2642854], [8.9383724, 47.26449], [8.9401476, 47.2653111], [8.9404556, 47.2656663], [8.9405711, 47.2656462], [8.9407182, 47.2655377], [8.9409339, 47.2659931], [8.9400817, 47.2660425], [8.9401307, 47.2661608], [8.9401477, 47.2662025], [8.9401738, 47.2662524], [8.9401893, 47.266275], [8.9402175, 47.2663045], [8.9402706, 47.2663193], [8.9402755, 47.266343], [8.9403142, 47.2664208], [8.9404427, 47.266474], [8.9405064, 47.2664968], [8.9405663, 47.2665124], [8.9404695, 47.2668286], [8.940308, 47.2672354], [8.9402973, 47.2673499], [8.9405462, 47.2673209], [8.940724, 47.2672738], [8.94075, 47.2673194], [8.9408115, 47.2674175], [8.9414335, 47.267379], [8.9419369, 47.2674119], [8.9429323, 47.2673876], [8.943076, 47.2680133], [8.9435423, 47.2683554], [8.9444545, 47.2694976], [8.9435862, 47.2696732], [8.9426817, 47.2699233], [8.9426064, 47.2703163], [8.9425533, 47.2705051], [8.9411838, 47.2715411], [8.9408962, 47.2716671], [8.9411967, 47.2721971], [8.9413133, 47.2722292], [8.9416556, 47.272213], [8.9420606, 47.2723517], [8.9423922, 47.2724025], [8.9426714, 47.2725331], [8.9428815, 47.2725677], [8.9434916, 47.272906], [8.9436604, 47.2729538], [8.9437397, 47.2731629], [8.9439314, 47.2732672], [8.943907, 47.2733394], [8.9440508, 47.2733788], [8.9441883, 47.2734871], [8.9443513, 47.273726], [8.9446594, 47.2738231], [8.9447822, 47.2739373], [8.9448483, 47.2742127], [8.9451532, 47.2742683], [8.9454203, 47.2743847], [8.9454971, 47.274335], [8.9461025, 47.2743744], [8.9461997, 47.2744889], [8.9464183, 47.2745355], [8.9468092, 47.2748068], [8.9471354, 47.2749456], [8.9473585, 47.2752744], [8.9473331, 47.2754015], [8.9474888, 47.2755072], [8.9474216, 47.2756302], [8.9474798, 47.2757368], [8.9474218, 47.2759069], [8.9476432, 47.2760573], [8.9475933, 47.2762119], [8.9476551, 47.2763896], [8.9475933, 47.2764765], [8.9476309, 47.2765298], [8.9475775, 47.276714], [8.9476519, 47.276795], [8.9476174, 47.2769169], [8.9477328, 47.2770831], [8.947802, 47.2775758], [8.9479403, 47.2777605], [8.9479393, 47.27813], [8.9477863, 47.2784977], [8.9478674, 47.2787403], [8.9477687, 47.2788103], [8.9477923, 47.2789106], [8.9477276, 47.2790305], [8.9477851, 47.2792541], [8.948002, 47.2793406], [8.9481534, 47.279643], [8.9482365, 47.2796867], [8.9482365, 47.2798552], [8.9481539, 47.2798919], [8.9480819, 47.2800167], [8.9480681, 47.2802649], [8.9481618, 47.2803747], [8.9487343, 47.2805231], [8.9488186, 47.2809429], [8.9480664, 47.2811963], [8.9474534, 47.2818216], [8.9456222, 47.2820407], [8.9439741, 47.2801537], [8.9438099, 47.2798837], [8.9437339, 47.2796743], [8.9436493, 47.2795965], [8.9432519, 47.2795254], [8.9430711, 47.2795003], [8.9425811, 47.279543], [8.9419621, 47.2796632], [8.9414336, 47.279868], [8.9412012, 47.2799983], [8.9411801, 47.2801061], [8.9413788, 47.2805417], [8.941645, 47.2804813], [8.9416235, 47.2806863], [8.9419332, 47.2818321], [8.941789, 47.2819249], [8.9419468, 47.2821298], [8.9418129, 47.282285], [8.9417135, 47.2822779], [8.9417983, 47.2824959], [8.9417072, 47.2826775], [8.9414511, 47.28285], [8.9413142, 47.2831104], [8.9411592, 47.2832032], [8.9411701, 47.283443], [8.9408927, 47.2836431], [8.9404209, 47.28366], [8.9405344, 47.2840038], [8.9405673, 47.2843651], [8.9396563, 47.2847931], [8.939151, 47.2850241], [8.9384683, 47.2852863], [8.9383854, 47.2852489], [8.9380662, 47.2854677], [8.9378532, 47.2857906], [8.9376806, 47.2859072], [8.9375574, 47.2861433], [8.936914, 47.2865993], [8.9365136, 47.2871999], [8.9361395, 47.2873905], [8.9357128, 47.2875383], [8.9356823, 47.2875974], [8.9352185, 47.2877683], [8.9346505, 47.2877554], [8.9343411, 47.2878138], [8.9342044, 47.2878791], [8.9337129, 47.288308], [8.9338713, 47.2883264], [8.9339879, 47.2884041], [8.9343838, 47.2884672], [8.9345789, 47.2885858], [8.9347782, 47.2886173], [8.9354826, 47.2891889], [8.9358287, 47.2891695], [8.9361119, 47.2892271], [8.9365368, 47.2890793], [8.9368094, 47.289261], [8.9369035, 47.2892539], [8.937046, 47.2891588], [8.9373786, 47.2892283], [8.9378536, 47.2892542], [8.9379, 47.2893971], [8.9383709, 47.2896397], [8.9387767, 47.2896348], [8.9389969, 47.289761], [8.9395324, 47.2899074], [8.9397259, 47.2898437], [8.9406159, 47.2900586], [8.9408362, 47.2900048], [8.9415039, 47.2903049], [8.9423191, 47.2910247], [8.9429883, 47.2912717], [8.9430697, 47.2912764], [8.9434351, 47.2910745], [8.9436155, 47.2908357], [8.943723, 47.290807], [8.9438553, 47.2908425], [8.9439858, 47.2908002], [8.9443241, 47.2908966], [8.9446752, 47.290767], [8.9448681, 47.2909272], [8.9449368, 47.2908924], [8.9452648, 47.2909268], [8.9452253, 47.2910553], [8.945622, 47.2911264], [8.9456169, 47.2912429], [8.9458053, 47.2912297], [8.9458866, 47.2912813], [8.9461478, 47.291289], [8.9462596, 47.2913697], [8.9463946, 47.2913533], [8.9467286, 47.2915849], [8.9470193, 47.2916061], [8.9471857, 47.2915624], [8.9472403, 47.291637], [8.947397, 47.2916765], [8.9474577, 47.2918171], [8.9479021, 47.2918475], [8.9479863, 47.2919193], [8.948076, 47.2919061], [8.9483435, 47.292008], [8.9484935, 47.2921438], [8.9488993, 47.2921721], [8.9485782, 47.2927666], [8.9485209, 47.2932685], [8.9484314, 47.293345], [8.9485189, 47.2933974], [8.948546, 47.2935346], [8.9487755, 47.2938324], [8.948787, 47.2939715], [8.9490168, 47.294419], [8.9503872, 47.2949659], [8.9508527, 47.2952812], [8.9513301, 47.2959294], [8.9519287, 47.2965101], [8.951957, 47.2965915], [8.9518863, 47.2967773], [8.951976, 47.2971406], [8.9518953, 47.2974969], [8.9519271, 47.297595], [8.9518532, 47.2977519], [8.9521494, 47.2981433], [8.9521011, 47.2982488], [8.9521331, 47.298382], [8.9523987, 47.2988671], [8.9525452, 47.2990302], [8.9528613, 47.2988396], [8.9530941, 47.2988312], [8.9541917, 47.3007976], [8.9543459, 47.3010739], [8.9545006, 47.3013385], [8.9545856, 47.3014618], [8.9546557, 47.3015634], [8.9548237, 47.301807], [8.9550557, 47.3022879], [8.9553111, 47.3030671], [8.9557655, 47.3035653], [8.9565203, 47.3042603], [8.957001, 47.3044875], [8.95759, 47.304766], [8.9586369, 47.3050895], [8.9600631, 47.3054319], [8.9607756, 47.3056981], [8.9616287, 47.3058637], [8.9631553, 47.3060587], [8.9643803, 47.306347], [8.9644437, 47.3063276], [8.9653981, 47.3060352], [8.9662833, 47.3059308], [8.9666602, 47.3058499], [8.967039, 47.3057685], [8.9684119, 47.3059745], [8.9719337, 47.3066298], [8.9724098, 47.3066317], [8.9738689, 47.3067933], [8.9743592, 47.3069329], [8.9749561, 47.3070338], [8.9749883, 47.3071062], [8.9749962, 47.3071216], [8.9752642, 47.3075565], [8.9752999, 47.3077544], [8.975709, 47.3082263], [8.9762769, 47.3087117], [8.9766798, 47.3093604], [8.9769656, 47.3096521], [8.9771414, 47.3099779], [8.9775901, 47.3105145], [8.977733, 47.3108059], [8.9777526, 47.3110282], [8.9781339, 47.3113362], [8.9797174, 47.3129848], [8.9802395, 47.3134222], [8.981225, 47.314492], [8.9816781, 47.3150675], [8.9819839, 47.3160623], [8.9822086, 47.3165491], [8.9828549, 47.3171828], [8.9836256, 47.3181008], [8.9842376, 47.3188298], [8.9849407, 47.3193894], [8.9845579, 47.3201178], [8.984143, 47.3205715], [8.9825859, 47.3215281], [8.9812715, 47.3224969], [8.9809137, 47.3226492], [8.9805412, 47.323052], [8.9803051, 47.3234283], [8.9796581, 47.3240953], [8.9796161, 47.3245078], [8.9797448, 47.3255149], [8.9795082, 47.325801], [8.9781354, 47.3267167], [8.9776211, 47.3268889], [8.9774689, 47.3270595], [8.9772467, 47.3280149], [8.9767752, 47.3293852], [8.9771795, 47.3311524], [8.9772706, 47.3325126], [8.9784848, 47.3339255], [8.9789125, 47.3347095], [8.9790797, 47.3351555], [8.9789016, 47.335677], [8.978971, 47.3364031], [8.9791993, 47.3371512], [8.9792825, 47.3379492], [8.9786819, 47.3381], [8.977929, 47.3381905], [8.9769795, 47.3384717], [8.975443, 47.3390783], [8.9747422, 47.3394176], [8.9730871, 47.3398755], [8.9736283, 47.3406462], [8.9740097, 47.3413709], [8.9741748, 47.3421794], [8.9738903, 47.3427846], [8.9739289, 47.343367], [8.9738053, 47.3446616], [8.973309, 47.3461935], [8.9735839, 47.3466548], [8.9738815, 47.3469321], [8.9742866, 47.3472077], [8.97441, 47.3473753], [8.9732103, 47.3491044], [8.9725718, 47.3498558], [8.9722678, 47.3504113], [8.9720434, 47.3510719], [8.971827, 47.351396], [8.9716393, 47.3519086], [8.9716411, 47.3519287], [8.9717886, 47.3522909], [8.9718042, 47.3525259], [8.9709128, 47.352281], [8.9705511, 47.3523648], [8.9702424, 47.3523733], [8.9697398, 47.352514], [8.969471, 47.3526316], [8.9691107, 47.352944], [8.9689389, 47.353245], [8.9688682, 47.3537149], [8.967416, 47.3542763], [8.9663885, 47.3542224], [8.9658043, 47.3543313], [8.9644166, 47.3544116], [8.9637772, 47.3543896], [8.9634413, 47.354447], [8.9632339, 47.3544272], [8.9628148, 47.3542415], [8.9619153, 47.3540341], [8.9609388, 47.3539485], [8.9605756, 47.3537651], [8.9602841, 47.3537015], [8.9599643, 47.354027], [8.9598982, 47.3540945], [8.9598134, 47.3543092], [8.9602182, 47.3554452], [8.9605035, 47.3555877], [8.9604996, 47.3557395], [8.9602133, 47.3558558], [8.9598866, 47.356293], [8.959831, 47.3566648], [8.9596358, 47.3567832], [8.9594777, 47.3570406], [8.9593707, 47.3576435], [8.9587618, 47.3580507], [8.9583579, 47.3583934], [8.9578741, 47.3585516], [8.9580295, 47.3590668], [8.9576935, 47.3592377], [8.9575048, 47.3595291], [8.957071, 47.3596956], [8.9569497, 47.3597951], [8.9568811, 47.3599984], [8.9560756, 47.3607737], [8.9560783, 47.361156], [8.9557657, 47.3615142], [8.9558025, 47.3616464], [8.9554124, 47.3621823], [8.955006, 47.3630677], [8.9548029, 47.3637421], [8.9545877, 47.3640373], [8.9547056, 47.3641032], [8.9543695, 47.3645124], [8.9539385, 47.3647767], [8.9538933, 47.3649348], [8.9537338, 47.3651449], [8.9534674, 47.3653845], [8.9531381, 47.3660242], [8.9523828, 47.3671158], [8.9522725, 47.3673118], [8.9523004, 47.3674767], [8.9521429, 47.3679916], [8.9519811, 47.3681252], [8.9518394, 47.3683801], [8.9518716, 47.3686968], [8.9515782, 47.3700231], [8.95169, 47.3702078], [8.9515347, 47.3702512], [8.9515871, 47.3703378], [8.951461, 47.3712338], [8.9514438, 47.3713562], [8.9513145, 47.3714659], [8.9512944, 47.371691], [8.9508297, 47.3721717], [8.9505619, 47.3723607], [8.9502767, 47.3725162], [8.9497279, 47.3727202], [8.9494275, 47.3729265], [8.9491426, 47.3733857], [8.9490575, 47.3738873], [8.9485436, 47.3744449], [8.9481365, 47.374746], [8.9468532, 47.3749674], [8.9465382, 47.3749491], [8.9455879, 47.3747141], [8.9453539, 47.3746924], [8.9451574, 47.3747669], [8.944184, 47.3754128], [8.9435245, 47.375917], [8.9434365, 47.3760544], [8.942942, 47.376628], [8.9423205, 47.3770703], [8.9419649, 47.3774188], [8.9419327, 47.3775277], [8.9417482, 47.377758], [8.9414602, 47.3779855], [8.941246, 47.3780558], [8.9411327, 47.3781198], [8.9410633, 47.3782096], [8.9410789, 47.3783088], [8.9410454, 47.3783778], [8.940948, 47.3784354], [8.9407945, 47.3786888], [8.9407934, 47.3787802], [8.940741, 47.3788862], [8.9406217, 47.3789829], [8.940394, 47.3791978], [8.9402038, 47.3795236], [8.940217, 47.3795645], [8.9401922, 47.3796716], [8.9401302, 47.3797502], [8.9401447, 47.3798654], [8.9402399, 47.3800047], [8.9402264, 47.3801347], [8.9403604, 47.3802163], [8.9403867, 47.3803226], [8.9406738, 47.3806619], [8.9406825, 47.3807345], [8.9409194, 47.3809702], [8.9409566, 47.3811549], [8.9410059, 47.3812146], [8.9410233, 47.3812876], [8.9410861, 47.3814522], [8.9414655, 47.3817802], [8.9415022, 47.381868], [8.9416401, 47.3820304], [8.9417519, 47.3820608], [8.9418611, 47.3821134], [8.9420132, 47.382155], [8.942041, 47.3821966], [8.942024, 47.3822743], [8.9420809, 47.3822649], [8.9422433, 47.3823587], [8.9423001, 47.3824157], [8.942623, 47.3825247], [8.9425812, 47.3825883], [8.9426909, 47.3827148], [8.9427734, 47.3828361], [8.9428982, 47.3830717], [8.9429554, 47.3831893], [8.9430633, 47.383317], [8.9432866, 47.3835192], [8.9432965, 47.3835904], [8.9434075, 47.3836318], [8.9433857, 47.383686], [8.9435695, 47.3837902], [8.9435621, 47.384013], [8.9436134, 47.3840685], [8.9436738, 47.3841263], [8.9436477, 47.3842335], [8.9437031, 47.3843104], [8.9436022, 47.384391], [8.943655, 47.3845401], [8.943623, 47.3848092], [8.9435631, 47.3848847], [8.943716, 47.3849079], [8.943558, 47.3851836], [8.9436128, 47.3852544], [8.943615, 47.385386], [8.9435853, 47.3854792], [8.9435638, 47.3855535], [8.943389, 47.3856534], [8.9432948, 47.3857646], [8.9432181, 47.3858677], [8.943198, 47.3859642], [8.9430223, 47.3860992], [8.9428165, 47.3861593], [8.9427034, 47.3862578], [8.9424911, 47.386282], [8.9423722, 47.3864488], [8.9423103, 47.3865208], [8.9422731, 47.386577], [8.9420721, 47.3866736], [8.9420813, 47.3867185], [8.9419347, 47.3869825], [8.9418596, 47.3870626], [8.941722, 47.3871604], [8.9415591, 47.3873132], [8.9412923, 47.3873561], [8.9410878, 47.3874474], [8.9408292, 47.3874813], [8.9406899, 47.3875244], [8.9406453, 47.3876042], [8.9405069, 47.3876887], [8.9404012, 47.3877843], [8.9402352, 47.3878518], [8.9400719, 47.3878598], [8.9400332, 47.3878807], [8.9400227, 47.3879259], [8.939357, 47.3882336], [8.9385254, 47.3885419], [8.9384188, 47.3886181], [8.9382494, 47.3886543], [8.9380679, 47.3887944], [8.9375789, 47.3890427], [8.9375156, 47.3891227], [8.9373142, 47.3893191], [8.9370871, 47.3893895], [8.9370913, 47.3895075], [8.9369861, 47.3895518], [8.9367694, 47.389595], [8.9367143, 47.3896563], [8.9365296, 47.3897866], [8.9364873, 47.3899121], [8.9364289, 47.3899733], [8.936412, 47.3900402], [8.9363337, 47.3901394], [8.9360803, 47.3902561], [8.9358925, 47.3902645], [8.9357257, 47.390331], [8.9355064, 47.3904675], [8.9354404, 47.3904799], [8.935285, 47.390434], [8.9348027, 47.3904586], [8.9346208, 47.3905279], [8.9342215, 47.3905712], [8.9340942, 47.3906093], [8.9339442, 47.390634], [8.9338349, 47.3906666], [8.9336654, 47.3907609], [8.9332409, 47.3909076], [8.9329561, 47.3910177], [8.9327756, 47.3910797], [8.93266, 47.3911457], [8.9325461, 47.3912212], [8.9323991, 47.3913014], [8.9321055, 47.3914249], [8.9320468, 47.3914453], [8.9318719, 47.3914767], [8.9318421, 47.3915051], [8.9318396, 47.3915712], [8.9317021, 47.3916969], [8.9316222, 47.3917274], [8.9315223, 47.3917411], [8.9314072, 47.3918119], [8.9313622, 47.391888], [8.9313461, 47.3919922], [8.931171, 47.3921516], [8.9310815, 47.3921781], [8.9308851, 47.3922022], [8.9307668, 47.3923103], [8.9306383, 47.392368], [8.9305864, 47.3924107], [8.9304705, 47.3924353], [8.9302981, 47.3925467], [8.9302317, 47.3926082], [8.9301434, 47.3926478], [8.9301115, 47.3926773], [8.9300933, 47.3927047], [8.9300956, 47.392744], [8.9301429, 47.3928486], [8.9301756, 47.3929323], [8.9301192, 47.3931049], [8.9300356, 47.39315], [8.9299046, 47.3932379], [8.9298385, 47.3932595], [8.9297226, 47.3932605], [8.9295615, 47.393328], [8.9295071, 47.3933646], [8.9294681, 47.3934192], [8.9294589, 47.3934841], [8.9293792, 47.3936151], [8.9292785, 47.3936857], [8.9291338, 47.3937194], [8.929011, 47.3937985], [8.9289582, 47.3938557], [8.9288778, 47.3939083], [8.9287848, 47.3939289], [8.9287238, 47.3939121], [8.928655, 47.3938644], [8.9285927, 47.3938254], [8.9285363, 47.3938116], [8.9283758, 47.3938612], [8.9282034, 47.3939783], [8.9281487, 47.3940666], [8.9281694, 47.394167], [8.9279617, 47.3942758], [8.9278774, 47.39429], [8.9278101, 47.3943079], [8.9277629, 47.3943391], [8.9277384, 47.3944636], [8.9277564, 47.3945596], [8.9277031, 47.3946128], [8.9276294, 47.3946177], [8.9274979, 47.3946131], [8.9273835, 47.3946461], [8.9273348, 47.3946771], [8.9272968, 47.3947345], [8.9273672, 47.3948082], [8.927386, 47.3948426], [8.9273793, 47.3948917], [8.9272893, 47.3950183], [8.9271571, 47.3951242], [8.9271438, 47.3951419], [8.9271341, 47.3951631], [8.9271335, 47.3951819], [8.927136, 47.3952031], [8.9271444, 47.3952226], [8.9271522, 47.3952362], [8.9271673, 47.3952517], [8.9274827, 47.3955643], [8.9274971, 47.3956247], [8.9274569, 47.3956939], [8.9273953, 47.3958507], [8.9273343, 47.3958945], [8.9272565, 47.3959363], [8.9271175, 47.3960224], [8.926996, 47.396107], [8.9269074, 47.3961425], [8.9268333, 47.3961572], [8.9266234, 47.3961794], [8.9265672, 47.3961945], [8.9265371, 47.3962101], [8.9260935, 47.3965322], [8.9260415, 47.3968284], [8.9259713, 47.3969058], [8.9255627, 47.396967], [8.9253787, 47.3970461], [8.9247972, 47.3975355], [8.9244636, 47.3974799], [8.9240784, 47.3977114], [8.9239083, 47.3978955], [8.9231509, 47.3984122], [8.9226646, 47.398591], [8.9222334, 47.3986601], [8.9218983, 47.3989887], [8.9215719, 47.3991159], [8.9211586, 47.3991679], [8.9208114, 47.399466], [8.920295, 47.3995683], [8.9199905, 47.3995505], [8.9185408, 47.3997859], [8.918169, 47.3998545], [8.9178497, 47.3999698], [8.9175342, 47.3999518], [8.917268, 47.3998721], [8.9162145, 47.3999875], [8.9160383, 47.3998269], [8.9156862, 47.3999255], [8.9155551, 47.3998946], [8.9154599, 47.3999186], [8.9155042, 47.4001179], [8.915452, 47.400198], [8.9150888, 47.4001784], [8.9147389, 47.4003109], [8.9146611, 47.4002984], [8.9146052, 47.4002587], [8.914513, 47.4002462], [8.9143452, 47.4003149], [8.9142485, 47.4004058], [8.9142143, 47.4004693], [8.9141383, 47.400585], [8.9140891, 47.4006122], [8.914008, 47.4006136], [8.9138923, 47.4005774], [8.9138074, 47.4005194], [8.9137264, 47.4004529], [8.9136964, 47.4004337], [8.9136555, 47.4004179], [8.9136101, 47.4004105], [8.9135663, 47.4004128], [8.9135298, 47.4004208], [8.9134918, 47.4004388], [8.9134476, 47.4004716], [8.9133833, 47.4005728], [8.913336, 47.400689], [8.9133189, 47.4007549], [8.9133436, 47.4008321], [8.9134802, 47.401], [8.9135198, 47.4010778], [8.9135134, 47.401137], [8.9134728, 47.4011791], [8.9134165, 47.4011991], [8.9131935, 47.4011814], [8.9126165, 47.4009818], [8.9122137, 47.4009127], [8.9116399, 47.4010254], [8.911549, 47.4013137], [8.9113724, 47.401411], [8.910646, 47.401091], [8.9104704, 47.4011077], [8.9100494, 47.4012739], [8.9095135, 47.4013064], [8.9087465, 47.4010883], [8.9079793, 47.4011154], [8.9071451, 47.4009893], [8.9069034, 47.4010494], [8.9066906, 47.4012575], [8.9065398, 47.4013319], [8.9061167, 47.4013642], [8.9056795, 47.401407], [8.905455, 47.401427], [8.9049361, 47.4017033], [8.9041806, 47.4017784], [8.903964, 47.4019124], [8.9037062, 47.4019227], [8.9035747, 47.4019798], [8.903465, 47.4020567], [8.9034829, 47.402381], [8.9035493, 47.4023666], [8.903567, 47.4023628], [8.9036273, 47.4023633], [8.9036638, 47.4023622], [8.9037185, 47.4023741], [8.9037645, 47.402409], [8.9038232, 47.402473], [8.9037808, 47.4025007], [8.9038074, 47.4025389], [8.9041946, 47.4027809], [8.9043055, 47.402807], [8.9043433, 47.4028133], [8.9044218, 47.4028638], [8.904432, 47.4030088], [8.9043387, 47.403335], [8.9044007, 47.4034363], [8.904404, 47.4034892], [8.9043966, 47.4037277], [8.9044363, 47.403844], [8.9044022, 47.4038794], [8.9043925, 47.4040605], [8.9044716, 47.4042325], [8.9044696, 47.40432], [8.9045041, 47.4044576], [8.9044855, 47.4045636], [8.9045706, 47.4047905], [8.9045579, 47.4048226], [8.9046894, 47.4049506], [8.9047879, 47.405022], [8.9049067, 47.4052666], [8.9050869, 47.4054929], [8.905154, 47.4055415], [8.9051936, 47.4055786], [8.9052472, 47.4055769], [8.9053431, 47.405616], [8.9054844, 47.405729], [8.9055929, 47.4057928], [8.9058315, 47.4060169], [8.9058924, 47.4061431], [8.9059673, 47.4062317], [8.9060501, 47.4063457], [8.9061184, 47.4064981], [8.9062851, 47.4066828], [8.9064428, 47.40682], [8.9065638, 47.4069814], [8.9066563, 47.4070246], [8.9068775, 47.4071179], [8.9071048, 47.4072999], [8.9073452, 47.4074099], [8.9074955, 47.4075277], [8.9076346, 47.4075795], [8.9076561, 47.4076356], [8.907852, 47.4078192], [8.9080218, 47.4079119], [8.9080605, 47.4079407], [8.9082101, 47.4081125], [8.9082913, 47.4081485], [8.908448, 47.4082813], [8.9085942, 47.4084614], [8.9086372, 47.4085759], [8.9087616, 47.4086665], [8.908995, 47.408748], [8.909244, 47.4088888], [8.9094785, 47.4091232], [8.9094807, 47.4092208], [8.9095233, 47.4092802], [8.9094959, 47.4093345], [8.9095859, 47.4094371], [8.9095864, 47.4095688], [8.9096281, 47.4096313], [8.9096502, 47.4098029], [8.9095414, 47.4100095], [8.9095323, 47.4102295], [8.909623, 47.4104302], [8.9099874, 47.4106789], [8.9101032, 47.4109299], [8.9102239, 47.4111141], [8.9103159, 47.4112393], [8.910418, 47.4113388], [8.9104889, 47.4113917], [8.9105278, 47.4115201], [8.9107584, 47.4117801], [8.9108041, 47.411903], [8.9110786, 47.4120945], [8.9112342, 47.4120845], [8.9113702, 47.41223], [8.9114405, 47.4123379], [8.9117228, 47.412426], [8.9118833, 47.4124166], [8.9119528, 47.4124556], [8.9120316, 47.4125129], [8.9120985, 47.4125252], [8.9121407, 47.4125915], [8.9122444, 47.4126482], [8.9124509, 47.412664], [8.912525, 47.412688], [8.912627, 47.4127476], [8.9126502, 47.4128008], [8.912697, 47.4128426], [8.9126632, 47.4129261], [8.9126902, 47.4130296], [8.9127819, 47.4131708], [8.912843, 47.4133246], [8.912811, 47.4134699], [8.9128319, 47.4135714], [8.9129065, 47.4136754], [8.9128969, 47.4137217], [8.9128845, 47.4141964], [8.9128361, 47.414786], [8.9127098, 47.4152038], [8.9125423, 47.4154277], [8.912525, 47.4154757], [8.9123616, 47.4155569], [8.9124342, 47.4156108], [8.912493, 47.4156726], [8.9125363, 47.4157377], [8.9125631, 47.4158081], [8.9125768, 47.4158781], [8.9126092, 47.4164196], [8.9126214, 47.4165115], [8.9126478, 47.4166037], [8.9126809, 47.4166948], [8.912723, 47.4167858], [8.9128173, 47.4169442], [8.912922, 47.4170985], [8.9130421, 47.4172463], [8.9131784, 47.4173903], [8.9138424, 47.4180767], [8.913905, 47.4181741], [8.9139383, 47.4182736], [8.9139453, 47.4183746], [8.9139284, 47.41848], [8.9138888, 47.4185737], [8.9138257, 47.4186642], [8.9137384, 47.4187599], [8.9136387, 47.4188485], [8.9134515, 47.4189963], [8.9133704, 47.4190659], [8.9132789, 47.4191876], [8.9131877, 47.4191613], [8.9131308, 47.4192672], [8.9130923, 47.4193698], [8.9130721, 47.419488], [8.9130593, 47.4196456], [8.9130403, 47.4197653], [8.913006, 47.4198845], [8.912941, 47.4200295], [8.9127835, 47.4203208], [8.912706, 47.4204931], [8.9126624, 47.4206115], [8.9126368, 47.4207133], [8.9126025, 47.4208969], [8.9125952, 47.4208898], [8.9125877, 47.4208857], [8.9125788, 47.4208832], [8.9125661, 47.4208824], [8.9125537, 47.4208847], [8.9125457, 47.4208882], [8.9125349, 47.4208989], [8.9125143, 47.4210739], [8.9125096, 47.4210936], [8.912493, 47.4211319], [8.9124675, 47.4211679], [8.9124339, 47.4212007], [8.9123661, 47.4212563], [8.9123283, 47.4212903], [8.9122945, 47.4213262], [8.9122451, 47.4213896], [8.9122211, 47.4214137], [8.9121937, 47.4214362], [8.9121631, 47.4214567], [8.9121296, 47.421475], [8.912072, 47.4215004], [8.9120326, 47.421523], [8.9119997, 47.4215498], [8.9119859, 47.4215646], [8.9119678, 47.4215886], [8.9119531, 47.4216138], [8.9119425, 47.4216398], [8.9119357, 47.4216665], [8.9119328, 47.4216934], [8.911934, 47.4217205], [8.911953, 47.4218491], [8.9119537, 47.4218649], [8.9119491, 47.4218965], [8.9119437, 47.421912], [8.911927, 47.4219415], [8.9119157, 47.4219555], [8.911888, 47.4219811], [8.9118718, 47.4219925], [8.9118351, 47.4220122], [8.911815, 47.4220203], [8.9117719, 47.4220327], [8.9117493, 47.4220369], [8.911703, 47.4220411], [8.9114808, 47.4230884], [8.9113533, 47.4233495], [8.911161, 47.4235715], [8.9113565, 47.4237309], [8.9115409, 47.4238697], [8.9116226, 47.4239508], [8.9116626, 47.4239867], [8.9117437, 47.4240319], [8.9118099, 47.4240439], [8.9118657, 47.4240246], [8.9118049, 47.4240842], [8.9117694, 47.4241261], [8.9117329, 47.4241764], [8.9116959, 47.4242351], [8.9117878, 47.4242597], [8.9117402, 47.4243578], [8.9116503, 47.424586], [8.9116581, 47.4246791], [8.9119078, 47.4246596], [8.9119632, 47.4248363], [8.9120911, 47.4249105], [8.9121003, 47.425218], [8.9117414, 47.4252419], [8.9117664, 47.4252849], [8.9118973, 47.425433], [8.912046, 47.425578], [8.9122646, 47.4257362], [8.9124268, 47.4258134], [8.9123889, 47.4258558], [8.9126247, 47.4259501], [8.9127601, 47.4260137], [8.9128896, 47.4260828], [8.9129519, 47.4261194], [8.9130723, 47.4261953], [8.9131303, 47.4262345], [8.9132406, 47.4263165], [8.913343, 47.4264031], [8.9135796, 47.4265981], [8.9136414, 47.4266455], [8.9137068, 47.4266907], [8.9137755, 47.4267335], [8.9138475, 47.4267738], [8.9139226, 47.4268115], [8.9140004, 47.4268464], [8.914056, 47.4268687], [8.914113, 47.4268892], [8.9141713, 47.426908], [8.9142306, 47.4269251], [8.9142911, 47.4269403], [8.9143527, 47.4269537], [8.9144816, 47.4269768], [8.9146121, 47.4269952], [8.9147439, 47.4270091], [8.9147464, 47.4271729], [8.9146714, 47.4274406], [8.9146229, 47.427725], [8.9144064, 47.4277693], [8.914007, 47.4279206], [8.9136403, 47.4280086], [8.9133077, 47.4281014], [8.9130907, 47.428181], [8.913062, 47.4281914], [8.9126037, 47.4284467], [8.9123345, 47.4285613], [8.9114156, 47.4287998], [8.9110036, 47.4289271], [8.9100164, 47.4291799], [8.9097365, 47.4290769], [8.9095302, 47.429222], [8.909228, 47.4293281], [8.9090278, 47.4294003], [8.9088326, 47.429481], [8.9087195, 47.4295332], [8.90862, 47.4295962], [8.9080423, 47.4300403], [8.9076755, 47.4302854], [8.9076688, 47.4303277], [8.9077169, 47.4304327], [8.9077474, 47.4310197], [8.9077258, 47.4311915], [8.9077545, 47.4313306], [8.9078661, 47.4314498], [8.9079994, 47.4315586], [8.9081844, 47.4316318], [8.9084028, 47.4316699], [8.9085298, 47.4316988], [8.9087701, 47.4318453], [8.9088271, 47.4319279], [8.9090386, 47.4321139], [8.9091712, 47.4322266], [8.909411, 47.4325159], [8.9094441, 47.432617], [8.9094849, 47.4327046], [8.9097795, 47.4330114], [8.9103947, 47.4334058], [8.9108284, 47.4336338], [8.9109532, 47.4337211], [8.9110723, 47.4337638], [8.9113214, 47.4337692], [8.9120164, 47.4337373], [8.9122773, 47.4337529], [8.9124499, 47.4334291], [8.9127741, 47.432862], [8.9125962, 47.4328168], [8.9126198, 47.4327746], [8.9136184, 47.4315329], [8.9136352, 47.4315359], [8.9137322, 47.4315821], [8.91389, 47.4316], [8.9139348, 47.4315916], [8.9139655, 47.4316348], [8.9140915, 47.4316538], [8.9141145, 47.4316997], [8.9141583, 47.43172], [8.9142338, 47.4317266], [8.9142863, 47.4317894], [8.9146532, 47.4321048], [8.9148773, 47.4323499], [8.9153991, 47.4324997], [8.9167325, 47.4330165], [8.9170069, 47.4331693], [8.9175267, 47.4328458], [8.9180799, 47.432404], [8.9181174, 47.4324229], [8.9182258, 47.4324332], [8.9182991, 47.432533], [8.9183997, 47.4325411], [8.918433, 47.4325155], [8.9184775, 47.4325322], [8.9184898, 47.4325558], [8.9185851, 47.432591], [8.9186511, 47.4326488], [8.9188123, 47.4326575], [8.9188281, 47.4327096], [8.9188969, 47.4327471], [8.9189801, 47.4327309], [8.9191181, 47.4327412], [8.919168, 47.4327485], [8.91928, 47.4327605], [8.9192845, 47.4327661], [8.9192969, 47.4327812], [8.9192875, 47.4328238], [8.9193005, 47.4328578], [8.9193353, 47.4328645], [8.9194775, 47.432848], [8.9195985, 47.432895], [8.9196721, 47.432938], [8.9197798, 47.433009], [8.9197828, 47.4330109], [8.9198782, 47.4329698], [8.9200329, 47.4329382], [8.9201458, 47.4329869], [8.9202309, 47.4330215], [8.9202865, 47.4330059], [8.9203472, 47.4330021], [8.9204413, 47.4329962], [8.9206596, 47.4330298], [8.9207775, 47.4330316], [8.9208091, 47.4330321], [8.9210707, 47.4329791], [8.9212402, 47.4329778], [8.9212754, 47.4329605], [8.9213159, 47.4329407], [8.921397, 47.4329368], [8.9214827, 47.4329606], [8.9216515, 47.4329824], [8.9218461, 47.433003], [8.9221009, 47.4329934], [8.9222158, 47.4329545], [8.9224397, 47.4328865], [8.9225277, 47.4328954], [8.9227563, 47.4328863], [8.9228757, 47.4328581], [8.9230641, 47.432804], [8.9230816, 47.4327526], [8.9232114, 47.4327192], [8.9232811, 47.432694], [8.9233184, 47.4326687], [8.9233216, 47.4326066], [8.9234562, 47.4325493], [8.9236098, 47.4324481], [8.9236191, 47.4324431], [8.9236466, 47.4324285], [8.9237058, 47.4324093], [8.9237637, 47.4323904], [8.923841, 47.4323807], [8.924032, 47.4323261], [8.9242763, 47.4323267], [8.924507, 47.4322801], [8.9246344, 47.4322231], [8.9246459, 47.4322179], [8.9247167, 47.4321332], [8.9248353, 47.4320486], [8.9249497, 47.4320141], [8.9250608, 47.4319447], [8.9251864, 47.4319161], [8.9253022, 47.4318651], [8.9253487, 47.4318017], [8.9253516, 47.4317978], [8.9253665, 47.4317641], [8.9254109, 47.4316604], [8.9254925, 47.4316429], [8.9256406, 47.4316688], [8.9257472, 47.4316468], [8.9257972, 47.4316117], [8.9258714, 47.4315187], [8.926067, 47.4315015], [8.9261523, 47.4314942], [8.9261918, 47.4314908], [8.9263528, 47.4314498], [8.9265142, 47.4314153], [8.9266265, 47.4314254], [8.926641, 47.4314267], [8.9267768, 47.4313999], [8.9268894, 47.4313972], [8.9269209, 47.4314479], [8.9269939, 47.4315127], [8.9271057, 47.431508], [8.927272, 47.4315032], [8.9273597, 47.4315007], [8.9275339, 47.4314838], [8.9275665, 47.4314937], [8.9275766, 47.4314971], [8.9276375, 47.4315179], [8.9277301, 47.4315341], [8.92782, 47.4315142], [8.9279476, 47.4314766], [8.9280046, 47.4315075], [8.9280819, 47.4315462], [8.9281486, 47.4315365], [8.9282388, 47.4315328], [8.9283127, 47.4315499], [8.9284269, 47.4315451], [8.9285385, 47.4315064], [8.9286276, 47.4315865], [8.9289444, 47.4318712], [8.9291796, 47.432082], [8.9294197, 47.4319216], [8.9295641, 47.4317098], [8.9300428, 47.4315876], [8.930564, 47.4318599], [8.9307465, 47.4318025], [8.9307922, 47.4317585], [8.9308232, 47.4318048], [8.9309526, 47.4318891], [8.9310012, 47.4319208], [8.9309757, 47.4319711], [8.9310972, 47.4321001], [8.9310817, 47.4321832], [8.9311738, 47.4323556], [8.9311449, 47.4324059], [8.9313473, 47.4326522], [8.9313181, 47.4326833], [8.9314496, 47.4328031], [8.9317564, 47.4333128], [8.9323423, 47.4335955], [8.9324515, 47.4336906], [8.93279, 47.4339006], [8.9330874, 47.434131], [8.9330655, 47.4341994], [8.9330979, 47.4342278], [8.932278, 47.4346351], [8.932193, 47.4346947], [8.932145, 47.4347724], [8.9321436, 47.4348547], [8.9321879, 47.4349176], [8.9325162, 47.4351314], [8.9326069, 47.435194], [8.9326673, 47.4352706], [8.9326909, 47.435355], [8.9326875, 47.4354414], [8.9327243, 47.4354834], [8.9327268, 47.4355414], [8.9317303, 47.4353926], [8.9313309, 47.4353288], [8.9311305, 47.4353054], [8.9309271, 47.4353016], [8.9290846, 47.4354449], [8.9285046, 47.4354439], [8.9277618, 47.4354237], [8.9273389, 47.4354217], [8.9269929, 47.4354132], [8.9267236, 47.4353804], [8.9264686, 47.4353089], [8.9260868, 47.4351588], [8.9254977, 47.434866], [8.9253783, 47.4348158], [8.9252662, 47.4347895], [8.9251591, 47.4347863], [8.9250624, 47.4348149], [8.9247891, 47.4349574], [8.9246054, 47.4350313], [8.9244583, 47.4350598], [8.9243054, 47.4350691], [8.9241105, 47.4350443], [8.9236789, 47.4349023], [8.9237125, 47.4349337], [8.9238958, 47.4350328], [8.9236171, 47.4349599], [8.9233966, 47.4349332], [8.9224535, 47.4348748], [8.9219358, 47.434858], [8.9216544, 47.4348766], [8.9213653, 47.434942], [8.9209469, 47.4350276], [8.9206515, 47.4351095], [8.9203847, 47.4352156], [8.9199787, 47.4353951], [8.9199509, 47.4354676], [8.9197013, 47.435679], [8.9195043, 47.435841], [8.9190936, 47.4361346], [8.9188217, 47.4362641], [8.9185492, 47.4363413], [8.918141, 47.4364198], [8.9174942, 47.4364928], [8.9174948, 47.4365168], [8.9174112, 47.4365173], [8.9173996, 47.4365572], [8.9169704, 47.4365586], [8.9169785, 47.4365184], [8.9166945, 47.4364914], [8.9163969, 47.4364351], [8.9162317, 47.4364291], [8.9160188, 47.43645], [8.9156926, 47.4365003], [8.9153822, 47.4365584], [8.915158, 47.4366182], [8.9149474, 47.4366689], [8.9145802, 47.4367325], [8.9144108, 47.4367452], [8.9142443, 47.4367255], [8.9138743, 47.4366347], [8.9136612, 47.4365859], [8.913452, 47.4365645], [8.9132432, 47.4365745], [8.9129074, 47.4366], [8.9127372, 47.4365882], [8.9124924, 47.4364909], [8.9124137, 47.4364974], [8.9123024, 47.4364641], [8.9122899, 47.436476], [8.9122608, 47.4364974], [8.912227, 47.4365153], [8.9121895, 47.4365292], [8.912149, 47.4365391], [8.9121281, 47.4365422], [8.9117, 47.4365448], [8.9111664, 47.4366028], [8.9109745, 47.4366453], [8.9108003, 47.4367161], [8.9106334, 47.4368229], [8.9103564, 47.4370238], [8.9095527, 47.4374518], [8.9094252, 47.4374872], [8.9092238, 47.4376112], [8.9091473, 47.4376351], [8.909009, 47.4376557], [8.9089333, 47.4376602], [8.908754, 47.4377647], [8.9085242, 47.4378598], [8.9081658, 47.4380166], [8.9079004, 47.43817], [8.9077955, 47.4383417], [8.9073578, 47.4386038], [8.907055, 47.4387158], [8.9068257, 47.438788], [8.9068566, 47.4392701], [8.9070418, 47.4395578], [8.9067285, 47.440004], [8.9063693, 47.4403263], [8.9060479, 47.4406206], [8.905744, 47.4408145], [8.9055966, 47.4408403], [8.905621, 47.4412214], [8.9055978, 47.4414429], [8.9055687, 47.4415571], [8.9055062, 47.4416644], [8.9053764, 47.4418391], [8.9049212, 47.4422446], [8.9045556, 47.4423573], [8.9044253, 47.4424318], [8.9042277, 47.442644], [8.9037076, 47.4431672], [8.90348, 47.4433128], [8.903121, 47.4436335], [8.9029161, 47.4437585], [8.9027714, 47.4440631], [8.9026622, 47.4442408], [8.9027343, 47.4444021], [8.9028264, 47.4444371], [8.9030998, 47.4445317], [8.903267, 47.444551], [8.9034409, 47.4446437], [8.9038176, 47.444861], [8.9040093, 47.4449419], [8.9044083, 47.4452284], [8.9045263, 47.4453856], [8.9049091, 47.445773], [8.9049985, 47.4458973], [8.9050431, 47.4459832], [8.9051278, 47.4461891], [8.9052047, 47.4463031], [8.9055291, 47.446561], [8.9055772, 47.446644], [8.9055889, 47.4467789], [8.9056729, 47.4467974], [8.9058993, 47.4467346], [8.9059556, 47.4466556], [8.9060341, 47.4466493], [8.906088, 47.4467223], [8.9062701, 47.4467574], [8.9064263, 47.4468273], [8.9066536, 47.4469668], [8.9069005, 47.4471118], [8.9070845, 47.4471988], [8.9072846, 47.4472696], [8.9074934, 47.4473231], [8.9077144, 47.4473441], [8.9079373, 47.4473526], [8.9080597, 47.4473636], [8.9081759, 47.4473907], [8.9083314, 47.4474466], [8.9084587, 47.4474666], [8.9085772, 47.447431], [8.9086459, 47.4474971], [8.9087075, 47.4475198], [8.9087903, 47.4475964], [8.9088808, 47.4476698], [8.9089907, 47.447729], [8.9088152, 47.4483374], [8.9085715, 47.4484523], [8.9083328, 47.4486504], [8.9083138, 47.4488194], [8.9079605, 47.4492641], [8.9075551, 47.44963], [8.9075548, 47.4496753], [8.9074742, 47.4496972], [8.9074563, 47.4498285], [8.9073912, 47.4501485], [8.907156, 47.4505476], [8.9070056, 47.4507519], [8.9069197, 47.4508269], [8.9068135, 47.4508924], [8.9066837, 47.4509339], [8.9063153, 47.4509914], [8.906178, 47.4510214], [8.9060539, 47.451071], [8.9059192, 47.4511908], [8.9058636, 47.4512342], [8.9056896, 47.451265], [8.9055999, 47.4514462], [8.9055015, 47.4516236], [8.9052961, 47.4519238], [8.9051794, 47.4521286], [8.9049999, 47.4522329], [8.9049298, 47.4522764], [8.9046438, 47.4524622], [8.904301, 47.4527466], [8.9041513, 47.4528678], [8.9040915, 47.4529534], [8.9039298, 47.4530714], [8.9037019, 47.4533107], [8.903554, 47.4534544], [8.9033953, 47.4535146], [8.9031462, 47.4535133], [8.9029133, 47.4536315], [8.9025686, 47.4537965], [8.9021698, 47.4539119], [8.9016964, 47.454092], [8.9014173, 47.4541409], [8.9011224, 47.4541022], [8.9009354, 47.4541862], [8.9003675, 47.4542957], [8.9002835, 47.4543108], [8.9003525, 47.4543662], [8.9004441, 47.4544103], [8.9004194, 47.4544427], [8.9003546, 47.454597], [8.8998251, 47.4551726], [8.8996847, 47.4553538], [8.8995164, 47.4556174], [8.8995133, 47.4556444], [8.8994519, 47.4556271], [8.8993795, 47.4557026], [8.899258, 47.4559105], [8.8979116, 47.4578993], [8.8982388, 47.4582828], [8.8972298, 47.4587879], [8.8957815, 47.4593681], [8.8957547, 47.4594113], [8.8957215, 47.4594525], [8.8954622, 47.4597089], [8.8954472, 47.459726], [8.8954241, 47.4597624], [8.8954161, 47.4597814], [8.8954076, 47.4598205], [8.8954072, 47.4598403], [8.8954138, 47.4598797], [8.8954209, 47.4598989], [8.8954422, 47.4599357], [8.8954726, 47.4599694], [8.895491, 47.4599848], [8.8955331, 47.4600121], [8.8955817, 47.460034], [8.8959111, 47.4601439], [8.8959517, 47.4601595], [8.8959908, 47.4601768], [8.8960283, 47.4601956], [8.8960642, 47.4602158], [8.8960983, 47.4602373], [8.8961304, 47.4602603], [8.8961605, 47.4602844], [8.8961884, 47.4603097], [8.8962142, 47.460336], [8.8962375, 47.4603633], [8.8962586, 47.4603914], [8.8962772, 47.4604203], [8.8963068, 47.4604799], [8.8963237, 47.4605294], [8.89633, 47.4605544], [8.8963348, 47.4605795], [8.8963401, 47.46063], [8.8963406, 47.4606553], [8.8963372, 47.4607057], [8.8963281, 47.4607559], [8.8963213, 47.4607807], [8.8962768, 47.460894], [8.8956193, 47.4627381], [8.8956116, 47.4627672], [8.8956215, 47.4627693], [8.895599, 47.4628118], [8.8955892, 47.4628097], [8.8955628, 47.4628405], [8.8955463, 47.4628545], [8.8955076, 47.4628787], [8.8954627, 47.4628972], [8.8954384, 47.4629041], [8.8953875, 47.4629129], [8.8953351, 47.4629146], [8.8946153, 47.4629038], [8.8945825, 47.4629052], [8.8945343, 47.462912], [8.8945033, 47.4629196], [8.8944598, 47.4629355], [8.8944265, 47.4629527], [8.8943891, 47.4629758], [8.8943545, 47.463001], [8.8943232, 47.4630281], [8.8942824, 47.4630717], [8.8942599, 47.4631026], [8.8941682, 47.4632475], [8.8940527, 47.4635886], [8.8939632, 47.4636978], [8.8938881, 47.463652], [8.8937683, 47.4637158], [8.8919768, 47.4641908], [8.8918199, 47.4642491], [8.891708, 47.4643707], [8.8917174, 47.4644673], [8.8918445, 47.4645662], [8.8935376, 47.4649433], [8.8936951, 47.4650093], [8.8937304, 47.4651284], [8.8936248, 47.4652333], [8.8920508, 47.4657319], [8.891807, 47.465865], [8.8909018, 47.4676328], [8.89076, 47.4679772], [8.890692, 47.4682036], [8.8906697, 47.4683975], [8.8906662, 47.4686882], [8.8907231, 47.4693052], [8.890596, 47.4692664], [8.8867141, 47.4695975], [8.8864049, 47.4696974], [8.8864615, 47.4698197], [8.8865025, 47.4700144], [8.8865553, 47.4701193], [8.886428, 47.4700349], [8.8862817, 47.4699694], [8.8848961, 47.4696665], [8.8843038, 47.4696743], [8.8843067, 47.4697108], [8.883603, 47.4701307], [8.883577, 47.4701457], [8.8835914, 47.4701676], [8.8836171, 47.4704182], [8.8839995, 47.4707655], [8.8833098, 47.4711481], [8.8839741, 47.4716159], [8.8845796, 47.4723607], [8.8846378, 47.4727628], [8.8845488, 47.4732315], [8.884602, 47.4733851], [8.8847124, 47.4734715], [8.8845427, 47.4737294], [8.8830888, 47.4741651], [8.8819391, 47.474428], [8.8812966, 47.4746854], [8.880982, 47.4747555], [8.8809975, 47.4748015], [8.8813363, 47.4748078], [8.8815301, 47.4748271], [8.8816901, 47.4748731], [8.8818356, 47.4749445], [8.8828232, 47.4755742], [8.8828909, 47.4755848], [8.8827851, 47.475659], [8.8828264, 47.4756703], [8.8829332, 47.4756995], [8.8847345, 47.4768481], [8.8848522, 47.4769613], [8.8849043, 47.477058], [8.8849282, 47.4771665], [8.8848977, 47.4773536], [8.8845917, 47.4781997], [8.8845218, 47.4784363], [8.8844564, 47.4790338], [8.8845937, 47.4789523], [8.8846066, 47.478985], [8.8847982, 47.479497], [8.8849987, 47.4796657], [8.8855628, 47.4806945], [8.8853328, 47.4813827], [8.8852934, 47.4817106], [8.8860657, 47.4819874], [8.886549, 47.4820238], [8.8871077, 47.482162], [8.887385, 47.4823596], [8.8879044, 47.4824676], [8.8881061, 47.4824924], [8.8886244, 47.4823171], [8.8890981, 47.4825413], [8.8895318, 47.4825639], [8.8903673, 47.4829735], [8.8907352, 47.4832552], [8.8909683, 47.4831568], [8.8930134, 47.4837602], [8.8933765, 47.4838686], [8.8939567, 47.4839751], [8.8943476, 47.4841154], [8.8968264, 47.4845906], [8.8976935, 47.4851124], [8.8976646, 47.4851946], [8.8976847, 47.4855736], [8.8976595, 47.4857659], [8.8975949, 47.4859661], [8.8971362, 47.4865708], [8.8970548, 47.4867267], [8.8967824, 47.4879015], [8.8959685, 47.4882514], [8.8953216, 47.4883989], [8.8948123, 47.488589], [8.8936803, 47.4884465], [8.8932856, 47.4884259], [8.8928147, 47.4884151], [8.8930506, 47.4904571], [8.893022, 47.4905762], [8.8930476, 47.4907177], [8.8930533, 47.4908447], [8.8929542, 47.4911171], [8.8929468, 47.4911557], [8.8929444, 47.4911947], [8.892967, 47.4912766], [8.8930215, 47.49135], [8.8930865, 47.491411], [8.8932974, 47.4915341], [8.8933687, 47.491573], [8.8933856, 47.4915956], [8.8933947, 47.4916527], [8.8932149, 47.4918299], [8.8932364, 47.4918294], [8.8935305, 47.494197], [8.893546, 47.4942642], [8.8935182, 47.4942806], [8.8934666, 47.4943004], [8.893453, 47.4943188], [8.8934031, 47.494347], [8.8933522, 47.4943723], [8.8933001, 47.4943958], [8.8934776, 47.4948928], [8.893368, 47.4974063], [8.8925775, 47.4975182], [8.8926847, 47.4984499], [8.8927222, 47.499011], [8.8927229, 47.5001094], [8.8926663, 47.5005703], [8.8930203, 47.5005663], [8.8932181, 47.5004994], [8.8935844, 47.500655], [8.8950305, 47.5027435], [8.8953509, 47.5026632], [8.8952398, 47.5036094], [8.8957075, 47.5037056], [8.8960809, 47.5038803], [8.8960848, 47.5041169], [8.8964594, 47.5041569], [8.8967353, 47.504626], [8.8971005, 47.5050109], [8.8970849, 47.5050736], [8.8969089, 47.5051822], [8.8968623, 47.5054626], [8.8962426, 47.5054497], [8.8962422, 47.5056878], [8.8969384, 47.5069515], [8.8969826, 47.5072624], [8.896968, 47.50756], [8.8969091, 47.5076634], [8.8969672, 47.5077344], [8.8974774, 47.5077843], [8.8974293, 47.5079639], [8.8973634, 47.5081072], [8.8973364, 47.5082609], [8.8973373, 47.508407], [8.8973849, 47.5087654], [8.897376, 47.5089416], [8.8972936, 47.5093269], [8.8973168, 47.5093541], [8.8973251, 47.509408], [8.8973121, 47.5094405], [8.8973688, 47.5096595], [8.8974098, 47.5101067], [8.8973096, 47.5105839], [8.8973141, 47.5107063], [8.8973742, 47.5108404], [8.8976137, 47.5111404], [8.8976111, 47.5112456], [8.8969941, 47.5117432], [8.8968399, 47.5119724], [8.8966326, 47.5124707], [8.8966358, 47.5127309], [8.8963664, 47.5131283], [8.8963428, 47.5136705], [8.8964301, 47.5143259], [8.896504, 47.5147416], [8.8966924, 47.5152592], [8.89663, 47.5155861], [8.8969248, 47.5160576], [8.8966045, 47.5173093], [8.8968418, 47.5174312], [8.8970938, 47.5176869], [8.8952987, 47.5192508], [8.8965721, 47.520358], [8.8965201, 47.5203901], [8.8964678, 47.5204275], [8.897051, 47.5211408], [8.8974405, 47.5219646], [8.8983322, 47.5241748], [8.8977629, 47.5240124], [8.8967493, 47.5256128], [8.8959063, 47.5259331], [8.8958457, 47.5259116], [8.894643, 47.5261301], [8.894313, 47.5261303], [8.8939257, 47.5260261], [8.8937141, 47.5263107], [8.892298, 47.5267502], [8.8920401, 47.5267898], [8.8912753, 47.5267837], [8.8912811, 47.5268336], [8.8904696, 47.5269784], [8.8904888, 47.5268964], [8.8900113, 47.5268641], [8.8898911, 47.5267884], [8.8886838, 47.5273002], [8.8885768, 47.5272376], [8.888005, 47.5274646], [8.8880718, 47.5276778], [8.8880585, 47.5277557], [8.8875959, 47.5282579], [8.8875901, 47.5283908], [8.887485, 47.5283514], [8.8863484, 47.5279304], [8.8863022, 47.5278477], [8.8850232, 47.5284528], [8.883444, 47.5294184], [8.8827295, 47.5291416], [8.8820055, 47.5287176], [8.8814723, 47.5285438], [8.8800571, 47.5276282], [8.8799318, 47.5276067], [8.8798766, 47.5275999], [8.8801113, 47.5273249], [8.8804356, 47.527085], [8.880396, 47.5270307], [8.8759988, 47.5287235], [8.8744423, 47.5292721], [8.8743046, 47.5293376], [8.8740226, 47.5293739], [8.873927, 47.5294], [8.8720979, 47.5298561], [8.8700046, 47.5302474], [8.8688181, 47.5303829], [8.866505, 47.5304738], [8.8661624, 47.530465], [8.8656189, 47.5304875], [8.8642893, 47.5304822], [8.8623269, 47.5303924], [8.8610393, 47.5303564], [8.8600005, 47.5304029], [8.8598886, 47.530342], [8.8597278, 47.5303386], [8.8596445, 47.5304015], [8.8592249, 47.5304177], [8.8585265, 47.5303415], [8.8579789, 47.5303497], [8.8577654, 47.5304514], [8.8575159, 47.5307132], [8.8565676, 47.5304275], [8.8558565, 47.5304109], [8.8557755, 47.5304128], [8.855714, 47.5304356], [8.8557757, 47.5307658], [8.8557136, 47.5308169], [8.8559081, 47.5310942], [8.855895, 47.5314513], [8.8552462, 47.5313293], [8.8527381, 47.531256], [8.852067, 47.5311334], [8.8520528, 47.5311686], [8.8517879, 47.5311231], [8.8515175, 47.5311059], [8.8507956, 47.5310934], [8.8505491, 47.5310979], [8.8501092, 47.5311174], [8.8496199, 47.531169], [8.8495624, 47.5311965], [8.8495333, 47.5312402], [8.849445, 47.53127], [8.8494191, 47.5312338], [8.8493922, 47.5312128], [8.8493523, 47.5311921], [8.8493066, 47.5311795], [8.8492639, 47.5311822], [8.8492172, 47.5311879], [8.8491329, 47.531208], [8.8489711, 47.531241], [8.8488027, 47.5312632], [8.8486379, 47.5312713], [8.8484597, 47.5312734], [8.848281, 47.5312694], [8.8479146, 47.5312539], [8.8477119, 47.5312516], [8.8475183, 47.5312578], [8.8473213, 47.5312751], [8.8471306, 47.5312994], [8.8469384, 47.5313291], [8.8462079, 47.5314503], [8.8454446, 47.53158], [8.8450864, 47.5316462], [8.8447327, 47.531717], [8.8443785, 47.5317923], [8.844028, 47.5318717], [8.8433464, 47.5320379], [8.8423936, 47.5322762], [8.8409305, 47.5326421], [8.8408684, 47.5326619], [8.8408106, 47.5326867], [8.8407596, 47.5327165], [8.8407129, 47.5327533], [8.8406354, 47.5328301], [8.8406988, 47.5328101], [8.8409436, 47.5328266], [8.8409036, 47.5328566], [8.8411329, 47.5334967], [8.8411535, 47.5337082], [8.8409733, 47.5346598], [8.8411751, 47.5351737], [8.8410402, 47.5354543], [8.8408923, 47.5355331], [8.8408341, 47.5356064], [8.8407145, 47.5356815], [8.8406333, 47.5358571], [8.8407443, 47.5364198], [8.8409894, 47.5364469], [8.8409315, 47.5365649], [8.8411043, 47.536736], [8.8411585, 47.5368701], [8.8409508, 47.537193], [8.840693, 47.5373805], [8.8403377, 47.5373596], [8.8400895, 47.5371933], [8.8398624, 47.5371493], [8.8393647, 47.5372242], [8.8394651, 47.5378862], [8.8394996, 47.5379816], [8.8397031, 47.5381819], [8.8397713, 47.5382777], [8.8397965, 47.5383749], [8.839853, 47.5384184], [8.839983, 47.5384213], [8.8399326, 47.5393349], [8.8387608, 47.5393122], [8.8381511, 47.5393838], [8.8385455, 47.5401912], [8.8370949, 47.5413117], [8.836232, 47.5428775], [8.836304, 47.542909], [8.8362762, 47.5429392], [8.8362395, 47.5429775], [8.8361478, 47.5429401], [8.8344084, 47.5428855], [8.8344696, 47.5429665], [8.8342364, 47.5435101], [8.8340553, 47.5438486], [8.8338354, 47.5441968], [8.8336553, 47.5444486], [8.8342879, 47.5446081], [8.8340511, 47.5450328], [8.8327298, 47.5460275], [8.8326609, 47.5460509], [8.8325858, 47.5460367], [8.8327809, 47.5461467], [8.8327535, 47.5461874], [8.832827, 47.5462352], [8.8329808, 47.546365], [8.8332516, 47.5466315], [8.8324923, 47.547194], [8.8322371, 47.5473841], [8.8320744, 47.5480903], [8.8322796, 47.5482242], [8.8323705, 47.5482891], [8.8324583, 47.5483546], [8.8325307, 47.5484124], [8.8325249, 47.5484222], [8.8324414, 47.5484672], [8.8324444, 47.5484697], [8.8326406, 47.5486323], [8.8326748, 47.5486694], [8.8327401, 47.5487566], [8.8327388, 47.5487767], [8.832687, 47.5488945], [8.8327165, 47.5489167], [8.8326593, 47.548986], [8.8326043, 47.5490576], [8.8325768, 47.5490766], [8.8325369, 47.54908], [8.8322383, 47.5489955], [8.8319987, 47.5490388], [8.8318592, 47.5490807], [8.8318654, 47.5493928], [8.8318612, 47.5494852], [8.8318741, 47.5495056], [8.8319051, 47.5495152], [8.8317998, 47.5495087], [8.8317098, 47.549508], [8.8317019, 47.5495599], [8.8316943, 47.5496061], [8.8316929, 47.5496213], [8.8316874, 47.5496572], [8.8317327, 47.5496607], [8.8317255, 47.5497016], [8.8317193, 47.5497363], [8.8317703, 47.5497381], [8.8317348, 47.5499147], [8.8312039, 47.5498353], [8.8310256, 47.5498395], [8.8307501, 47.5505345], [8.8306661, 47.55057], [8.8306555, 47.5506109], [8.8301233, 47.5514215], [8.8297974, 47.5517132], [8.8303707, 47.5520908], [8.8304501, 47.552092], [8.8306255, 47.5520408], [8.8306709, 47.5520622], [8.8307248, 47.5520857], [8.829893, 47.5530883], [8.8289784, 47.5542731], [8.827884, 47.5559835], [8.8279787, 47.5559522], [8.8296618, 47.556245], [8.829451, 47.5576006], [8.8312407, 47.5577945], [8.831904, 47.5578272], [8.8342394, 47.5576158], [8.8353291, 47.5574705], [8.8380114, 47.5572663], [8.8386703, 47.5573549], [8.8398776, 47.557749], [8.8401173, 47.5578441], [8.8402444, 47.557914], [8.8406906, 47.5584036], [8.8407219, 47.5585267], [8.8406117, 47.5593714], [8.8406254, 47.5594076], [8.8412563, 47.5598436], [8.8413898, 47.5599241], [8.8416889, 47.5600337], [8.8427158, 47.5602884], [8.8437148, 47.5603906], [8.844229, 47.5604714], [8.8448118, 47.5605408], [8.8451539, 47.5606088], [8.8455919, 47.560712], [8.8459779, 47.560737], [8.8463771, 47.5607267], [8.8468461, 47.5606806], [8.8474113, 47.560655], [8.8485579, 47.5606441], [8.8493761, 47.5607492], [8.8508395, 47.5607768], [8.8510967, 47.5608044], [8.8510894, 47.5608395], [8.8511236, 47.5608699], [8.8510371, 47.5614577], [8.8509208, 47.5623469], [8.8508753, 47.5629153], [8.850848, 47.5634242], [8.850965, 47.5636108], [8.8509194, 47.5636441], [8.8442965, 47.5632515], [8.8445071, 47.5642553], [8.8448936, 47.5660962], [8.8448477, 47.5661365], [8.8421676, 47.566394], [8.8420739, 47.5664122], [8.8420368, 47.5663558], [8.8420204, 47.5661525], [8.8419933, 47.5660735], [8.8419359, 47.5660008], [8.8418485, 47.5659433], [8.8417383, 47.5659066], [8.8405555, 47.5656471], [8.8391994, 47.5653494], [8.8392612, 47.565408], [8.8392622, 47.5661794], [8.8392633, 47.5684625], [8.8392052, 47.5685136], [8.8391858, 47.5685756], [8.8389215, 47.5685513], [8.8386532, 47.568541], [8.8383857, 47.5685423], [8.8377421, 47.568559], [8.8378077, 47.5685926], [8.8380838, 47.5693147], [8.8388035, 47.5711971], [8.8375417, 47.5715626], [8.8360227, 47.5720074], [8.831286, 47.57338], [8.8312225, 47.5733985], [8.8307929, 47.5729376], [8.8306375, 47.5727377], [8.8304998, 47.5724565], [8.8300743, 47.5711268], [8.8300124, 47.5711031], [8.8238078, 47.5724876], [8.8224829, 47.5730633], [8.8220058, 47.5716025], [8.8211902, 47.5720083], [8.8204414, 47.5724071], [8.8202734, 47.5722703], [8.8201423, 47.5723363], [8.8199923, 47.5724324], [8.8200271, 47.5723594], [8.81966, 47.5713846], [8.8172873, 47.5719299], [8.8165856, 47.5701717], [8.8140733, 47.5701444], [8.8138357, 47.5701805], [8.8102253, 47.5709629], [8.8088409, 47.5712647], [8.8074324, 47.5715711], [8.8081082, 47.5743253], [8.8047929, 47.5750046], [8.8047615, 47.5750486], [8.8056286, 47.5771052], [8.8057256, 47.5771822], [8.8052571, 47.5772751], [8.8061999, 47.5795067], [8.8010602, 47.5805408], [8.8021581, 47.5826377], [8.802384, 47.5828386], [8.8024934, 47.5828547], [8.8055398, 47.5821473], [8.8060382, 47.5831495], [8.7980149, 47.585024], [8.7967125, 47.5853276], [8.7870056, 47.5875879], [8.7671576, 47.5922092], [8.7658888, 47.5924575], [8.7646872, 47.5926372], [8.7632893, 47.5927814], [8.7619464, 47.5928595], [8.7581695, 47.5929025], [8.7557207, 47.5928672], [8.7526082, 47.592667], [8.7482189, 47.5923105], [8.7472838, 47.5951241], [8.7472395, 47.5957846], [8.7470821, 47.5958995], [8.7464808, 47.595997], [8.745666, 47.596323], [8.7456563, 47.5964902], [8.7457817, 47.5966841], [8.7471514, 47.5975071], [8.7473531, 47.5976762], [8.7475774, 47.5985662], [8.7475834, 47.5985972], [8.7479738, 47.5986366], [8.7479843, 47.5990075], [8.7480697, 47.5990377], [8.7480225, 47.5996224], [8.7485032, 47.5997681], [8.7486089, 47.5998307], [8.7486815, 47.5999032], [8.7487746, 47.6000439], [8.746491, 47.6003253], [8.7462999, 47.6003489], [8.7466294, 47.6008571], [8.7462872, 47.6012362], [8.7456703, 47.6016512], [8.7448634, 47.6021941], [8.7443943, 47.6023861], [8.7437305, 47.6025823], [8.7434397, 47.6028973], [8.7434149, 47.6032716], [8.7434107, 47.6033349], [8.7432067, 47.6036478], [8.7424021, 47.604272], [8.7420952, 47.604622], [8.7419188, 47.6050668], [8.7418615, 47.6055708], [8.7421288, 47.6058578], [8.7422587, 47.6062484], [8.7421949, 47.6066367], [8.7421472, 47.6069267], [8.742007, 47.6072415], [8.7419616, 47.6073434], [8.7411805, 47.6074574], [8.740492, 47.6076226], [8.7397873, 47.6078604], [8.7393924, 47.6080421], [8.7393872, 47.6080954], [8.7395727, 47.6083154], [8.7396286, 47.6084516], [8.7396538, 47.6085128], [8.7398509, 47.6099624], [8.7401007, 47.6117996], [8.7401418, 47.6118655], [8.7401616, 47.6118995], [8.7407132, 47.6118258], [8.7413506, 47.6116671], [8.7417609, 47.6121112], [8.7418502, 47.6121343], [8.7426438, 47.6118614], [8.7429887, 47.612442], [8.7430733, 47.6129859], [8.7440099, 47.6129295], [8.7458047, 47.6129489], [8.7457958, 47.6144629], [8.7456781, 47.6151127], [8.7456255, 47.6161628], [8.7455964, 47.6162227], [8.7455119, 47.6163646], [8.7454648, 47.6163869], [8.7455876, 47.6164649], [8.7456523, 47.6166046], [8.7460496, 47.6168795], [8.7461977, 47.6170103], [8.7462995, 47.6171702], [8.7463914, 47.6173901], [8.7464662, 47.6176886], [8.7464704, 47.6179929], [8.7463914, 47.6184637], [8.7462686, 47.6189169], [8.7459387, 47.6197983], [8.7459503, 47.6199024], [8.7459836, 47.6199234], [8.7458503, 47.6201753], [8.7458277, 47.6208222], [8.7460273, 47.6214501], [8.7460741, 47.6214367], [8.7464198, 47.6219101], [8.7468068, 47.6221033], [8.7469866, 47.622249], [8.7471091, 47.6224831], [8.7481175, 47.6230444], [8.7495047, 47.6214964], [8.7495349, 47.621336], [8.7495438, 47.6213032], [8.7496601, 47.6208759], [8.7498532, 47.6205643], [8.7508602, 47.61973], [8.7530038, 47.6187861], [8.7537837, 47.6185088], [8.7546038, 47.6179845], [8.7547597, 47.6181596], [8.7550528, 47.6177317], [8.7550058, 47.6176242], [8.7551026, 47.6174309], [8.7551511, 47.6170752], [8.7563112, 47.6166255], [8.756416, 47.6167963], [8.7579868, 47.6179525], [8.7583574, 47.6183851], [8.7588736, 47.6182418], [8.7594152, 47.618192], [8.7596983, 47.6182344], [8.761237, 47.6182337], [8.7616161, 47.6181326], [8.7621786, 47.6180885], [8.7622038, 47.6180769], [8.762603, 47.6178921], [8.7636128, 47.6175541], [8.7640173, 47.6173734], [8.7647087, 47.6172071], [8.7651474, 47.6170226], [8.7666837, 47.6165533], [8.7676294, 47.6159988], [8.767837, 47.6159023], [8.7695585, 47.6151019], [8.7697778, 47.6152085], [8.7702368, 47.6149363], [8.7724177, 47.6144304], [8.7724875, 47.614457], [8.7724758, 47.6144999], [8.7723028, 47.6146927], [8.7724718, 47.6150252], [8.7745304, 47.6148618], [8.7746322, 47.614801], [8.7741557, 47.6144347], [8.7742258, 47.6143936], [8.7752973, 47.6142715], [8.7751724, 47.613607], [8.7755299, 47.6134937], [8.7766129, 47.6132835], [8.7762873, 47.6128476], [8.7775094, 47.6127227], [8.7775152, 47.6126609], [8.7788806, 47.612653], [8.7794414, 47.6126995], [8.7795697, 47.6123132], [8.7811807, 47.612012], [8.7819618, 47.6115929], [8.782974, 47.6111934], [8.7831727, 47.6110226], [8.7833628, 47.6110769], [8.783683, 47.6109943], [8.7842228, 47.6107692], [8.7855254, 47.6100377], [8.7859491, 47.6099083], [8.7867504, 47.6095444], [8.7869634, 47.6095127], [8.7876121, 47.6096207], [8.7878489, 47.6095449], [8.7877033, 47.609149], [8.7877597, 47.6090259], [8.7886097, 47.6092901], [8.7897965, 47.6094092], [8.7902636, 47.6084305], [8.789716, 47.6079285], [8.7895096, 47.6075532], [8.7888701, 47.6070508], [8.7886916, 47.6068268], [8.788644, 47.6063247], [8.7882762, 47.6054406], [8.788321, 47.6048851], [8.7881293, 47.6041531], [8.7889966, 47.6041348], [8.7889657, 47.6040708], [8.7890099, 47.6040609], [8.7887506, 47.6035297], [8.7887801, 47.6034405], [8.7928185, 47.6027415], [8.7936884, 47.6025012], [8.7939399, 47.6024827], [8.7950693, 47.6024936], [8.795401, 47.6024889], [8.7955421, 47.6024783], [8.7956751, 47.6024444], [8.7958512, 47.60241], [8.7959295, 47.6024446], [8.796162, 47.6025173], [8.7963217, 47.6025576], [8.7964369, 47.6025764], [8.7965418, 47.6025879], [8.7965879, 47.6025921], [8.7966863, 47.6025947], [8.7968294, 47.6025825], [8.7970851, 47.6025438], [8.797183, 47.602516], [8.7972845, 47.6024706], [8.7973734, 47.6024306], [8.7976094, 47.6023885], [8.7976511, 47.6023809], [8.7977411, 47.602369], [8.7978328, 47.602366], [8.7980229, 47.6023609], [8.7982542, 47.6023471], [8.7985176, 47.6023014], [8.7986367, 47.6022723], [8.7987506, 47.6022317], [8.798811, 47.6022071], [8.7988614, 47.6021861], [8.7988918, 47.6022219], [8.7991339, 47.6021248], [8.7993038, 47.6020532], [8.7998513, 47.601799], [8.7999709, 47.6017461], [8.8000971, 47.6016969], [8.8002257, 47.6016528], [8.8003551, 47.6016156], [8.8004924, 47.6015827], [8.8006291, 47.6015538], [8.8011431, 47.6014594], [8.801414, 47.6014062], [8.8016966, 47.6013441], [8.8026907, 47.6011111], [8.8027221, 47.60113], [8.8028287, 47.6011388], [8.8025066, 47.6019109], [8.8017087, 47.6029209], [8.8017383, 47.6029844], [8.8016724, 47.6029607], [8.8019605, 47.6036127], [8.8028994, 47.6045025], [8.8030004, 47.6045972], [8.8029554, 47.6046166], [8.8030016, 47.6047467], [8.8028548, 47.6053091], [8.8028764, 47.6054816], [8.8028823, 47.6056015], [8.8029183, 47.6058146], [8.8029896, 47.6061075], [8.8030245, 47.6068181], [8.8032135, 47.6072599], [8.8040097, 47.6081304], [8.8037931, 47.6083296], [8.8033039, 47.6084958], [8.8041255, 47.6094394], [8.8038031, 47.6095811], [8.804035, 47.609888], [8.8041168, 47.6101741], [8.8041681, 47.6106547], [8.8039861, 47.6107058], [8.8041027, 47.6112864], [8.8040755, 47.6116343], [8.8044959, 47.6124392], [8.8047016, 47.6133245], [8.8050378, 47.6137341], [8.8067398, 47.6141985], [8.8083602, 47.6140478], [8.8085196, 47.6140892], [8.808489, 47.6145472], [8.808621, 47.6151542], [8.8086773, 47.6151114], [8.8104431, 47.6151483], [8.8106083, 47.6151911], [8.8105833, 47.6157396], [8.8107467, 47.6157339], [8.8107786, 47.6157692], [8.8113319, 47.6163829], [8.8117082, 47.616471], [8.8131607, 47.6165327], [8.8137839, 47.6168237], [8.8139921, 47.6172172], [8.8133931, 47.6171461], [8.8127218, 47.6172589], [8.8124336, 47.6173672], [8.8122116, 47.6175867], [8.812175, 47.6176229], [8.8123671, 47.6178555], [8.8123267, 47.6178702], [8.8128486, 47.6181992], [8.8115432, 47.618976], [8.812129, 47.6194584], [8.8129665, 47.6195442], [8.8128514, 47.6206365], [8.8131253, 47.6205977], [8.8136129, 47.6206624], [8.8142918, 47.6210847], [8.8143116, 47.6216647], [8.8129593, 47.6215549], [8.8129432, 47.6220566], [8.8137465, 47.6223559], [8.8116988, 47.6226487], [8.8123002, 47.6244043], [8.8123614, 47.6244281], [8.8133084, 47.6241187], [8.8133059, 47.624196], [8.8135358, 47.6245268], [8.8133119, 47.6246984], [8.8135214, 47.6256085], [8.8129494, 47.6256004], [8.8131291, 47.6274026], [8.8131357, 47.6274418], [8.814053, 47.6271933], [8.8145135, 47.6279372], [8.8154302, 47.6278211], [8.8158084, 47.628717], [8.8166342, 47.628561], [8.8175915, 47.6282523], [8.817834, 47.6297337], [8.8179478, 47.6298149], [8.8178149, 47.6298691], [8.8202266, 47.6293], [8.8207798, 47.6304427], [8.8201888, 47.6305354], [8.8209162, 47.6316167], [8.8213843, 47.6315234], [8.8223154, 47.6326325], [8.8226804, 47.6329424], [8.8229425, 47.6331149], [8.8232111, 47.633015], [8.8237025, 47.6332576], [8.8237709, 47.633217], [8.8246741, 47.6338934], [8.8237419, 47.6344205], [8.824421, 47.6350332], [8.824663, 47.6353222], [8.825371, 47.6373145], [8.825323, 47.6374145], [8.8253036, 47.6374538], [8.8252776, 47.6375078], [8.8264064, 47.6377239], [8.826695, 47.6378853], [8.8268567, 47.6386166], [8.8268129, 47.6386444], [8.8273911, 47.6390613], [8.8275106, 47.6401075], [8.8277885, 47.6407847], [8.8277335, 47.6409897], [8.8273096, 47.6413858], [8.8271867, 47.6421646], [8.8271393, 47.6422484], [8.8270381, 47.6423079], [8.8269278, 47.6423602], [8.8268488, 47.6424355], [8.8268167, 47.6425209], [8.8269576, 47.6433793], [8.8269177, 47.6433975], [8.8268675, 47.643389], [8.8269411, 47.6434476], [8.8268773, 47.6434794], [8.826737, 47.643475], [8.8264348, 47.6436063], [8.8258603, 47.6442984], [8.8258626, 47.6445133], [8.8261781, 47.6453206], [8.8263153, 47.6461082], [8.8265492, 47.6461545], [8.8265775, 47.6465119], [8.8264369, 47.6467497], [8.8261772, 47.6469538], [8.8251354, 47.6472648], [8.8248127, 47.6474254], [8.8244978, 47.6476159], [8.8245541, 47.6478243], [8.8237477, 47.6480038], [8.8232572, 47.6482713], [8.8229526, 47.6483743], [8.821397, 47.6487662], [8.8209336, 47.6489301], [8.8198393, 47.6490254], [8.8191609, 47.6489076], [8.8189146, 47.6489256], [8.8183689, 47.6490367], [8.8170247, 47.6495399], [8.8167171, 47.6495572], [8.8161658, 47.6493412], [8.8157938, 47.6490916], [8.8154915, 47.6497991], [8.815582, 47.6498926], [8.8149873, 47.6497421], [8.8147087, 47.6495829], [8.8146696, 47.6496248], [8.8146399, 47.6497092], [8.8143464, 47.6498317], [8.8141254, 47.6500082], [8.8139606, 47.6499232], [8.8133597, 47.6501717], [8.8113835, 47.6511345], [8.8108468, 47.6512506], [8.8103187, 47.6515156], [8.8099374, 47.6516263], [8.8095245, 47.6516806], [8.8089009, 47.6517848], [8.8085248, 47.6517851], [8.8081459, 47.6518039], [8.8078574, 47.6517892], [8.8077287, 47.6517817], [8.8074016, 47.6518301], [8.8071132, 47.6518947], [8.806675, 47.6519002], [8.8060771, 47.6519797], [8.8054474, 47.6521181], [8.8052771, 47.6521713], [8.8050632, 47.652184], [8.8048642, 47.6522324], [8.8052106, 47.6547244], [8.8048573, 47.654836], [8.8047576, 47.6547977], [8.8045863, 47.6548518], [8.8044366, 47.6549285], [8.8043042, 47.6549389], [8.8043083, 47.6549837], [8.8044459, 47.6554848], [8.804517, 47.6559078], [8.8045381, 47.6561854], [8.8046307, 47.6567096], [8.804756, 47.657415], [8.8046987, 47.6574694], [8.8047964, 47.6574556], [8.8048083, 47.6574931], [8.80482, 47.6575364], [8.8048249, 47.6575542], [8.8048617, 47.657745], [8.8048877, 47.6580613], [8.8049342, 47.6582576], [8.8049516, 47.6583325], [8.8049888, 47.6585622], [8.8049849, 47.6588146], [8.8049206, 47.6591534], [8.8049082, 47.6592369], [8.8048854, 47.6595833], [8.8048697, 47.6597951], [8.8048776, 47.6598691], [8.8048819, 47.6599087], [8.8048931, 47.6600129], [8.8048966, 47.6600933], [8.8049003, 47.6601422], [8.8049073, 47.6603109], [8.804938, 47.6604031], [8.8034214, 47.6606402], [8.8035967, 47.6610836], [8.8038213, 47.6616584], [8.8039793, 47.6621917], [8.8039894, 47.6622261], [8.8040412, 47.6623994], [8.8041783, 47.6638955], [8.8052526, 47.6641976], [8.8052634, 47.6647251], [8.8046997, 47.6649014], [8.803965, 47.6651452], [8.8037605, 47.6651991], [8.8036368, 47.6651758], [8.8032749, 47.6652143], [8.8031508, 47.6652684], [8.8026179, 47.6652914], [8.8018397, 47.6652487], [8.7996656, 47.664919], [8.7988132, 47.6648766], [8.7984017, 47.6649212], [8.7984118, 47.6649612], [8.7982265, 47.6649766], [8.7963075, 47.6649416], [8.7929746, 47.6646782], [8.7912105, 47.6648345], [8.7885306, 47.6653644], [8.7877706, 47.6631272], [8.7865772, 47.6607401], [8.7867166, 47.659284], [8.7865494, 47.6581077], [8.78648, 47.6580344], [8.7858914, 47.657753], [8.7858591, 47.6576924], [8.7860064, 47.6552079], [8.7859569, 47.6551617], [8.7853981, 47.6551161], [8.7840154, 47.6537627], [8.7839607, 47.6537503], [8.7839054, 47.6537375], [8.7838697, 47.6536431], [8.7824535, 47.6524982], [8.7820519, 47.6522334], [8.7809101, 47.651667], [8.7793754, 47.6512196], [8.7785305, 47.6510273], [8.777954, 47.650754], [8.7775553, 47.6503396], [8.777311, 47.649744], [8.7771405, 47.6495086], [8.776331, 47.6489166], [8.7761805, 47.6488479], [8.7744497, 47.6487624], [8.7742784, 47.6488235], [8.773666, 47.6492061], [8.7730599, 47.6497593], [8.7727348, 47.6499093], [8.7723681, 47.649951], [8.771976, 47.6499322], [8.7714649, 47.6498425], [8.7708974, 47.6498382], [8.7688253, 47.6501869], [8.7686067, 47.6501681], [8.7681169, 47.6499836], [8.7677031, 47.6497743], [8.7670291, 47.6492776], [8.7663162, 47.6489526], [8.7657365, 47.6488121], [8.7652215, 47.6487601], [8.7650223, 47.6487594], [8.7649588, 47.6487592], [8.7649136, 47.6488002], [8.7648528, 47.6488177], [8.7647688, 47.6486974], [8.764751, 47.6486572], [8.7647061, 47.6485227], [8.7638155, 47.6476086], [8.7623567, 47.6461767], [8.7620757, 47.6460671], [8.7598322, 47.6455473], [8.7597547, 47.6459322], [8.7590577, 47.6446327], [8.7589226, 47.6441458], [8.7588136, 47.6439701], [8.7584643, 47.6436084], [8.7578337, 47.6431773], [8.7572658, 47.6429889], [8.7560124, 47.6431483], [8.7556423, 47.6430866], [8.7552448, 47.6420504], [8.7551716, 47.642019], [8.752111, 47.6423944], [8.7520491, 47.6412415], [8.7512519, 47.6413111], [8.7502825, 47.6413291], [8.7498221, 47.6412656], [8.7496663, 47.6414556], [8.7481793, 47.6407912], [8.7477306, 47.6397115], [8.7471948, 47.638647], [8.7469107, 47.6387662], [8.7462786, 47.6390339], [8.7459627, 47.6392201], [8.7453251, 47.63944], [8.7433586, 47.6397712], [8.7432547, 47.6408017], [8.7433287, 47.6413798], [8.743185, 47.6417634], [8.7431499, 47.6421538], [8.7426484, 47.6422484], [8.7429557, 47.642414], [8.7435054, 47.6430107], [8.7434552, 47.6430323], [8.7431061, 47.6428681], [8.741741, 47.6424086], [8.7407631, 47.6421805], [8.7380734, 47.6418658], [8.7362994, 47.6423197], [8.7354877, 47.6420771], [8.7357183, 47.6419664], [8.7354301, 47.6415996], [8.7349164, 47.6411762], [8.7317245, 47.6419706], [8.7311238, 47.6421122], [8.7306386, 47.6422541], [8.7296224, 47.6428235], [8.7293176, 47.6428618], [8.7263133, 47.6428659], [8.7246506, 47.6430587], [8.7246691, 47.6429657], [8.7245902, 47.6428535], [8.7243187, 47.6426062], [8.7241014, 47.6424969], [8.7235942, 47.6425779], [8.7234937, 47.6418571], [8.7219904, 47.6417593], [8.7210685, 47.641784], [8.72031, 47.6418991], [8.7200484, 47.6411023], [8.7196814, 47.6411039], [8.7174164, 47.6417599], [8.7173187, 47.6418443], [8.7172787, 47.641833], [8.7172159, 47.6418118], [8.7170114, 47.6421048], [8.7162769, 47.6431722], [8.7147336, 47.6430918], [8.7141789, 47.644383], [8.7125465, 47.6439692], [8.7123474, 47.6439294], [8.712307, 47.6439965], [8.7119499, 47.6439081], [8.7110682, 47.6436091], [8.7103425, 47.643239], [8.7096324, 47.6425855], [8.7091952, 47.6421998], [8.7091116, 47.6421251], [8.7090686, 47.6421253], [8.709027, 47.6420857], [8.7090368, 47.6420579], [8.7089279, 47.6419627], [8.7089075, 47.6419458], [8.7088811, 47.6419317], [8.7088323, 47.641913], [8.7087738, 47.6419035], [8.7087234, 47.6419043], [8.7086867, 47.6419089], [8.708649, 47.6419171], [8.7086167, 47.6419325], [8.7085794, 47.641953], [8.7085421, 47.6419928], [8.7085008, 47.642054], [8.7084504, 47.6421172], [8.7083838, 47.6421844], [8.7083144, 47.6422358], [8.7082416, 47.6422807], [8.7081225, 47.6423365], [8.7036784, 47.6440762], [8.7035801, 47.6441211], [8.7035027, 47.6441667], [8.703431, 47.6442165], [8.703365, 47.6442756], [8.7033202, 47.6443232], [8.7032859, 47.6443703], [8.7032576, 47.6444208], [8.7030625, 47.6447996], [8.7030243, 47.6448634], [8.7029974, 47.6448989], [8.7029618, 47.6449406], [8.7028838, 47.645011], [8.7028345, 47.645045], [8.7027742, 47.6450867], [8.7026487, 47.6451466], [8.7021964, 47.6453306], [8.7019943, 47.6454062], [8.7017718, 47.6454835], [8.7009305, 47.6457466], [8.7009981, 47.6457636], [8.7010336, 47.6458023], [8.7007892, 47.6465061], [8.7007595, 47.6465712], [8.7007177, 47.6466411], [8.7006603, 47.6467103], [8.7003604, 47.6470289], [8.6986732, 47.647015], [8.6985945, 47.6472527], [8.6983667, 47.6477114], [8.6976849, 47.6477825], [8.6971125, 47.6478586], [8.6967048, 47.6479231], [8.696128, 47.6479796], [8.6948506, 47.6480521], [8.6947527, 47.6480551], [8.6946903, 47.6479959], [8.6946148, 47.6479208], [8.6945193, 47.6478961], [8.6932732, 47.6480262], [8.6931629, 47.6480194], [8.6929598, 47.6483672], [8.6921696, 47.6486114], [8.6903664, 47.6494292], [8.6895773, 47.6496044], [8.6883994, 47.6498292], [8.6880697, 47.6499754], [8.6880228, 47.6500307], [8.6882056, 47.6512568], [8.6866969, 47.6535974], [8.6858724, 47.6536284], [8.6850798, 47.6534515], [8.6846022, 47.653398], [8.6846033, 47.6551532], [8.6834543, 47.6556517], [8.6831263, 47.6556764], [8.6825156, 47.6570072], [8.6824347, 47.6571835], [8.6821667, 47.6574379], [8.6809312, 47.6579044], [8.6806851, 47.6580323], [8.6805252, 47.6581041], [8.6804554, 47.6581381], [8.6803836, 47.6581476], [8.6803153, 47.6582872], [8.6801424, 47.6584985], [8.6801034, 47.6585447], [8.6799979, 47.6586055], [8.6798985, 47.658696], [8.6798301, 47.6587997], [8.6797403, 47.659013], [8.6796153, 47.6592209], [8.6794018, 47.6594894], [8.679282, 47.6596374], [8.6792702, 47.6596488], [8.6792387, 47.6599472], [8.6792838, 47.6601472], [8.6794507, 47.6604677], [8.6795632, 47.6606628], [8.6796163, 47.6607807], [8.6796383, 47.6608996], [8.6796174, 47.6610213], [8.6795372, 47.6612128], [8.6793299, 47.661622], [8.678817, 47.6614771], [8.6787747, 47.6615461], [8.6786309, 47.6617285], [8.6783184, 47.6620367], [8.6776838, 47.6625816], [8.6774064, 47.6642469], [8.6774692, 47.6658413], [8.678261, 47.6657664], [8.678448, 47.6657042], [8.6784834, 47.6657528], [8.6786196, 47.6657504], [8.6787105, 47.6658192], [8.6790245, 47.6665168], [8.6790679, 47.666739], [8.6790694, 47.6675105], [8.6790554, 47.6678018], [8.678967, 47.6680862], [8.6787597, 47.6685397], [8.6776186, 47.6683965], [8.6775599, 47.6687289], [8.6775177, 47.6688916], [8.6774581, 47.669052], [8.6771247, 47.6697876], [8.6770668, 47.6700378], [8.6770408, 47.6702901], [8.6770261, 47.6708863], [8.6769952, 47.6714908], [8.6768816, 47.6717737], [8.6767831, 47.6718708], [8.6766405, 47.6719198], [8.6763801, 47.6719566], [8.676276, 47.6720026], [8.6761845, 47.6721176], [8.6757451, 47.672334], [8.6737023, 47.6728446], [8.6734762, 47.6729215], [8.6732775, 47.6730263], [8.6725388, 47.6734802], [8.6724947, 47.6734465], [8.6709405, 47.6741293], [8.6694349, 47.67467], [8.6692548, 47.6747912], [8.6686986, 47.6757463], [8.6687258, 47.6757594], [8.6683637, 47.6763908], [8.6679877, 47.6771371], [8.6681463, 47.6776317], [8.6683577, 47.6780845], [8.6684473, 47.6782325], [8.6687161, 47.6786764], [8.6689883, 47.6797698], [8.6691089, 47.6799412], [8.669385, 47.6803337], [8.6696034, 47.6810318], [8.6694661, 47.6810934], [8.6696101, 47.6812901], [8.669693, 47.6816139], [8.6696797, 47.6817442], [8.6695935, 47.6819479], [8.6695256, 47.6821756], [8.6694714, 47.6823575], [8.6695106, 47.6827004], [8.6695937, 47.6827847], [8.6695452, 47.6828358], [8.6694742, 47.68283], [8.6693875, 47.6829362], [8.6696831, 47.6832778], [8.6693122, 47.6834068], [8.6693243, 47.6834255], [8.6694519, 47.683682], [8.6694526, 47.6837338], [8.6694179, 47.6848935], [8.66877, 47.6849418], [8.6678743, 47.6850916], [8.6664382, 47.6853844], [8.6651615, 47.6855671], [8.6634159, 47.6857845], [8.6631263, 47.6853033], [8.6620332, 47.6855163], [8.660975, 47.6857983], [8.6599612, 47.6861468], [8.6590008, 47.6865586], [8.6541185, 47.6889521], [8.6532715, 47.6894509], [8.6512606, 47.6907809], [8.6493521, 47.6918073], [8.6459524, 47.6936167], [8.6447183, 47.6940557], [8.6429111, 47.6943997], [8.6421281, 47.6944722], [8.6414985, 47.6944506], [8.6402174, 47.6940891], [8.6385655, 47.6934553], [8.6376391, 47.6931895], [8.6337237, 47.6925144], [8.633536, 47.6924911], [8.6322753, 47.6923344], [8.6317869, 47.6922398], [8.6307041, 47.6920289], [8.6280064, 47.6919424], [8.6272361, 47.6917958], [8.6270202, 47.6918485], [8.6269182, 47.6917447], [8.6263479, 47.6914943], [8.6262552, 47.6915667], [8.6257144, 47.6912557], [8.6251042, 47.6916727], [8.6250903, 47.6916642], [8.6245743, 47.6912613], [8.6242067, 47.6907759], [8.624025, 47.6902577], [8.6240313, 47.6897125], [8.6263604, 47.6828109], [8.6272155, 47.6811282], [8.6273345, 47.6806235], [8.6273477, 47.6801285], [8.6272729, 47.6796841], [8.6271101, 47.6792342], [8.62665, 47.6782932], [8.6262443, 47.6777362], [8.6257944, 47.6773075], [8.6252569, 47.6769276], [8.6246431, 47.6766046], [8.6239695, 47.6763385], [8.6204955, 47.6752089], [8.6199026, 47.6750774], [8.6192792, 47.675057], [8.6186701, 47.675149], [8.6181254, 47.6753439], [8.6176482, 47.6756513], [8.6169857, 47.6763219], [8.6168972, 47.6764746], [8.6168742, 47.676803], [8.6167995, 47.6769582], [8.6156987, 47.6779468], [8.6155354, 47.6780172], [8.6148169, 47.6781405], [8.6144397, 47.6784757], [8.6142153, 47.6785807], [8.6138975, 47.6786144], [8.6135934, 47.6785435], [8.6133909, 47.6784041], [8.6128601, 47.6777435], [8.6113027, 47.6763494], [8.6108373, 47.6757539], [8.6107021, 47.6755809], [8.6103368, 47.6747661], [8.6096404, 47.67201], [8.6089096, 47.6721869], [8.6085781, 47.6722694], [8.6084226, 47.6723062], [8.6084271, 47.6723459], [8.6084261, 47.6723894], [8.6084048, 47.6724281], [8.6083625, 47.6724601], [8.6081658, 47.6725451], [8.6081171, 47.672571], [8.6080871, 47.6726042], [8.6078468, 47.6721315], [8.6077204, 47.6718782], [8.6076733, 47.6717998], [8.6074834, 47.6714803], [8.6073912, 47.6713226], [8.6072863, 47.6711498], [8.6068704, 47.6706398], [8.606521, 47.6702185], [8.6062916, 47.6697105], [8.6061419, 47.6691307], [8.6062753, 47.6688699], [8.6062844, 47.6687317], [8.606196, 47.668663], [8.6062776, 47.6684953], [8.6065057, 47.6677596], [8.6069079, 47.6664626], [8.6074177, 47.6653686], [8.6080902, 47.6641464], [8.6084599, 47.663898], [8.6088041, 47.663418], [8.6115157, 47.661683], [8.6128324, 47.6608032], [8.6136706, 47.6611753], [8.6145368, 47.6615582], [8.616259, 47.6607485], [8.6193362, 47.6594209], [8.6208956, 47.6585073], [8.6218081, 47.6579178], [8.6256741, 47.6552183], [8.6279199, 47.653449], [8.6287457, 47.6523146], [8.6289299, 47.6517343], [8.62894, 47.6506273], [8.6288812, 47.6496666], [8.6287737, 47.6492613], [8.6286481, 47.6488873], [8.6282749, 47.6483413], [8.6280082, 47.6480214], [8.6278602, 47.6478331], [8.627721, 47.6476418], [8.6275909, 47.6474476], [8.6274699, 47.6472507], [8.6273581, 47.6470513], [8.6254004, 47.6433833], [8.6250034, 47.6427263], [8.6245271, 47.6420938], [8.6239747, 47.6414902], [8.6233501, 47.6409196], [8.6226577, 47.6403861], [8.6219021, 47.6398932], [8.6210886, 47.6394444], [8.6202228, 47.6390428], [8.6193442, 47.6386963], [8.6184348, 47.6383884], [8.6174982, 47.6381203], [8.6165383, 47.6378929], [8.615559, 47.6377074], [8.6145641, 47.6375643], [8.6134607, 47.6374384], [8.6123536, 47.6373282], [8.6112433, 47.6372337], [8.6101303, 47.637155], [8.6090151, 47.6370921], [8.6078983, 47.6370451], [8.6074646, 47.6370432], [8.6070324, 47.6370678], [8.6066054, 47.6371188], [8.6061868, 47.6371956], [8.6057803, 47.6372977], [8.6053891, 47.6374242], [8.6050165, 47.6375742], [8.6046654, 47.6377463], [8.6043388, 47.6379391], [8.6040393, 47.6381512], [8.6037695, 47.6383806], [8.6035314, 47.6386256], [8.6034511, 47.6387273], [8.603385, 47.6388336], [8.6033335, 47.6389435], [8.603297, 47.6390561], [8.603276, 47.6391705], [8.6032705, 47.6392857], [8.6032858, 47.6400367], [8.6032978, 47.6401776], [8.6033279, 47.6403173], [8.6033759, 47.6404547], [8.6034414, 47.6405888], [8.603524, 47.6407185], [8.603623, 47.6408428], [8.6037376, 47.6409608], [8.603867, 47.6410717], [8.6040102, 47.6411745], [8.6041661, 47.6412684], [8.6043336, 47.6413529], [8.6045113, 47.6414271], [8.6046978, 47.6414906], [8.6048919, 47.6415429], [8.605092, 47.6415835], [8.6052965, 47.6416122], [8.605504, 47.6416288], [8.6057128, 47.6416331], [8.6059214, 47.641625], [8.6066607, 47.6415471], [8.6071974, 47.6415103], [8.6077363, 47.6414946], [8.6082757, 47.6415], [8.6088137, 47.6415265], [8.6093486, 47.641574], [8.6098418, 47.6416429], [8.6103242, 47.6417408], [8.6107919, 47.6418669], [8.6112415, 47.6420204], [8.6116693, 47.6422], [8.6120721, 47.6424043], [8.6124468, 47.6426318], [8.6127904, 47.6428806], [8.6131003, 47.6431489], [8.6133742, 47.6434346], [8.6136097, 47.6437355], [8.6138053, 47.6440491], [8.6139592, 47.6443732], [8.6140704, 47.6447052], [8.614138, 47.6450425], [8.6141614, 47.6453825], [8.6141443, 47.6458862], [8.6140893, 47.6463888], [8.6139964, 47.6468887], [8.613866, 47.6473849], [8.6136984, 47.6478758], [8.613494, 47.6483604], [8.613198, 47.6489092], [8.612828, 47.649437], [8.6123871, 47.6499394], [8.6118793, 47.650412], [8.6113089, 47.6508508], [8.6106806, 47.651252], [8.6100001, 47.6516121], [8.6092731, 47.651928], [8.6085059, 47.652197], [8.6077051, 47.6524169], [8.6074954, 47.6524597], [8.6072808, 47.6524895], [8.607063, 47.6525058], [8.606844, 47.6525087], [8.6066255, 47.652498], [8.6064094, 47.6524739], [8.6061974, 47.6524366], [8.6059913, 47.6523863], [8.6057929, 47.6523235], [8.6056038, 47.6522487], [8.6054257, 47.6521626], [8.6052599, 47.6520658], [8.6051079, 47.6519592], [8.6049709, 47.6518437], [8.6044276, 47.6512873], [8.6039628, 47.6506992], [8.6035805, 47.6500847], [8.6032841, 47.6494488], [8.603076, 47.6487972], [8.6029003, 47.6478032], [8.6027996, 47.6474757], [8.602657, 47.6471554], [8.6024735, 47.6468447], [8.6022505, 47.6465461], [8.6019897, 47.6462618], [8.6016931, 47.645994], [8.6013631, 47.6457447], [8.601002, 47.6455159], [8.6006127, 47.6453093], [8.6001982, 47.6451265], [8.5997617, 47.6449689], [8.5977298, 47.6443108], [8.5974388, 47.6442064], [8.5971616, 47.6440861], [8.5969001, 47.6439508], [8.5966559, 47.6438014], [8.5964307, 47.6436388], [8.5962262, 47.6434643], [8.5960437, 47.643279], [8.5958843, 47.6430842], [8.5957493, 47.6428811], [8.5956396, 47.6426712], [8.5955069, 47.6423434], [8.5954709, 47.6422347], [8.595405, 47.6420105], [8.5953343, 47.641674], [8.5952951, 47.6413351], [8.5952876, 47.6409952], [8.5953118, 47.6406557], [8.5953817, 47.6401729], [8.5954772, 47.639692], [8.5955983, 47.6392138], [8.5957447, 47.6387389], [8.5959163, 47.6382678], [8.5961128, 47.6378012], [8.5963547, 47.6372023], [8.5965453, 47.6365951], [8.5966839, 47.6359814], [8.5967701, 47.6353633], [8.5968035, 47.6347429], [8.5967842, 47.6341223], [8.5967555, 47.6336142], [8.5967446, 47.6331058], [8.5967514, 47.6325974], [8.5967759, 47.6320892], [8.5968181, 47.6315815], [8.5968779, 47.6310747], [8.5969182, 47.6308181], [8.5969695, 47.6305624], [8.5970315, 47.6303078], [8.5971043, 47.6300544], [8.5971878, 47.6298026], [8.597386, 47.6292847], [8.5975773, 47.628746], [8.5977462, 47.628204], [8.5979956, 47.6273381], [8.5981958, 47.6267481], [8.5984226, 47.6261626], [8.5986758, 47.6255821], [8.5989551, 47.625007], [8.5992603, 47.6244381], [8.5996444, 47.6237807], [8.6000539, 47.6231304], [8.6004884, 47.6224875], [8.6009477, 47.6218526], [8.6014314, 47.621226], [8.6019392, 47.6206082], [8.6041733, 47.6179717], [8.6044141, 47.6176652], [8.6046251, 47.6173488], [8.6048057, 47.6170239], [8.604955, 47.6166918], [8.6050724, 47.616354], [8.6051574, 47.6160117], [8.6052417, 47.6153838], [8.6052443, 47.6147534], [8.6051653, 47.6141252], [8.6050053, 47.6135041], [8.6047654, 47.6128948], [8.6044476, 47.6123021], [8.6042502, 47.6119984], [8.6040544, 47.6117305], [8.6035886, 47.6111844], [8.603398, 47.6109916], [8.602708, 47.6103765], [8.6010396, 47.6091468], [8.5993858, 47.6079788], [8.5965475, 47.6064812], [8.5960834, 47.6060765], [8.5957563, 47.6056048], [8.595746, 47.6055872], [8.5952046, 47.6045974], [8.5943282, 47.6014281], [8.59429, 47.6008542], [8.5943603, 47.6002817], [8.5949768, 47.5986475], [8.5950671, 47.5980585], [8.5950095, 47.5976191], [8.5948534, 47.597205], [8.5946026, 47.5968128], [8.5942671, 47.5964398], [8.5940993, 47.5962944], [8.5939275, 47.5961512], [8.5937946, 47.5960544], [8.593657, 47.5959618], [8.5935085, 47.5958724], [8.5933541, 47.5957874], [8.593153, 47.5956895], [8.5929447, 47.5956001], [8.5927573, 47.5955305], [8.5925636, 47.5954664], [8.5923669, 47.5954111], [8.5921686, 47.5953632], [8.5873825, 47.5943397], [8.5854472, 47.5939158], [8.5840689, 47.5934842], [8.5826623, 47.5928772], [8.5813943, 47.5921438], [8.5800463, 47.5911716], [8.5789668, 47.5901433], [8.578113, 47.5890225], [8.5774657, 47.587774], [8.577212, 47.5869537], [8.5770944, 47.5859105], [8.577102, 47.5850506], [8.5772361, 47.5841707], [8.5775152, 47.5832557], [8.5782194, 47.5816375], [8.5800884, 47.5784735], [8.5801842, 47.5780836], [8.5801886, 47.5776883], [8.5801089, 47.5771836], [8.5799135, 47.5768136], [8.5794043, 47.5763817], [8.5786922, 47.5761114], [8.5780066, 47.5760262], [8.5749816, 47.5757101], [8.5739478, 47.5754867], [8.5733819, 47.5752798], [8.5728636, 47.5750221], [8.5724028, 47.5747184], [8.5720206, 47.5743871], [8.5720082, 47.5743747], [8.5716509, 47.5739451], [8.5706095, 47.5723254], [8.5700137, 47.5711207], [8.5696789, 47.5698964], [8.5692155, 47.5663718], [8.5675225, 47.562578], [8.5675107, 47.5625579], [8.5668105, 47.5615886], [8.5647803, 47.5594385], [8.563256, 47.5575971], [8.5607346, 47.5546543], [8.5592394, 47.5532498], [8.5586066, 47.552831], [8.5580779, 47.5526089], [8.5575107, 47.5524569], [8.5569113, 47.5523748], [8.5562999, 47.5523654], [8.5556957, 47.5524292], [8.5551058, 47.5525682], [8.55465, 47.5527625], [8.5542602, 47.5530295], [8.5540911, 47.5531834], [8.5515282, 47.555404], [8.5511529, 47.555826], [8.5508663, 47.5562788], [8.5506881, 47.5567071], [8.5505894, 47.557147], [8.5505855, 47.5584651], [8.5504838, 47.5592656], [8.5497209, 47.5618698], [8.5494596, 47.5624692], [8.5483133, 47.5643685], [8.5466053, 47.5663725], [8.5457431, 47.5671914], [8.5448794, 47.5678295], [8.5415833, 47.5699279], [8.5424725, 47.5704789], [8.5430708, 47.570571], [8.5433501, 47.5708073], [8.5434742, 47.5707851], [8.5434951, 47.5708283], [8.5443935, 47.5711684], [8.5450239, 47.5712543], [8.5454575, 47.5712452], [8.5462056, 47.5713115], [8.546357, 47.5716978], [8.5468031, 47.5723373], [8.5463084, 47.5724577], [8.5457063, 47.5729476], [8.5459003, 47.5732783], [8.5463436, 47.5735944], [8.5464104, 47.5736526], [8.5464439, 47.5736951], [8.5464677, 47.5737374], [8.5464849, 47.5737883], [8.5464903, 47.5738426], [8.5464848, 47.5739036], [8.546442, 47.5740755], [8.5463923, 47.5741651], [8.5462907, 47.5742368], [8.5461901, 47.5742705], [8.5452195, 47.5747448], [8.5444788, 47.5749448], [8.5439911, 47.5749053], [8.5437172, 47.5748281], [8.5431856, 47.5745471], [8.5427049, 47.5745416], [8.5414404, 47.5747033], [8.5405142, 47.5747656], [8.5397208, 47.5744255], [8.5395517, 47.574382], [8.5393246, 47.5744], [8.5382583, 47.5746205], [8.5367538, 47.5748433], [8.5359396, 47.5751408], [8.5350849, 47.5752293], [8.5349661, 47.5752827], [8.5348346, 47.5754984], [8.5350184, 47.5757984], [8.5369387, 47.5768081], [8.536966, 47.5768494], [8.5367791, 47.5774136], [8.5368262, 47.5774206], [8.5368554, 47.5774746], [8.5369382, 47.5774928], [8.537135, 47.577504], [8.5372801, 47.5775233], [8.537387, 47.5775636], [8.5374259, 47.5776522], [8.537429, 47.5778546], [8.5374733, 47.5778996], [8.53755, 47.5779124], [8.5375519, 47.5779629], [8.5383367, 47.5779368], [8.5398534, 47.5776508], [8.540129, 47.5782085], [8.5397791, 47.5784877], [8.5395169, 47.5786243], [8.5372422, 47.5793239], [8.5370513, 47.579365], [8.5367129, 47.5794227], [8.5366304, 47.5794599], [8.5366069, 47.5795218], [8.536648, 47.579573], [8.5366194, 47.5795985], [8.5361712, 47.5793658], [8.5361329, 47.5793506], [8.5360862, 47.5793418], [8.5360384, 47.5793421], [8.5359939, 47.5793517], [8.5359495, 47.5793696], [8.5359202, 47.5793936], [8.5359004, 47.5794186], [8.5358915, 47.5794492], [8.5358544, 47.5798409], [8.5358063, 47.5806595], [8.5358067, 47.5806843], [8.535804, 47.5807086], [8.5357953, 47.5807319], [8.5357825, 47.5807552], [8.5357447, 47.5807936], [8.5357166, 47.5808136], [8.535679, 47.580831], [8.5356353, 47.5808462], [8.5355581, 47.5808563], [8.5354331, 47.5808715], [8.5353592, 47.5808835], [8.5352855, 47.5808996], [8.5351497, 47.5809443], [8.5350121, 47.5809993], [8.5349097, 47.5810331], [8.5347986, 47.5810606], [8.5346619, 47.5810789], [8.5345978, 47.5811499], [8.5345503, 47.5811537], [8.5346175, 47.5814989], [8.5346314, 47.5815531], [8.5346519, 47.5816025], [8.5346768, 47.5816467], [8.5347088, 47.5816899], [8.5335479, 47.5821584], [8.5341859, 47.582877], [8.5348128, 47.5830234], [8.5359521, 47.583187], [8.5369915, 47.5834328], [8.5365934, 47.5846451], [8.536378, 47.5845237], [8.5363522, 47.5845013], [8.5363015, 47.5844509], [8.5362629, 47.5843988], [8.5362772, 47.5844859], [8.5362212, 47.5845161], [8.5361085, 47.5851211], [8.5359953, 47.5857323], [8.5359592, 47.5858475], [8.535353, 47.5871158], [8.5359531, 47.5872493], [8.5362124, 47.5872982], [8.5364802, 47.5873347], [8.5367568, 47.5873604], [8.5370359, 47.5873717], [8.5370342, 47.5874351], [8.5371563, 47.5874581], [8.5371729, 47.587516], [8.5381551, 47.5883129], [8.5393645, 47.5887332], [8.5399033, 47.5891222], [8.5405821, 47.5898029], [8.5409644, 47.5900752], [8.5417117, 47.5903925], [8.5434957, 47.5910163], [8.5442557, 47.5912196], [8.544703, 47.5915111], [8.545446, 47.5918457], [8.5466571, 47.592445], [8.5476017, 47.5927347], [8.5477563, 47.5927401], [8.5485862, 47.5926708], [8.5504394, 47.5922651], [8.5518007, 47.5927192], [8.552871, 47.5929568], [8.5533126, 47.5932294], [8.5552494, 47.5940557], [8.5554746, 47.5939608], [8.5556516, 47.5944142], [8.5557555, 47.5943986], [8.5558522, 47.5946272], [8.5557679, 47.5964208], [8.5558641, 47.5969256], [8.5560485, 47.5973221], [8.5562767, 47.5976369], [8.5566298, 47.597805], [8.5567582, 47.5975039], [8.5570378, 47.5975455], [8.5570878, 47.5975734], [8.5571256, 47.5975974], [8.5573104, 47.5977135], [8.5574177, 47.5977696], [8.5580008, 47.5981122], [8.5584546, 47.5984011], [8.5589002, 47.5985764], [8.5598314, 47.599035], [8.5603394, 47.5991786], [8.5609026, 47.599125], [8.5618556, 47.5991479], [8.563083, 47.5994463], [8.5622076, 47.6002879], [8.5616395, 47.6013055], [8.5622464, 47.6018136], [8.5632559, 47.6023822], [8.5638865, 47.6028627], [8.5650244, 47.6044366], [8.5660047, 47.6051951], [8.5664004, 47.6060928], [8.5665622, 47.6080509], [8.5664048, 47.6086354], [8.5663776, 47.6098595], [8.5672792, 47.6100209], [8.5699888, 47.6108208], [8.5715336, 47.6108761], [8.5727513, 47.6108608], [8.5736532, 47.6112739], [8.5742947, 47.6116522], [8.5745245, 47.6119662], [8.5744025, 47.6122913], [8.5729411, 47.6124015], [8.571231, 47.6124845], [8.5709412, 47.6135187], [8.5712794, 47.6135685], [8.5715754, 47.613683], [8.5715378, 47.6139617], [8.5710145, 47.6140106], [8.5708158, 47.61403], [8.5705404, 47.6140221], [8.5702763, 47.6142253], [8.5701553, 47.6146154], [8.5702373, 47.6147593], [8.5702143, 47.6148939], [8.5703974, 47.6149845], [8.5706427, 47.6152565], [8.5703377, 47.6157752], [8.5699963, 47.6161486], [8.5698259, 47.6165678], [8.5697265, 47.6168122], [8.569322, 47.6172013], [8.5682359, 47.6169686], [8.5676351, 47.6169279], [8.5672773, 47.6169783], [8.5658426, 47.6169992], [8.5629176, 47.6167017], [8.5620593, 47.6184513], [8.5619787, 47.6192694], [8.5610575, 47.6201313], [8.5612924, 47.6208097], [8.560053, 47.6211407], [8.5598767, 47.6211284], [8.5592135, 47.6219012], [8.5586721, 47.6231171], [8.5585212, 47.6235952], [8.5583168, 47.6239748], [8.5578837, 47.6244557], [8.5555303, 47.624699], [8.554689, 47.6246039], [8.5539597, 47.6247904], [8.5530487, 47.6248141], [8.5526136, 47.6247709], [8.5523502, 47.6249115], [8.5516908, 47.6250005], [8.5505054, 47.6253558], [8.5501138, 47.6252012], [8.5495527, 47.6251636], [8.5485914, 47.6252606], [8.5484033, 47.6250967], [8.5476059, 47.6254681], [8.5461266, 47.6253245], [8.545629, 47.6252064], [8.5447129, 47.6251381], [8.5443192, 47.6251534], [8.5439068, 47.6255355], [8.5429244, 47.6270485], [8.5415107, 47.6267813], [8.5386795, 47.6263021], [8.5388242, 47.6269998], [8.5388686, 47.6271639], [8.538926, 47.6273765], [8.5389871, 47.6276024], [8.5390083, 47.6276547], [8.5392827, 47.6283305], [8.5392643, 47.628472], [8.5392072, 47.6289129], [8.5391588, 47.6293197], [8.5390768, 47.6297994], [8.539035, 47.6301622], [8.5389836, 47.6305232], [8.5389336, 47.6309744], [8.5385737, 47.631085], [8.5382013, 47.6311959], [8.5374104, 47.630973], [8.5367938, 47.6308832], [8.5362533, 47.6309672], [8.536022, 47.6309256], [8.5355399, 47.6309682], [8.5346332, 47.6312912], [8.5335519, 47.6312577], [8.5326497, 47.6314413], [8.5317204, 47.6319146], [8.5310752, 47.6319594], [8.530524, 47.6319291], [8.5302766, 47.6318637], [8.5300274, 47.6317235], [8.5292223, 47.6318187], [8.5278459, 47.6318263], [8.5273049, 47.6317432], [8.5256195, 47.6317096], [8.5244841, 47.6323689], [8.5218504, 47.6333947], [8.5215429, 47.6335945], [8.5207561, 47.6343164], [8.5203156, 47.6342493], [8.5197792, 47.6342381], [8.5187535, 47.6342916], [8.5178952, 47.6342959], [8.5172569, 47.6342498], [8.5166824, 47.6341218], [8.5166557, 47.6340604], [8.5159688, 47.6339097], [8.5156468, 47.6337913], [8.5156565, 47.6336225], [8.5157459, 47.6334282], [8.5159571, 47.6329889], [8.5157841, 47.6325559], [8.5165383, 47.6320532], [8.5160525, 47.6316897], [8.5157858, 47.6314611], [8.5154799, 47.6313183], [8.5152855, 47.6312965], [8.5148317, 47.6301254], [8.5151088, 47.6293583], [8.5155424, 47.6290844], [8.51589, 47.6285146], [8.5148874, 47.628281], [8.5148158, 47.6280298], [8.514875, 47.6276695], [8.5150715, 47.6275148], [8.5153027, 47.6271079], [8.5140492, 47.62631], [8.5135266, 47.6267826], [8.5127709, 47.6256023], [8.5128242, 47.6249452], [8.5143209, 47.6246165], [8.5150515, 47.6245648], [8.5151608, 47.6233945], [8.5144329, 47.6235811], [8.514033, 47.6235398], [8.5131635, 47.6233051], [8.5109017, 47.623299], [8.5101977, 47.6233505], [8.5075614, 47.6238637], [8.507414, 47.6238529], [8.5082427, 47.6220643], [8.5079978, 47.6198179], [8.5083128, 47.6189426], [8.5088448, 47.6189377], [8.5089439, 47.618577], [8.5072085, 47.6182781], [8.5082847, 47.6175487], [8.5059494, 47.6171834], [8.5052885, 47.6173963], [8.5031578, 47.617281], [8.5020531, 47.6165895], [8.500854, 47.6164926], [8.4985139, 47.6158843], [8.496975, 47.6154217], [8.4951563, 47.6149199], [8.4937615, 47.614552], [8.4934036, 47.6144565], [8.4933297, 47.6144368], [8.4916431, 47.6146627], [8.4884723, 47.6150548], [8.4870652, 47.6143447], [8.4845997, 47.6147544], [8.4845191, 47.6146292], [8.4841262, 47.614019], [8.4835482, 47.6137908], [8.4832925, 47.6136926], [8.481485, 47.6143441], [8.4800738, 47.6150941], [8.4795738, 47.6150426], [8.4791924, 47.6152288], [8.4785096, 47.6143013], [8.4781738, 47.6138571], [8.477964, 47.6135642], [8.4786397, 47.6133339], [8.4786187, 47.61218], [8.4782841, 47.6119658], [8.4781644, 47.6112623], [8.4781134, 47.6109952], [8.4778544, 47.6107137], [8.4778101, 47.6106656], [8.4760984, 47.6089217], [8.475273, 47.6079364], [8.4750245, 47.6077212], [8.4738873, 47.608442], [8.4708533, 47.6086354], [8.4703026, 47.6085544], [8.4701389, 47.6083058], [8.4706199, 47.6075622], [8.471431, 47.6070051], [8.4713758, 47.6065929], [8.4709628, 47.6064952], [8.4700383, 47.6054342], [8.4687474, 47.6054831], [8.4681317, 47.6053943], [8.4682135, 47.6047564], [8.4680802, 47.6044877], [8.4681461, 47.6042855], [8.4685311, 47.6038606], [8.4664386, 47.6029499], [8.4636299, 47.6022658], [8.4612997, 47.6020792], [8.45923, 47.6020504], [8.456675, 47.6023273], [8.456535, 47.5999051], [8.457024, 47.5973809], [8.457532, 47.5972602], [8.4581082, 47.5969936], [8.4592417, 47.5960801], [8.4600035, 47.5950168], [8.4605766, 47.5933339], [8.4612206, 47.5926672], [8.4606691, 47.5909927], [8.4605451, 47.5896149], [8.4603387, 47.5895839], [8.4605232, 47.588379], [8.4626043, 47.5884473], [8.4626941, 47.5880097], [8.4648199, 47.5880087], [8.4655133, 47.586694], [8.4655371, 47.5866496], [8.4668689, 47.5842478], [8.4669536, 47.5842751], [8.4670331, 47.5842434], [8.4674992, 47.5839983], [8.4682891, 47.5839173], [8.46919, 47.5840303], [8.4694669, 47.5841781], [8.4696092, 47.5843758], [8.4700182, 47.5844759], [8.4703332, 47.5846326], [8.4722117, 47.5844486], [8.4737154, 47.5844122], [8.4754432, 47.5845285], [8.4780832, 47.5849724], [8.4795413, 47.5853506], [8.4800806, 47.5851623], [8.4810248, 47.5852051], [8.4817484, 47.5860126], [8.483267, 47.5869185], [8.4872756, 47.5874191], [8.488692, 47.5878298], [8.4903493, 47.586428], [8.4928493, 47.583721], [8.4941527, 47.5822444], [8.4943686, 47.5818011], [8.4947497, 47.5810327], [8.4943591, 47.5809558], [8.4939725, 47.5808689], [8.4935992, 47.5807739], [8.4932279, 47.5806678], [8.4928481, 47.5805499], [8.4924701, 47.5804176], [8.4917141, 47.5801157], [8.4909915, 47.5797627], [8.4902846, 47.579393], [8.4888634, 47.5786545], [8.4873495, 47.5778667], [8.4870824, 47.5777289], [8.4868001, 47.5775913], [8.4866554, 47.5775279], [8.4864277, 47.5774424], [8.4861984, 47.5773646], [8.4860047, 47.577307], [8.485775, 47.5772476], [8.4855389, 47.5771976], [8.485278, 47.5771512], [8.4848089, 47.5770948], [8.4844676, 47.5770744], [8.4841462, 47.5770724], [8.4838488, 47.5770801], [8.4829408, 47.5771677], [8.4801506, 47.5778054], [8.479127, 47.5779751], [8.477913, 47.5780063], [8.4767216, 47.5778387], [8.4762057, 47.5776737], [8.4754928, 47.5773487], [8.4711177, 47.5749071], [8.4689539, 47.5738246], [8.4676485, 47.5732746], [8.4662683, 47.5727588], [8.4660627, 47.5726929], [8.4652499, 47.5724323], [8.4641844, 47.5721924], [8.463528, 47.5720964], [8.4628698, 47.5720329], [8.4615789, 47.5720079], [8.4607116, 47.5720648], [8.4569433, 47.572477], [8.4561683, 47.572436], [8.4529921, 47.571496], [8.4509823, 47.5711521], [8.4499763, 47.5709139], [8.4466679, 47.5697638], [8.4394854, 47.5675501], [8.4383336, 47.567257], [8.4371395, 47.5670559], [8.4335642, 47.5666201], [8.4325347, 47.5665626], [8.4315017, 47.566569], [8.4303038, 47.5666572], [8.4291265, 47.5668312], [8.4274523, 47.5672609], [8.4256792, 47.5678595], [8.4250159, 47.5673999], [8.4236286, 47.5664636], [8.423579, 47.5664352], [8.4188296, 47.5651818], [8.418751, 47.5651612], [8.418469, 47.5648155], [8.4183376, 47.5645277], [8.4183061, 47.5642691], [8.4184663, 47.5640128], [8.418448, 47.5639021], [8.4175932, 47.5624799], [8.4174984, 47.562342], [8.4171254, 47.5615142], [8.4168639, 47.5609338], [8.4178513, 47.5607191], [8.4175522, 47.5600536], [8.4177497, 47.5597109], [8.4178435, 47.5594646], [8.4178787, 47.5591045], [8.4176749, 47.558455], [8.4168928, 47.5580443], [8.4163773, 47.5579054], [8.4163025, 47.5578474], [8.4162933, 47.5576958], [8.4163882, 47.5574732], [8.4163651, 47.5573059], [8.4156138, 47.5556954], [8.4149184, 47.5548672], [8.4146891, 47.5542518], [8.4144364, 47.5538921], [8.4145335, 47.5534845], [8.4147628, 47.5531742], [8.4148096, 47.5530222], [8.4147806, 47.5527511], [8.414525, 47.5521612], [8.4146002, 47.5519954], [8.4150659, 47.5516284], [8.4155836, 47.5510118], [8.415742, 47.5510351], [8.4164975, 47.550497], [8.4169263, 47.550269], [8.4167407, 47.5501567], [8.4161895, 47.5499502], [8.4154561, 47.5493454], [8.4152198, 47.5488928], [8.4150518, 47.5483909], [8.4155198, 47.5477205], [8.4172616, 47.5460509], [8.4173922, 47.5458861], [8.4156776, 47.5460624], [8.4151954, 47.546029], [8.412698, 47.5462493], [8.412692, 47.545988], [8.412539, 47.5457007], [8.411417, 47.5456807], [8.4115493, 47.5459164], [8.4115422, 47.5460244], [8.41144, 47.5461095], [8.4112926, 47.5461401], [8.4111197, 47.5460998], [8.410965, 47.5457698], [8.4103996, 47.5454876], [8.4097655, 47.5447488], [8.4086847, 47.5438753], [8.4086484, 47.5437786], [8.4087949, 47.5435537], [8.4087256, 47.5434392], [8.4085194, 47.5433975], [8.4084553, 47.5434206], [8.4084281, 47.5435242], [8.4083058, 47.5435173], [8.4082675, 47.5436997], [8.4082156, 47.5437195], [8.4077213, 47.5436098], [8.4074923, 47.5435026], [8.407416, 47.5433188], [8.4073738, 47.5426975], [8.4073242, 47.5425694], [8.4069064, 47.5421528], [8.4069614, 47.5418168], [8.4068834, 47.5416642], [8.4067256, 47.5415998], [8.4065435, 47.5416746], [8.4063993, 47.5419903], [8.4050921, 47.5418561], [8.4060471, 47.5403528], [8.4058473, 47.5401912], [8.405642, 47.5401719], [8.4050351, 47.5402857], [8.4048762, 47.5401544], [8.40518, 47.5398897], [8.4057497, 47.5396396], [8.4055113, 47.5394537], [8.4041147, 47.5392291], [8.404301, 47.538386], [8.4042065, 47.5382127], [8.4039269, 47.5381899], [8.403256, 47.5384154], [8.4030057, 47.5385863], [8.4023361, 47.5392346], [8.4019663, 47.5397029], [8.401306, 47.5400727], [8.4010679, 47.5400811], [8.4010054, 47.5400302], [8.4010489, 47.5398734], [8.4012071, 47.5396749], [8.4012138, 47.5396662], [8.4013406, 47.5394899], [8.4014437, 47.5391364], [8.4014188, 47.5386355], [8.4012989, 47.5382314], [8.4013405, 47.5380746], [8.4021683, 47.5375717], [8.4023807, 47.5373838], [8.4027975, 47.5367017], [8.4033647, 47.5360669], [8.4035259, 47.5356987], [8.404052, 47.535274], [8.4042685, 47.5349018], [8.4044161, 47.5343156], [8.4040249, 47.5339336], [8.4039384, 47.5337914], [8.403917, 47.5335105], [8.4038371, 47.5334488], [8.4032326, 47.53344], [8.4028169, 47.5333652], [8.4028055, 47.5333619], [8.402751, 47.5333251], [8.4025582, 47.5332405], [8.4023569, 47.5332351], [8.4003617, 47.5332298], [8.3994674, 47.533025], [8.3989976, 47.5329786], [8.3983288, 47.5327905], [8.3984009, 47.5326493], [8.3982942, 47.5325497], [8.3981444, 47.5325468], [8.397895, 47.5326578], [8.3976972, 47.5326509], [8.3967269, 47.5322968], [8.3956126, 47.5320712], [8.3950767, 47.5317602], [8.3948426, 47.5314814], [8.3949689, 47.5305873], [8.3951347, 47.53019], [8.3951192, 47.5291358], [8.3953223, 47.5286121], [8.3954861, 47.5284474], [8.395717, 47.5283161], [8.3946521, 47.527396], [8.3933119, 47.5257197], [8.3923679, 47.5252925], [8.3920516, 47.525144], [8.3920639, 47.5253865], [8.391009, 47.5260907], [8.3906456, 47.5262712], [8.3902502, 47.526336], [8.3895313, 47.5262861], [8.3888771, 47.526309], [8.3893171, 47.5269825], [8.3896563, 47.5271378], [8.3898145, 47.52734], [8.3895352, 47.5275134], [8.3889336, 47.5276315], [8.3886946, 47.52775], [8.3881178, 47.5282586], [8.3874955, 47.5282907], [8.3869195, 47.5285992], [8.3867922, 47.5287246], [8.3866398, 47.5288723], [8.3862955, 47.528781], [8.3851146, 47.5286476], [8.3841911, 47.5282004], [8.383521, 47.5276857], [8.382409, 47.5265473], [8.38215, 47.5262774], [8.3816192, 47.5255487], [8.3813868, 47.5249128], [8.3813874, 47.5240025], [8.381294, 47.5230142], [8.3810933, 47.5218794], [8.3809311, 47.5212456], [8.3804237, 47.5199572], [8.3805732, 47.5184896], [8.380556, 47.5182871], [8.3805217, 47.5178817], [8.3803725, 47.5159718], [8.3792702, 47.5158767], [8.3796494, 47.5149083], [8.3793476, 47.514366], [8.3791892, 47.5141722], [8.3787882, 47.5136668], [8.3776022, 47.5129996], [8.3770445, 47.5123915], [8.3764644, 47.5124769], [8.3756097, 47.5123424], [8.3747573, 47.5122103], [8.3746634, 47.5121832], [8.3742982, 47.5116333], [8.3741592, 47.5115829], [8.3741866, 47.5115371], [8.3742193, 47.5114911], [8.374207, 47.5114277], [8.3741445, 47.5111968], [8.374094, 47.5111203], [8.3739972, 47.5110745], [8.3737942, 47.5110185], [8.3737115, 47.5110099], [8.3736366, 47.5110237], [8.3722271, 47.5114118], [8.3715828, 47.5117937], [8.371027, 47.5115008], [8.3707158, 47.511668], [8.3703947, 47.5114981], [8.3689582, 47.5121826], [8.3685595, 47.5120124], [8.3685136, 47.5119257], [8.3673537, 47.5122081], [8.3672156, 47.5120687], [8.3683606, 47.5115395], [8.3681879, 47.5111886], [8.3665608, 47.5115485], [8.3662046, 47.5108103], [8.3660917, 47.5108532], [8.3659569, 47.5108822], [8.3658411, 47.5108893], [8.3636951, 47.5109067], [8.36353, 47.5108826], [8.3632595, 47.5108081], [8.3622415, 47.5103769], [8.3618082, 47.5102924], [8.3613851, 47.5101549], [8.3612212, 47.5101016], [8.3611964, 47.5100581], [8.3611835, 47.5100354], [8.3609044, 47.5095687], [8.3608451, 47.5088814], [8.3616383, 47.5078249], [8.3605822, 47.5070442], [8.3594103, 47.5064245], [8.3590389, 47.5060784], [8.3588683, 47.5057469], [8.358819, 47.5053469], [8.3588917, 47.5050371], [8.3591536, 47.5045122], [8.3589309, 47.5040834], [8.3584284, 47.5034884], [8.3586837, 47.5030333], [8.3576804, 47.5025253]], [[8.4379003, 47.4078635], [8.4379244, 47.4079498], [8.4379725, 47.4080723], [8.4383589, 47.4082949], [8.4388427, 47.4086079], [8.439096, 47.4088081], [8.4398452, 47.409019], [8.4401379, 47.4088691], [8.4403716, 47.4085235], [8.4402694, 47.4084923], [8.4401372, 47.4084456], [8.4398843, 47.4083711], [8.4398437, 47.4083542], [8.4398139, 47.4083424], [8.4397502, 47.4083083], [8.4397221, 47.4082826], [8.4396854, 47.4082369], [8.4396396, 47.4081676], [8.4395804, 47.4080946], [8.4394882, 47.4079535], [8.439475, 47.4079339], [8.4394389, 47.4078974], [8.4393772, 47.4078607], [8.4393114, 47.4078365], [8.43924, 47.4078202], [8.4391025, 47.4078039], [8.4389437, 47.4077644], [8.4388077, 47.4077223], [8.4385215, 47.4076154], [8.4383874, 47.407592], [8.43823, 47.4075618], [8.4379993, 47.4075097], [8.4379444, 47.4076237], [8.4379792, 47.4076311], [8.4379003, 47.4078635]]]}}