{"type": "Feature", "properties": {"code": "LU", "display_name": "Luzern, Schweiz"}, "geometry": {"type": "Polygon", "coordinates": [[[7.8364131, 47.2244599], [7.8364171, 47.2243849], [7.8366534, 47.2240942], [7.8366457, 47.2238042], [7.8370413, 47.2236962], [7.8372418, 47.2235791], [7.837289, 47.2234045], [7.8372334, 47.2232493], [7.8371362, 47.2231792], [7.8371671, 47.2231109], [7.8377256, 47.2228478], [7.8384133, 47.22301], [7.8385819, 47.2230555], [7.8388247, 47.2231183], [7.8388929, 47.2230958], [7.8389357, 47.2229853], [7.83903, 47.2229448], [7.8392877, 47.2228654], [7.839346, 47.222851], [7.8394346, 47.2228574], [7.8396495, 47.2229233], [7.8397675, 47.22292], [7.8398841, 47.2228824], [7.8399414, 47.2228461], [7.8399786, 47.2227577], [7.8399276, 47.2226998], [7.8398568, 47.2226361], [7.839772, 47.2226085], [7.8395921, 47.2225412], [7.8394728, 47.2224637], [7.8394709, 47.2224262], [7.83951, 47.2223921], [7.8395988, 47.2223512], [7.8398036, 47.2222928], [7.8400208, 47.2222671], [7.8401307, 47.2222579], [7.8402546, 47.2221999], [7.840347, 47.2221367], [7.8404304, 47.2220985], [7.8405292, 47.2221122], [7.8406656, 47.2221414], [7.8407503, 47.2221789], [7.8408769, 47.2222049], [7.8410161, 47.2221904], [7.8410706, 47.2221541], [7.8412072, 47.2220915], [7.8412956, 47.2220376], [7.8413352, 47.2219623], [7.8413709, 47.2218443], [7.8413379, 47.2216953], [7.841394, 47.2216689], [7.8414333, 47.2216882], [7.8415495, 47.2217006], [7.8416072, 47.2216815], [7.8416836, 47.2216503], [7.8417622, 47.2215539], [7.8418597, 47.2214111], [7.8418967, 47.2213037], [7.8419011, 47.2212609], [7.8418699, 47.2211349], [7.8419095, 47.221036], [7.8418964, 47.220987], [7.8418428, 47.2209391], [7.8417831, 47.2208619], [7.8416704, 47.2207823], [7.841661, 47.220746], [7.8417327, 47.2207278], [7.8417787, 47.220752], [7.8418899, 47.220763], [7.8419958, 47.2207417], [7.8420644, 47.2207523], [7.8421171, 47.2208324], [7.8422397, 47.2209693], [7.8422257, 47.2210102], [7.8423421, 47.2210609], [7.8424408, 47.2210582], [7.8425199, 47.2210177], [7.8426291, 47.2209342], [7.8426244, 47.2208534], [7.8425372, 47.2207098], [7.8426746, 47.2206383], [7.8427801, 47.220547], [7.8427594, 47.2203851], [7.8427031, 47.2203277], [7.8426627, 47.2202661], [7.8425466, 47.2202052], [7.8425277, 47.2201653], [7.8425463, 47.220132], [7.842607, 47.2201072], [7.8426799, 47.220087], [7.8428414, 47.220014], [7.8430007, 47.219976], [7.843108, 47.2199906], [7.8431815, 47.220036], [7.8433829, 47.2200853], [7.8435354, 47.2200868], [7.8436855, 47.2200052], [7.843704, 47.2198898], [7.8437296, 47.2198363], [7.8436279, 47.2197802], [7.8435369, 47.2197379], [7.843463, 47.2196878], [7.8433873, 47.2195202], [7.8432626, 47.2194039], [7.8432481, 47.2193718], [7.8433362, 47.2193297], [7.8434641, 47.2192436], [7.8435227, 47.2191611], [7.8434521, 47.2190785], [7.8433292, 47.2190319], [7.8432507, 47.2189532], [7.8432889, 47.2189004], [7.84332, 47.2188813], [7.8435321, 47.2185897], [7.8435455, 47.2185397], [7.8436216, 47.2185078], [7.843724, 47.2183348], [7.8436976, 47.2182516], [7.8437179, 47.2182118], [7.8437168, 47.2180839], [7.8439556, 47.2179826], [7.8440637, 47.2179644], [7.844155, 47.2179377], [7.8443543, 47.2177993], [7.8445544, 47.2177342], [7.844663, 47.2176539], [7.844936, 47.2176049], [7.8452655, 47.2175353], [7.8453764, 47.2175974], [7.8455026, 47.2176424], [7.8456316, 47.2176617], [7.8457435, 47.2176558], [7.8458779, 47.2175769], [7.8460166, 47.2174493], [7.8461938, 47.2174148], [7.8463362, 47.2174123], [7.8464838, 47.2174209], [7.846619, 47.2173736], [7.8468357, 47.217312], [7.846916, 47.2172306], [7.8468948, 47.2170866], [7.8469111, 47.217033], [7.8469962, 47.2169872], [7.84701, 47.2169505], [7.847086, 47.2168548], [7.8471321, 47.2167363], [7.8470996, 47.2166206], [7.8471373, 47.2165702], [7.8471933, 47.2165462], [7.8472637, 47.2164748], [7.8472969, 47.2163808], [7.8471901, 47.2162501], [7.8470408, 47.2162074], [7.8469143, 47.2161284], [7.8468452, 47.2160591], [7.8467828, 47.2160135], [7.8467622, 47.2159593], [7.8467892, 47.2159076], [7.8469178, 47.2157251], [7.8469159, 47.21566], [7.8469977, 47.215581], [7.8470643, 47.2155409], [7.8470824, 47.2154556], [7.847037, 47.2153669], [7.8468109, 47.2152261], [7.8466846, 47.215037], [7.8466737, 47.214976], [7.8467131, 47.2149373], [7.8468112, 47.2148814], [7.846866, 47.2148382], [7.8468924, 47.2147748], [7.846963, 47.2146955], [7.8469831, 47.2146314], [7.8470657, 47.2146058], [7.8472197, 47.2145207], [7.8472787, 47.2144168], [7.8472436, 47.2143416], [7.8471972, 47.2140866], [7.8471877, 47.2140077], [7.8472383, 47.2139499], [7.8473908, 47.2138726], [7.8475082, 47.2138413], [7.8475532, 47.21384], [7.8476235, 47.2138751], [7.8477736, 47.2138944], [7.8478857, 47.2138805], [7.84797, 47.2138034], [7.8480079, 47.2137448], [7.8479885, 47.2136801], [7.8480249, 47.2135746], [7.8481037, 47.2134566], [7.848142, 47.213301], [7.8480829, 47.2131647], [7.8482169, 47.2129855], [7.848305, 47.2126722], [7.8483869, 47.2125375], [7.8486083, 47.2124139], [7.8487361, 47.2122355], [7.848599, 47.2121143], [7.8483559, 47.2120366], [7.8485561, 47.2116955], [7.8486879, 47.2116105], [7.8487279, 47.2115153], [7.8485954, 47.2114226], [7.848531, 47.2112168], [7.8489924, 47.2110104], [7.8489839, 47.2108987], [7.8487551, 47.2108174], [7.8487415, 47.210698], [7.8488431, 47.2106657], [7.8490648, 47.210658], [7.8493235, 47.2104036], [7.8492997, 47.2103333], [7.8492113, 47.2102937], [7.8492376, 47.2101575], [7.8491376, 47.21013], [7.8491518, 47.209961], [7.8491488, 47.2097974], [7.8494772, 47.2097265], [7.8497685, 47.2098268], [7.8499086, 47.209828], [7.8503281, 47.209627], [7.8503972, 47.2093985], [7.8504517, 47.2093015], [7.8504134, 47.2090576], [7.8503162, 47.2088971], [7.8502616, 47.2088236], [7.8503295, 47.2087264], [7.8505836, 47.2087549], [7.8507554, 47.2086412], [7.8508292, 47.2084999], [7.8508857, 47.208474], [7.8509807, 47.2084727], [7.8512448, 47.2085817], [7.8513968, 47.2086847], [7.8514758, 47.2087812], [7.8515723, 47.2088104], [7.8519282, 47.2084191], [7.8520678, 47.2082089], [7.8521037, 47.2078612], [7.8521417, 47.2077944], [7.8521622, 47.2076362], [7.8520747, 47.2075449], [7.852087, 47.2072147], [7.8522642, 47.2070847], [7.8523125, 47.2070149], [7.8522956, 47.2069382], [7.8521226, 47.2068085], [7.8520463, 47.2066866], [7.8520512, 47.2066058], [7.8524456, 47.2063207], [7.8525849, 47.2061523], [7.8526979, 47.2060948], [7.8531802, 47.2059981], [7.8532529, 47.2059493], [7.8534218, 47.2055545], [7.8533579, 47.2053853], [7.8535838, 47.2051685], [7.8536526, 47.2050262], [7.8537362, 47.2049358], [7.8541535, 47.204686], [7.8541748, 47.2046295], [7.8542017, 47.2045903], [7.8542454, 47.2045831], [7.8544544, 47.2044383], [7.8544475, 47.204324], [7.8543875, 47.2041492], [7.8543429, 47.2040686], [7.8540653, 47.2039359], [7.853904, 47.2039341], [7.8538272, 47.2039459], [7.8536955, 47.2038657], [7.8536238, 47.2037511], [7.8537073, 47.2035833], [7.8536362, 47.2034679], [7.8538817, 47.2032589], [7.8539718, 47.2032321], [7.8540946, 47.2032409], [7.8541871, 47.203468], [7.8544485, 47.203591], [7.8546047, 47.2035843], [7.8546668, 47.2035246], [7.8546707, 47.2034112], [7.8546178, 47.2032589], [7.8544376, 47.2030339], [7.8546797, 47.2027318], [7.854848, 47.2028075], [7.8550466, 47.202819], [7.8552686, 47.2027364], [7.8555854, 47.2023516], [7.8556741, 47.2021457], [7.8558485, 47.2018714], [7.8560757, 47.2018069], [7.8560651, 47.2016498], [7.8560159, 47.2014617], [7.8558853, 47.2013903], [7.8558978, 47.2012458], [7.8561524, 47.2010569], [7.8562871, 47.2008329], [7.8562673, 47.2007131], [7.8562927, 47.2006841], [7.8563591, 47.2006691], [7.8566657, 47.2007183], [7.8568015, 47.2006417], [7.8569592, 47.2004011], [7.8572523, 47.2002974], [7.8573313, 47.200122], [7.85745, 47.2000396], [7.8577471, 47.1999592], [7.857729, 47.1998205], [7.8575265, 47.1997072], [7.8576862, 47.1995609], [7.8576641, 47.1995097], [7.8585964, 47.1992861], [7.8590347, 47.1990888], [7.8592689, 47.1991207], [7.8594816, 47.1990757], [7.8599332, 47.1986723], [7.8599528, 47.1986181], [7.8599819, 47.1985376], [7.8600847, 47.1983179], [7.8600194, 47.1981672], [7.8596361, 47.1980019], [7.8594436, 47.197985], [7.8593943, 47.1978791], [7.8596027, 47.1976429], [7.85959, 47.1974967], [7.8597931, 47.1972915], [7.8600326, 47.1968887], [7.8599396, 47.1965876], [7.8600826, 47.1964874], [7.8602844, 47.196497], [7.8605452, 47.1962148], [7.8605526, 47.1961078], [7.8602458, 47.195724], [7.8604295, 47.1951377], [7.8603861, 47.195009], [7.8600744, 47.1948427], [7.8601959, 47.1947695], [7.8603409, 47.1944779], [7.8604785, 47.1944354], [7.8606108, 47.1942238], [7.8607736, 47.194157], [7.8608421, 47.1940548], [7.8608106, 47.1939337], [7.8604164, 47.1937394], [7.8603216, 47.1936159], [7.8602056, 47.193557], [7.8598215, 47.1935197], [7.8594916, 47.1933276], [7.8593865, 47.1930028], [7.859592, 47.1927946], [7.8598928, 47.192662], [7.8599792, 47.1924717], [7.8599592, 47.1923761], [7.8603349, 47.1921844], [7.8604491, 47.1920394], [7.8607874, 47.1919236], [7.8609603, 47.1918095], [7.8613004, 47.1914901], [7.8618028, 47.1916391], [7.8619379, 47.1916428], [7.8622657, 47.19158], [7.8624024, 47.1914226], [7.862561, 47.1915587], [7.8626775, 47.1915293], [7.8629864, 47.1917487], [7.8631299, 47.1917886], [7.8632525, 47.1917406], [7.8634723, 47.1915772], [7.8635407, 47.1914367], [7.8635318, 47.1912367], [7.8634509, 47.1911764], [7.863509, 47.1910727], [7.8638705, 47.1909147], [7.863626, 47.1906679], [7.8635725, 47.1904193], [7.8634802, 47.1903765], [7.8635101, 47.1901699], [7.8640081, 47.1899029], [7.8642939, 47.1898666], [7.8643687, 47.189933], [7.8646887, 47.1898873], [7.8647816, 47.1897427], [7.865113, 47.1897364], [7.865222, 47.1895451], [7.865311, 47.1894999], [7.8652967, 47.1893489], [7.865198, 47.1893392], [7.8648433, 47.1890401], [7.8648313, 47.1888031], [7.8649121, 47.1887117], [7.8649172, 47.1885902], [7.8648439, 47.18851], [7.8649233, 47.1883903], [7.8652977, 47.1881676], [7.8656063, 47.188062], [7.8662933, 47.1879867], [7.8667157, 47.1878926], [7.8667332, 47.1877591], [7.8670592, 47.1874984], [7.8674111, 47.1875006], [7.867586, 47.1873904], [7.8675586, 47.1872919], [7.8677102, 47.1870093], [7.8677911, 47.1869523], [7.8682772, 47.1868555], [7.8683625, 47.1867507], [7.8684698, 47.1867502], [7.8686107, 47.1866818], [7.8690508, 47.1863248], [7.8691589, 47.1860289], [7.8693962, 47.1857873], [7.8692987, 47.1856343], [7.8693378, 47.1855864], [7.8694454, 47.185554], [7.8696774, 47.1855822], [7.8697482, 47.1857353], [7.8703323, 47.185472], [7.8706682, 47.1854758], [7.8708543, 47.1853693], [7.8711899, 47.1854139], [7.8717099, 47.1849619], [7.8719157, 47.1848857], [7.8724777, 47.1848177], [7.8727355, 47.1847033], [7.8729236, 47.1843614], [7.8728995, 47.184262], [7.8728251, 47.1841646], [7.8725607, 47.1840588], [7.8725512, 47.1839886], [7.8728909, 47.1840591], [7.8732027, 47.184185], [7.8736764, 47.1844588], [7.8739646, 47.1842617], [7.8739249, 47.1841716], [7.8740439, 47.1840033], [7.8742296, 47.1839155], [7.8743738, 47.1839048], [7.8744119, 47.1838515], [7.8743554, 47.1837217], [7.8744612, 47.1836572], [7.8748414, 47.1835744], [7.8749002, 47.183424], [7.8749738, 47.1833847], [7.8752065, 47.1833867], [7.875496, 47.1833213], [7.875568, 47.1832617], [7.8758709, 47.183219], [7.8759461, 47.1830975], [7.8761431, 47.1829929], [7.8761552, 47.1829304], [7.8759563, 47.1827726], [7.8760908, 47.182618], [7.8762256, 47.1825612], [7.8762516, 47.1823865], [7.8761922, 47.1822176], [7.8764339, 47.1820777], [7.8765541, 47.1818742], [7.8765208, 47.1816648], [7.8765986, 47.1816079], [7.87657, 47.1815084], [7.8766331, 47.18147], [7.8766431, 47.1813536], [7.876957, 47.1812699], [7.8769588, 47.1810935], [7.8768464, 47.1808863], [7.876962, 47.1806947], [7.8771578, 47.1805424], [7.8773932, 47.1804456], [7.8777201, 47.180495], [7.8780111, 47.1803923], [7.8780028, 47.1803026], [7.8782031, 47.1801425], [7.8782104, 47.1800611], [7.8778188, 47.1799177], [7.8780781, 47.1797844], [7.8782647, 47.1797758], [7.8783389, 47.1797271], [7.878291, 47.1796467], [7.8784938, 47.1793925], [7.8790666, 47.1793673], [7.8792242, 47.1793982], [7.8793051, 47.1792167], [7.8795261, 47.1790498], [7.8794196, 47.1789246], [7.8793479, 47.1786703], [7.879501, 47.1785532], [7.8794762, 47.1784852], [7.8796685, 47.178392], [7.8797472, 47.1783132], [7.8797307, 47.1782263], [7.8799024, 47.1780609], [7.8803892, 47.1778514], [7.8801189, 47.1777236], [7.8794929, 47.1775937], [7.8794182, 47.1775257], [7.8795557, 47.177256], [7.8797771, 47.1769247], [7.8801465, 47.1766771], [7.8804223, 47.1763844], [7.8809557, 47.1762747], [7.8810558, 47.1761589], [7.8810677, 47.1761546], [7.8810756, 47.1760646], [7.8808249, 47.175627], [7.8804961, 47.1753119], [7.8805403, 47.1751754], [7.8806605, 47.1748044], [7.8811756, 47.1746305], [7.881637, 47.1745799], [7.8820423, 47.1744423], [7.8821917, 47.1742865], [7.8821394, 47.1738233], [7.882196, 47.1737729], [7.8823979, 47.1738045], [7.8827176, 47.1739438], [7.8828777, 47.1735929], [7.8829507, 47.1735084], [7.883132, 47.1734315], [7.8832807, 47.1731886], [7.883211, 47.1730794], [7.8832571, 47.1727392], [7.8831334, 47.1724891], [7.8830253, 47.1724534], [7.8829405, 47.1723452], [7.8828809, 47.1721182], [7.8823977, 47.1717036], [7.8821555, 47.1714959], [7.8819753, 47.1713412], [7.8817417, 47.1711408], [7.8817522, 47.1710361], [7.8813909, 47.1706738], [7.8808829, 47.1703054], [7.8806465, 47.1702334], [7.8802886, 47.1699705], [7.8797233, 47.1697079], [7.8796118, 47.1696048], [7.879491, 47.1695943], [7.8793288, 47.1695112], [7.8792516, 47.1694716], [7.8791414, 47.1692122], [7.8790122, 47.168908], [7.8790685, 47.168667], [7.8789567, 47.1685399], [7.8787149, 47.1685131], [7.8786717, 47.1683798], [7.8786305, 47.1682529], [7.8784651, 47.168107], [7.8785077, 47.1678985], [7.8785119, 47.1678781], [7.8782784, 47.1678488], [7.8779109, 47.1679253], [7.8778444, 47.1678787], [7.8777513, 47.1675841], [7.8775198, 47.1673884], [7.8773547, 47.1672681], [7.8771224, 47.1671606], [7.8769234, 47.1671284], [7.8768099, 47.1670385], [7.8767352, 47.1667696], [7.8771745, 47.1662196], [7.8771635, 47.1660821], [7.8769808, 47.1657992], [7.8769725, 47.1657908], [7.8769314, 47.1655767], [7.8768779, 47.1654816], [7.8767671, 47.1652848], [7.8767402, 47.165237], [7.8767149, 47.165192], [7.8764485, 47.164982], [7.8764014, 47.1645694], [7.8763344, 47.1639831], [7.8758945, 47.163619], [7.8758213, 47.1634975], [7.8759332, 47.1633114], [7.8759905, 47.1632161], [7.8759805, 47.1630628], [7.8759051, 47.1628638], [7.8756734, 47.1626005], [7.875686, 47.1618615], [7.87538, 47.1616056], [7.8754379, 47.1614423], [7.8759317, 47.1609468], [7.8760656, 47.160718], [7.876038, 47.1603396], [7.8760518, 47.1602295], [7.8760915, 47.159912], [7.8760802, 47.1598572], [7.876047, 47.1596965], [7.8758099, 47.1595043], [7.8758105, 47.1594563], [7.8758125, 47.1592893], [7.8756634, 47.1591484], [7.8757739, 47.1590122], [7.8760601, 47.1582126], [7.8760472, 47.1580404], [7.8759373, 47.1578755], [7.8759784, 47.1575345], [7.8762326, 47.1574427], [7.8762214, 47.1572756], [7.876315, 47.1570686], [7.8762792, 47.156879], [7.8765551, 47.156541], [7.8762936, 47.1560139], [7.8764524, 47.1557562], [7.8765676, 47.1557273], [7.8769035, 47.1553799], [7.8771222, 47.1547076], [7.8771668, 47.1543286], [7.8774473, 47.1535585], [7.8777466, 47.1531743], [7.878022, 47.1532596], [7.8783307, 47.1526697], [7.8787332, 47.1523055], [7.8785326, 47.1521302], [7.8785279, 47.1520112], [7.8794374, 47.1508773], [7.8794481, 47.1506519], [7.8800265, 47.1497255], [7.8796599, 47.149404], [7.8801756, 47.1491415], [7.8803655, 47.1488056], [7.8806302, 47.1484954], [7.8810193, 47.1483383], [7.8812024, 47.1481729], [7.881076, 47.1480773], [7.8817116, 47.1478091], [7.881956, 47.1476378], [7.8823383, 47.1474679], [7.8823023, 47.1474426], [7.8818948, 47.1471559], [7.8819524, 47.1470837], [7.882169, 47.1470715], [7.8821846, 47.1470186], [7.8823428, 47.146978], [7.8824906, 47.1469997], [7.8828212, 47.146859], [7.8827136, 47.1466866], [7.8830787, 47.1465887], [7.8831406, 47.1464078], [7.8832815, 47.146257], [7.8845323, 47.1458445], [7.8844898, 47.1454601], [7.8846137, 47.1453231], [7.8852364, 47.144908], [7.8862323, 47.1443896], [7.8874139, 47.1436363], [7.8872871, 47.1435524], [7.8874475, 47.1433378], [7.8886915, 47.1423646], [7.8890019, 47.1418909], [7.8895632, 47.1413162], [7.8900972, 47.140725], [7.8895231, 47.1404754], [7.8896055, 47.1401869], [7.8895953, 47.1399692], [7.8895517, 47.1397516], [7.889388, 47.1396854], [7.8893576, 47.1392259], [7.8894344, 47.1390171], [7.8900098, 47.1384267], [7.8903469, 47.1378046], [7.8905789, 47.1376261], [7.890438, 47.1371159], [7.8901824, 47.136854], [7.8901093, 47.1366218], [7.8893041, 47.1358467], [7.8898981, 47.1358473], [7.8897925, 47.1353567], [7.8900007, 47.1345828], [7.8897503, 47.1345965], [7.889745, 47.1345615], [7.8887839, 47.1346457], [7.8884733, 47.1344372], [7.8897968, 47.1320362], [7.8891554, 47.1318257], [7.8881228, 47.1318664], [7.8875894, 47.131769], [7.8864922, 47.1316861], [7.8863473, 47.1288911], [7.8861758, 47.1285804], [7.8856728, 47.1285253], [7.8850879, 47.1283152], [7.8847171, 47.1282778], [7.8843334, 47.1281081], [7.8849013, 47.1276269], [7.8845678, 47.1275534], [7.8810943, 47.1264136], [7.8735577, 47.1240695], [7.873525, 47.1240554], [7.8735821, 47.1239798], [7.8712838, 47.1232656], [7.8701961, 47.1228269], [7.8692359, 47.1222662], [7.868678, 47.1218356], [7.8681899, 47.1213666], [7.867604, 47.1206034], [7.8673158, 47.1200626], [7.8671131, 47.119504], [7.8669776, 47.1186454], [7.8669226, 47.1166007], [7.8670538, 47.1166821], [7.8685955, 47.1169796], [7.8687704, 47.1169695], [7.8690643, 47.1167905], [7.8693709, 47.1166789], [7.8694645, 47.1161137], [7.8698771, 47.1160361], [7.8700417, 47.1159074], [7.8698147, 47.1155634], [7.8696531, 47.1140912], [7.8693523, 47.1135455], [7.8694188, 47.1135325], [7.8681449, 47.1119748], [7.8694695, 47.1115442], [7.8702465, 47.1113637], [7.8710088, 47.1112737], [7.8717049, 47.1110862], [7.872805, 47.1105643], [7.8732403, 47.1105436], [7.8734361, 47.1104815], [7.8737139, 47.110338], [7.873963, 47.1101056], [7.8749484, 47.1094362], [7.8749086, 47.1090855], [7.8748334, 47.1089481], [7.8746973, 47.1087915], [7.8744519, 47.1087189], [7.8742654, 47.1083142], [7.8743146, 47.1080989], [7.8741226, 47.1075746], [7.8742776, 47.1072574], [7.8742262, 47.1069213], [7.8738401, 47.1065065], [7.8737065, 47.1060158], [7.8729824, 47.1053719], [7.8730678, 47.1049564], [7.8729085, 47.1043016], [7.8733884, 47.103221], [7.8747105, 47.103492], [7.8761896, 47.1016573], [7.8755322, 47.1009858], [7.8754428, 47.1002542], [7.874627, 47.0998583], [7.8748077, 47.0988629], [7.8738472, 47.0984904], [7.8739546, 47.098284], [7.8735829, 47.0981007], [7.8735918, 47.0978429], [7.8741547, 47.0974912], [7.8743271, 47.0974308], [7.8746918, 47.0976217], [7.8749505, 47.0974803], [7.8753309, 47.0973531], [7.8754617, 47.0971789], [7.8759463, 47.0971776], [7.8763795, 47.0969072], [7.8769088, 47.0967519], [7.8783306, 47.0960244], [7.8790764, 47.0958601], [7.8791297, 47.0958287], [7.8790804, 47.095669], [7.8795077, 47.0955217], [7.8797641, 47.0948193], [7.879634, 47.0947801], [7.879751, 47.0945223], [7.8793106, 47.0942592], [7.8793445, 47.0942111], [7.8779016, 47.092947], [7.8798161, 47.0918981], [7.8804819, 47.089975], [7.8807158, 47.0886017], [7.8810893, 47.0886176], [7.881073, 47.0887023], [7.8816421, 47.0887549], [7.8809311, 47.0867857], [7.8805225, 47.0867931], [7.8801859, 47.0856167], [7.8808377, 47.0854066], [7.8804537, 47.0848715], [7.8804652, 47.0844989], [7.8798924, 47.0843366], [7.8792972, 47.0840234], [7.8796885, 47.0836617], [7.8797075, 47.0835616], [7.8788773, 47.0829776], [7.8783025, 47.0822486], [7.8782656, 47.0819792], [7.8793183, 47.0818562], [7.8795952, 47.0816037], [7.8801352, 47.081266], [7.879338, 47.0802901], [7.8767579, 47.0797958], [7.8767025, 47.0796533], [7.8789436, 47.0788051], [7.8789589, 47.0787994], [7.8783512, 47.0784742], [7.8775118, 47.0753586], [7.8781942, 47.0744044], [7.8779385, 47.0742628], [7.8774552, 47.073882], [7.8768219, 47.0735424], [7.8761156, 47.0734516], [7.8772772, 47.0715873], [7.8771001, 47.0714218], [7.8768298, 47.0709686], [7.8767658, 47.0706015], [7.8748751, 47.0682607], [7.8737646, 47.0667355], [7.8732824, 47.0655826], [7.8728683, 47.0655713], [7.8720216, 47.065347], [7.8717236, 47.0650582], [7.8716156, 47.064831], [7.8716425, 47.0643297], [7.8716492, 47.0642059], [7.8711352, 47.0628023], [7.8711583, 47.062524], [7.871315, 47.0624209], [7.8716315, 47.0624325], [7.8721338, 47.0622415], [7.8722727, 47.0622351], [7.8728051, 47.0624149], [7.8731425, 47.0624437], [7.8733967, 47.0623174], [7.8738498, 47.0618821], [7.8739152, 47.0617976], [7.8739015, 47.0617056], [7.873358, 47.0614064], [7.8727103, 47.0611795], [7.8719468, 47.0607183], [7.871829, 47.0605362], [7.8717762, 47.0601758], [7.8714143, 47.0596818], [7.8697284, 47.0587895], [7.8695483, 47.0586556], [7.8689832, 47.0576056], [7.8685965, 47.0572747], [7.8684226, 47.0569094], [7.8674002, 47.0559913], [7.8673387, 47.0555497], [7.8671507, 47.0552454], [7.8671009, 47.0550116], [7.8664284, 47.0544436], [7.8662019, 47.0541905], [7.8661173, 47.0540046], [7.8660156, 47.0534194], [7.8675086, 47.0531271], [7.8673861, 47.0523326], [7.8681182, 47.0518438], [7.8678454, 47.0513558], [7.8673069, 47.0507418], [7.8666948, 47.0502756], [7.8664419, 47.049792], [7.8665153, 47.0496572], [7.8666221, 47.0495968], [7.8672267, 47.0496315], [7.8673751, 47.0495986], [7.8676921, 47.0493884], [7.8680596, 47.0489061], [7.8682037, 47.0483465], [7.8684954, 47.0478061], [7.8687161, 47.0476514], [7.8690045, 47.0475899], [7.8693596, 47.047443], [7.8697948, 47.0473872], [7.8697245, 47.0471904], [7.8695307, 47.0466479], [7.8699234, 47.0462008], [7.8709066, 47.0451639], [7.87133, 47.0449835], [7.8724573, 47.0447568], [7.8727314, 47.0444555], [7.8731537, 47.0435814], [7.874036, 47.0422756], [7.8745992, 47.0413513], [7.8746332, 47.0411532], [7.8747581, 47.0409611], [7.8751585, 47.0408836], [7.8761685, 47.0410433], [7.8765893, 47.0411772], [7.8768964, 47.0411911], [7.8777197, 47.0410892], [7.8785422, 47.0408898], [7.8792699, 47.0406212], [7.8795661, 47.0404355], [7.8801037, 47.0404047], [7.8809958, 47.0405275], [7.8814335, 47.0406964], [7.8815896, 47.0405926], [7.8823473, 47.0394009], [7.8832895, 47.0382306], [7.8833513, 47.0379864], [7.883942, 47.0371722], [7.8837604, 47.0366787], [7.8832425, 47.035822], [7.8830598, 47.0352306], [7.8832504, 47.0349606], [7.8838008, 47.0335725], [7.8840666, 47.0332768], [7.8848882, 47.0327408], [7.8850733, 47.0327927], [7.8859143, 47.0324629], [7.8866107, 47.0323228], [7.8874674, 47.03196], [7.888274, 47.031227], [7.8888653, 47.030894], [7.8891191, 47.0308224], [7.8910999, 47.0305456], [7.8917861, 47.0304954], [7.8923671, 47.0301012], [7.892806, 47.0293551], [7.8927531, 47.02912], [7.8928226, 47.0288172], [7.893861, 47.0279209], [7.8940887, 47.0276238], [7.8939819, 47.027364], [7.8934421, 47.0270075], [7.8934995, 47.0266283], [7.8937441, 47.026522], [7.8937445, 47.0257013], [7.8936954, 47.0254267], [7.8932812, 47.0248712], [7.8932756, 47.0247214], [7.8933882, 47.0245302], [7.8939842, 47.0238645], [7.8945567, 47.0227589], [7.8947482, 47.0221656], [7.8960981, 47.0217563], [7.8968237, 47.0214234], [7.8972561, 47.0209235], [7.8978017, 47.0205523], [7.8981503, 47.0204502], [7.8985977, 47.0200335], [7.8986452, 47.0198478], [7.898909, 47.0193952], [7.8998264, 47.0187822], [7.9003333, 47.0183533], [7.900535, 47.0179775], [7.9001094, 47.0164725], [7.89931, 47.0156833], [7.8990143, 47.0150101], [7.8979634, 47.0144484], [7.8975044, 47.014079], [7.8971907, 47.013738], [7.8969338, 47.0132254], [7.8969262, 47.0130375], [7.8977152, 47.0117376], [7.8981723, 47.0105867], [7.898197, 47.0103281], [7.8988148, 47.0097126], [7.8992722, 47.0090054], [7.8989658, 47.008693], [7.8998899, 47.0076474], [7.9010224, 47.0069246], [7.9018248, 47.0062527], [7.9025692, 47.0062869], [7.9032784, 47.006527], [7.9046297, 47.0068202], [7.9062922, 47.0069324], [7.9073411, 47.0068545], [7.9088561, 47.0072828], [7.9091638, 47.007262], [7.9093871, 47.0073187], [7.909454, 47.0073425], [7.9094981, 47.0075945], [7.9099447, 47.0077978], [7.9104535, 47.0078351], [7.9105315, 47.007948], [7.9106564, 47.0079808], [7.9109732, 47.0078911], [7.9110229, 47.0079419], [7.9111807, 47.0079156], [7.911466, 47.007969], [7.9116524, 47.0079453], [7.9122536, 47.0080975], [7.9131543, 47.0085803], [7.9162356, 47.0085172], [7.9173512, 47.0088158], [7.9188009, 47.0096028], [7.9200134, 47.0100874], [7.9220101, 47.0105561], [7.9228674, 47.0105535], [7.9250637, 47.0103736], [7.9258875, 47.0096653], [7.9256965, 47.0093254], [7.9257004, 47.0087055], [7.9259274, 47.0084525], [7.9261163, 47.0083736], [7.9263445, 47.0081073], [7.9265015, 47.0080196], [7.9267455, 47.0075789], [7.9268667, 47.0074702], [7.9268386, 47.0070649], [7.9270729, 47.0068685], [7.927175, 47.0068765], [7.9276143, 47.0066374], [7.9275828, 47.0065705], [7.9280394, 47.0063573], [7.928032, 47.0061866], [7.9280959, 47.0061081], [7.9284218, 47.0059057], [7.9285313, 47.0058886], [7.9285537, 47.0058026], [7.9287202, 47.0057663], [7.9289943, 47.0055469], [7.9291743, 47.0055425], [7.9293143, 47.0053951], [7.929446, 47.0054088], [7.9295354, 47.0055428], [7.9297189, 47.0056065], [7.9299061, 47.0055713], [7.9299782, 47.005638], [7.9308087, 47.0052182], [7.9313422, 47.004757], [7.9318765, 47.0048017], [7.9323225, 47.0044443], [7.932528, 47.0043745], [7.9326629, 47.0042489], [7.9330677, 47.0041928], [7.9332002, 47.0042388], [7.9334049, 47.0042007], [7.9335683, 47.0042408], [7.9339613, 47.0041993], [7.9341973, 47.0042875], [7.9343489, 47.004281], [7.9345471, 47.0043735], [7.9355735, 47.0044952], [7.9360037, 47.0046071], [7.9361084, 47.0046748], [7.9363863, 47.0046908], [7.9365848, 47.004612], [7.9367676, 47.0045977], [7.936964, 47.0046095], [7.937131, 47.0046721], [7.937617, 47.0046078], [7.9377487, 47.0046524], [7.9378799, 47.0046116], [7.938143, 47.0046333], [7.9382486, 47.004714], [7.9386032, 47.00465], [7.9395184, 47.0046637], [7.9403222, 47.0050365], [7.940678, 47.0055238], [7.9411428, 47.0056371], [7.941967, 47.005458], [7.9424638, 47.0053314], [7.9439913, 47.0054136], [7.9449078, 47.0053787], [7.9451189, 47.0054967], [7.9456173, 47.0055376], [7.9459396, 47.0055035], [7.9465957, 47.0056013], [7.9471605, 47.0058134], [7.9474112, 47.0058511], [7.9479165, 47.0059271], [7.9481798, 47.0058294], [7.9485616, 47.0059798], [7.9486633, 47.0059698], [7.9490014, 47.0057095], [7.949058, 47.0057862], [7.9492653, 47.0058435], [7.9494336, 47.005834], [7.9495553, 47.0061037], [7.9497132, 47.0062209], [7.9496772, 47.0063334], [7.9497665, 47.0065131], [7.9498754, 47.006531], [7.9501629, 47.0067653], [7.9501559, 47.0068457], [7.9500056, 47.0069293], [7.9500774, 47.0070448], [7.9514174, 47.006231], [7.9521182, 47.0059075], [7.9524098, 47.0059227], [7.9538023, 47.0051565], [7.9546775, 47.0044019], [7.9552377, 47.0040904], [7.9562036, 47.003424], [7.9559443, 47.0031519], [7.9556074, 47.0029268], [7.9550542, 47.0021354], [7.9548128, 47.0020708], [7.954671, 47.0021306], [7.9544331, 47.0021522], [7.9541334, 47.0020915], [7.953958, 47.0020087], [7.953872, 47.0018384], [7.9538796, 47.0015261], [7.9537237, 47.001249], [7.9535671, 47.0011273], [7.9535541, 47.0008885], [7.9532056, 47.0006935], [7.9530107, 47.0003863], [7.9530016, 47.0003037], [7.9531031, 47.0002201], [7.9530856, 47.0000486], [7.9524923, 46.9987876], [7.9520255, 46.996586], [7.950854, 46.9963195], [7.9501254, 46.9955885], [7.9494493, 46.9952486], [7.9487548, 46.9946143], [7.9483769, 46.9940675], [7.9482414, 46.9933026], [7.9484711, 46.9926202], [7.9483759, 46.9918668], [7.9489739, 46.9908526], [7.94911, 46.9901397], [7.9494858, 46.9893228], [7.9500808, 46.9883089], [7.9495208, 46.9873326], [7.9497323, 46.9871713], [7.9503922, 46.9854289], [7.9509131, 46.9851197], [7.9516036, 46.9836124], [7.9521818, 46.9829603], [7.9521392, 46.982718], [7.9524714, 46.9820265], [7.9524282, 46.9812583], [7.9521953, 46.9811514], [7.9519195, 46.9810388], [7.9508493, 46.9800796], [7.9504676, 46.9799115], [7.9500848, 46.979802], [7.9494052, 46.9799025], [7.9487518, 46.9798771], [7.9472932, 46.9792646], [7.9469014, 46.9790568], [7.9464933, 46.9787267], [7.9453887, 46.9780461], [7.9451037, 46.9777438], [7.9447388, 46.9774826], [7.9439092, 46.9771833], [7.9442122, 46.9765774], [7.9442161, 46.9756009], [7.9446598, 46.9747903], [7.9447702, 46.9742214], [7.9448, 46.9733487], [7.9444008, 46.9728975], [7.9443531, 46.9726362], [7.9444525, 46.9722471], [7.944849, 46.9717919], [7.9447184, 46.9706652], [7.9447196, 46.9704687], [7.944826, 46.9704242], [7.9447735, 46.9699978], [7.944862, 46.9696392], [7.9450519, 46.9693763], [7.9453227, 46.9692047], [7.945764, 46.9690606], [7.9461172, 46.9688509], [7.945354, 46.9678445], [7.9448369, 46.9676836], [7.9443638, 46.9674712], [7.944026, 46.9670818], [7.9437231, 46.9668653], [7.9416474, 46.9659012], [7.9409933, 46.9654433], [7.940539, 46.9650283], [7.9400964, 46.9647445], [7.9395417, 46.9649154], [7.9388677, 46.964923], [7.9379944, 46.9647556], [7.9375831, 46.9645936], [7.9366365, 46.9645016], [7.93617, 46.9644065], [7.9353268, 46.9637552], [7.9346021, 46.9634555], [7.9340906, 46.9631688], [7.9322377, 46.9616508], [7.9319499, 46.9609733], [7.9315513, 46.9606164], [7.9315261, 46.9601837], [7.9318306, 46.9599425], [7.9319951, 46.9596798], [7.9325363, 46.9585474], [7.9324625, 46.9580203], [7.932566, 46.9573768], [7.9325074, 46.9571239], [7.9323949, 46.9569514], [7.9320557, 46.9566112], [7.9317556, 46.9563937], [7.9315076, 46.955851], [7.9316128, 46.955572], [7.931824, 46.9552745], [7.9322595, 46.9540861], [7.9323153, 46.9537177], [7.9318796, 46.9527302], [7.9320094, 46.9521614], [7.9319384, 46.9515837], [7.9318886, 46.9514124], [7.9316507, 46.950514], [7.9313227, 46.9501121], [7.9305074, 46.9493062], [7.9296005, 46.948687], [7.9292396, 46.9483911], [7.9290792, 46.9481861], [7.9277043, 46.9481216], [7.9260273, 46.9483379], [7.9245933, 46.9471713], [7.9241229, 46.9473245], [7.9232978, 46.947233], [7.9223324, 46.9470103], [7.9219865, 46.9468987], [7.9216764, 46.9467339], [7.9215412, 46.9465558], [7.9213312, 46.9462624], [7.921319, 46.945956], [7.9208029, 46.9453678], [7.9209626, 46.9450728], [7.9211284, 46.9449084], [7.9216849, 46.943911], [7.9214648, 46.9435053], [7.9212212, 46.9433787], [7.9210962, 46.9431451], [7.9210804, 46.9425708], [7.9208579, 46.9418185], [7.9204008, 46.9417047], [7.9198832, 46.9413377], [7.9196714, 46.9405889], [7.9194127, 46.9403281], [7.9193476, 46.9400941], [7.9186533, 46.9397412], [7.918022, 46.9392245], [7.9180218, 46.9390174], [7.9178613, 46.9385221], [7.9176044, 46.9380729], [7.915786, 46.9357227], [7.9152587, 46.9346375], [7.9143563, 46.9340983], [7.9134133, 46.9337481], [7.9125112, 46.933087], [7.9120324, 46.9329765], [7.9109915, 46.932946], [7.9107131, 46.9328358], [7.9103171, 46.9327973], [7.9079254, 46.9326868], [7.9062106, 46.9329076], [7.9051747, 46.9329891], [7.9041031, 46.9332066], [7.9034189, 46.9335033], [7.9023825, 46.9343561], [7.9002988, 46.9346321], [7.8995515, 46.9345603], [7.8991585, 46.9346232], [7.898892, 46.9347188], [7.8983316, 46.9347306], [7.8981343, 46.9347348], [7.8974979, 46.9346379], [7.8973888, 46.9346051], [7.8972796, 46.93454], [7.8969906, 46.9344743], [7.8967807, 46.9343301], [7.8966592, 46.9343262], [7.8965951, 46.9342575], [7.8964358, 46.9342439], [7.8963364, 46.9341594], [7.8960945, 46.9341292], [7.8960623, 46.9339224], [7.8956249, 46.9336002], [7.8954988, 46.9335547], [7.8952544, 46.9334666], [7.8947595, 46.9333677], [7.8941832, 46.9330684], [7.8939055, 46.932738], [7.8935537, 46.9324769], [7.8926734, 46.932245], [7.8923084, 46.9320871], [7.8916797, 46.9320743], [7.8912082, 46.9319064], [7.8906754, 46.9318039], [7.8899317, 46.9316013], [7.8898551, 46.931583], [7.8887236, 46.9311652], [7.8884752, 46.9310135], [7.8873529, 46.9307538], [7.8867515, 46.9304935], [7.8863824, 46.9302129], [7.8860592, 46.9300578], [7.8854949, 46.9298133], [7.8844683, 46.9295117], [7.8841516, 46.9294394], [7.883626, 46.9292669], [7.8833081, 46.9291015], [7.8825036, 46.9289263], [7.8818664, 46.9288579], [7.8808283, 46.9282734], [7.8804562, 46.9282337], [7.8798054, 46.9281457], [7.8797324, 46.9281323], [7.8791716, 46.9280295], [7.8787002, 46.9278434], [7.8782662, 46.9277848], [7.8777068, 46.9276138], [7.8776369, 46.9275895], [7.8775144, 46.927547], [7.8773255, 46.9274814], [7.8769266, 46.9273754], [7.8760289, 46.9268166], [7.8747362, 46.9262708], [7.874548, 46.9260109], [7.8741637, 46.9256784], [7.8739064, 46.9253538], [7.8736622, 46.9251394], [7.8734978, 46.9248892], [7.8734049, 46.9247917], [7.8732778, 46.9246777], [7.8729815, 46.9244748], [7.8728004, 46.9243796], [7.8726582, 46.9242933], [7.872547, 46.9239767], [7.8724822, 46.9238675], [7.8723935, 46.9238332], [7.872305, 46.923405], [7.8719696, 46.9227542], [7.8713902, 46.9221096], [7.8705131, 46.9209622], [7.8705069, 46.9209361], [7.8704702, 46.9207831], [7.8704599, 46.92074], [7.8704435, 46.9206712], [7.8703578, 46.9205363], [7.870227, 46.9203104], [7.8701408, 46.9200829], [7.8700586, 46.9198787], [7.8698615, 46.9196124], [7.8698535, 46.9195951], [7.8697985, 46.9194757], [7.8697466, 46.9193632], [7.8696483, 46.9191498], [7.8696441, 46.9191363], [7.8695756, 46.9189133], [7.8695056, 46.9186855], [7.8693663, 46.9182323], [7.8691004, 46.9173155], [7.869081, 46.9172505], [7.8689906, 46.9169478], [7.8688571, 46.9168197], [7.8687048, 46.916698], [7.868413, 46.9164845], [7.8681841, 46.916333], [7.8679794, 46.9161756], [7.8679359, 46.9161422], [7.8678587, 46.9160868], [7.8677957, 46.9160178], [7.8676961, 46.9158889], [7.8676614, 46.9158202], [7.8676591, 46.9157602], [7.8676419, 46.9156779], [7.8676347, 46.9156409], [7.8676134, 46.9156021], [7.8676083, 46.9154459], [7.8676228, 46.9153599], [7.8675978, 46.9153029], [7.8675418, 46.9151948], [7.8674417, 46.9151176], [7.8670743, 46.9147927], [7.8674782, 46.9147638], [7.8680126, 46.9146989], [7.8684347, 46.9146136], [7.8687751, 46.9145197], [7.8692002, 46.9143888], [7.8699381, 46.9141008], [7.8707392, 46.9137882], [7.8713014, 46.913574], [7.8727833, 46.9129545], [7.8730371, 46.9128302], [7.8734695, 46.9125133], [7.8746758, 46.9113161], [7.8749727, 46.9111401], [7.8753293, 46.9110158], [7.8759471, 46.9109737], [7.8776285, 46.9112475], [7.8785508, 46.9113263], [7.8794601, 46.9112356], [7.8799152, 46.9110752], [7.880262, 46.9108011], [7.8804301, 46.9105324], [7.8810801, 46.9090897], [7.8815687, 46.907955], [7.8817796, 46.9075935], [7.8819861, 46.9073801], [7.8822515, 46.9071502], [7.8824201, 46.9070289], [7.882485, 46.9069889], [7.8831168, 46.9066361], [7.883082, 46.9065954], [7.882187, 46.9055446], [7.8822989, 46.9055062], [7.8824682, 46.9053299], [7.8826755, 46.9046379], [7.882838, 46.9045137], [7.8827197, 46.9042269], [7.8826601, 46.9035355], [7.8822356, 46.9033165], [7.8818912, 46.9030541], [7.8815935, 46.9026745], [7.8802201, 46.9017675], [7.8797938, 46.9012692], [7.879759, 46.9003907], [7.8799444, 46.900324], [7.8802199, 46.9003369], [7.880412, 46.9004536], [7.8805297, 46.9004546], [7.8807194, 46.9002565], [7.8815893, 46.8998982], [7.8817957, 46.8996592], [7.8812306, 46.8993174], [7.8809553, 46.8992823], [7.8804638, 46.899054], [7.8798413, 46.8989741], [7.8795828, 46.8988902], [7.8792032, 46.8988827], [7.8787352, 46.8989681], [7.8783248, 46.8987356], [7.8779404, 46.8984792], [7.8774749, 46.8980617], [7.8764008, 46.8969299], [7.8756189, 46.8960038], [7.8753279, 46.8957624], [7.87339, 46.8929944], [7.8729582, 46.8922032], [7.8727604, 46.8912293], [7.8728166, 46.8903214], [7.8730479, 46.8896749], [7.8725219, 46.8896406], [7.8722616, 46.8895828], [7.8720294, 46.8894628], [7.8718691, 46.8894457], [7.8713927, 46.8895888], [7.8708678, 46.8895443], [7.8706893, 46.8895847], [7.8701568, 46.8892316], [7.8698505, 46.8889544], [7.8693855, 46.8879795], [7.8693697, 46.8877835], [7.8685628, 46.8874411], [7.8679167, 46.8870706], [7.86719, 46.8869203], [7.8658363, 46.8865539], [7.8646488, 46.8866531], [7.8638528, 46.8865624], [7.862547, 46.886608], [7.8616018, 46.8864005], [7.8607569, 46.8860386], [7.8595611, 46.8857916], [7.8585989, 46.8852943], [7.8578821, 46.88467], [7.8566122, 46.8834882], [7.8561587, 46.8808528], [7.8568555, 46.8802458], [7.8568596, 46.8785893], [7.8578264, 46.8770902], [7.8579883, 46.8753817], [7.8572623, 46.871459], [7.8577755, 46.870755], [7.8598338, 46.8703821], [7.8618602, 46.8705721], [7.864264, 46.8695593], [7.8646831, 46.8662856], [7.8683871, 46.8651368], [7.8694916, 46.8643496], [7.8694594, 46.8637162], [7.868853, 46.8626791], [7.8687208, 46.8620184], [7.869028, 46.8610479], [7.8679751, 46.8604357], [7.8677535, 46.8602326], [7.8676514, 46.859953], [7.8677278, 46.8597541], [7.8678523, 46.8596413], [7.867292, 46.8586814], [7.867723, 46.8577656], [7.8681675, 46.8554177], [7.868055, 46.8547181], [7.8681756, 46.8541746], [7.8682969, 46.8539146], [7.868032, 46.8535282], [7.8678625, 46.8530281], [7.8675057, 46.8519752], [7.8674524, 46.8510723], [7.8676102, 46.8503665], [7.8695044, 46.8486888], [7.8696772, 46.8483716], [7.870111, 46.8475751], [7.869794, 46.8471587], [7.870169, 46.8465617], [7.8701313, 46.8449864], [7.8705695, 46.8441358], [7.870442, 46.8438591], [7.8714182, 46.8433252], [7.8727172, 46.8426148], [7.8770771, 46.8370701], [7.8955578, 46.8310065], [7.9043653, 46.8275653], [7.9223894, 46.8200081], [7.9287598, 46.8164679], [7.9364956, 46.8113477], [7.9417072, 46.8080123], [7.946745, 46.8052516], [7.9508427, 46.799852], [7.9508305, 46.7997656], [7.9508159, 46.7996589], [7.9510094, 46.799116], [7.9512631, 46.7989578], [7.9512826, 46.798905], [7.9514145, 46.7987035], [7.951843, 46.7976365], [7.9525703, 46.7968759], [7.9529141, 46.7965987], [7.9529453, 46.7963931], [7.9533154, 46.7962013], [7.9534783, 46.7960124], [7.9538365, 46.7957775], [7.9539164, 46.7951407], [7.9538486, 46.7946968], [7.9536629, 46.794433], [7.9534946, 46.7942325], [7.9534286, 46.7942133], [7.9530637, 46.7939307], [7.952766, 46.793661], [7.9526238, 46.7935084], [7.9524987, 46.793344], [7.9524492, 46.7931789], [7.9524483, 46.7931514], [7.9524633, 46.7931207], [7.9524964, 46.7930942], [7.9526126, 46.7930442], [7.9528453, 46.7929795], [7.9530056, 46.7928726], [7.9531278, 46.7927331], [7.9532152, 46.7925442], [7.9533238, 46.7924187], [7.9535763, 46.7922621], [7.9537234, 46.7922119], [7.9539004, 46.7921827], [7.9539331, 46.7921693], [7.9539599, 46.7921507], [7.9539758, 46.7921328], [7.953987, 46.7921105], [7.9539978, 46.7920557], [7.9540096, 46.7919961], [7.9540348, 46.7917289], [7.9540663, 46.791463], [7.9540418, 46.7912107], [7.9547276, 46.7910817], [7.9549791, 46.7907511], [7.9556138, 46.7905701], [7.9559835, 46.7903694], [7.9578957, 46.7894177], [7.9602801, 46.7890172], [7.9604743, 46.7888572], [7.9608836, 46.7887387], [7.9619787, 46.7878348], [7.9622312, 46.7875291], [7.9629261, 46.7870378], [7.9631169, 46.7870091], [7.963609, 46.7868171], [7.9640073, 46.7868462], [7.9646233, 46.7869676], [7.9651386, 46.7869887], [7.9656022, 46.7867164], [7.965971, 46.7866162], [7.9661387, 46.7864742], [7.9662524, 46.7864727], [7.9664387, 46.786301], [7.966641, 46.7862504], [7.9671864, 46.7857345], [7.9681293, 46.7854428], [7.9687023, 46.7851289], [7.9692237, 46.7846461], [7.969419, 46.7844087], [7.96954, 46.7841499], [7.9695616, 46.7839135], [7.9694484, 46.7836368], [7.969531, 46.7831004], [7.9694453, 46.7828182], [7.9695054, 46.7824716], [7.9699686, 46.7821578], [7.9706531, 46.7818533], [7.9709393, 46.7813895], [7.9712511, 46.7811362], [7.9718866, 46.7799845], [7.9724887, 46.7794348], [7.9732708, 46.7789355], [7.9734773, 46.778366], [7.9757124, 46.7773076], [7.9765497, 46.7774158], [7.9774383, 46.7772304], [7.9787035, 46.7772274], [7.9793324, 46.7769003], [7.9796933, 46.7769471], [7.9803039, 46.7768497], [7.9806391, 46.776573], [7.9819743, 46.7764187], [7.9823682, 46.776061], [7.9829863, 46.7759632], [7.9831334, 46.7758405], [7.9831244, 46.7756918], [7.9845705, 46.7749903], [7.985113, 46.775041], [7.9865642, 46.7754382], [7.9870564, 46.7756858], [7.9874707, 46.7758022], [7.9885571, 46.7763702], [7.9889136, 46.776455], [7.9899259, 46.7772658], [7.9916763, 46.7782835], [7.9926204, 46.7786699], [7.9931325, 46.7786204], [7.9934336, 46.7786396], [7.9940818, 46.7788883], [7.9942776, 46.779034], [7.9945476, 46.7794856], [7.9949184, 46.7798898], [7.9948719, 46.7801606], [7.9949615, 46.7803538], [7.9949177, 46.7806228], [7.9949565, 46.7811996], [7.9950564, 46.7813325], [7.9950893, 46.7813503], [7.9954691, 46.781556], [7.9957449, 46.7817708], [7.9968835, 46.7821718], [7.998195, 46.7822571], [7.9986412, 46.7825284], [8.0001429, 46.7827364], [8.0005471, 46.7828789], [8.0012375, 46.7829017], [8.0028829, 46.7830721], [8.0035578, 46.7830649], [8.0045324, 46.7831756], [8.0048668, 46.7832136], [8.0052836, 46.7833648], [8.0055856, 46.7836194], [8.0060918, 46.7838248], [8.0065471, 46.7839697], [8.0068878, 46.7840084], [8.007641, 46.784504], [8.0088034, 46.7847666], [8.0091956, 46.7849003], [8.0105721, 46.7855371], [8.0110989, 46.7856845], [8.011564, 46.7859313], [8.012496, 46.7862778], [8.0130016, 46.7864023], [8.0135353, 46.7864083], [8.0139057, 46.7864757], [8.014252, 46.7866356], [8.0146898, 46.7867142], [8.0150074, 46.7869377], [8.0153174, 46.7872478], [8.0158496, 46.7875049], [8.0162272, 46.7878407], [8.0166413, 46.7880579], [8.0173322, 46.7882247], [8.0176777, 46.7879228], [8.0184737, 46.7880919], [8.0196164, 46.7884556], [8.0198772, 46.788486], [8.0202402, 46.7886314], [8.0202219, 46.7888854], [8.0207062, 46.7890684], [8.0212845, 46.7888367], [8.0218179, 46.7888138], [8.0221886, 46.7888956], [8.0227474, 46.7888928], [8.0251788, 46.7895124], [8.0254607, 46.7895456], [8.025584, 46.7896777], [8.0260757, 46.7896839], [8.026476, 46.7897828], [8.0266767, 46.7896923], [8.0270465, 46.7896933], [8.0282667, 46.78984], [8.029004, 46.7900123], [8.0292125, 46.7898669], [8.0293007, 46.7898664], [8.0303795, 46.7901408], [8.0310859, 46.7901804], [8.0313808, 46.790251], [8.0314848, 46.7901553], [8.0314134, 46.7897718], [8.0315089, 46.7896731], [8.031703, 46.7895942], [8.0318689, 46.7895443], [8.0322891, 46.789545], [8.0325152, 46.7894688], [8.0334316, 46.7895015], [8.0345407, 46.7894784], [8.0350774, 46.7893717], [8.0353334, 46.7893737], [8.0356654, 46.7889675], [8.0361098, 46.7888728], [8.0365846, 46.7889166], [8.0366659, 46.7886217], [8.0370815, 46.7885849], [8.0370417, 46.7884119], [8.0377248, 46.7882438], [8.0377819, 46.7880877], [8.0380425, 46.7880979], [8.0380598, 46.7879297], [8.0389843, 46.7875925], [8.039537, 46.7876128], [8.0396693, 46.7875497], [8.0411197, 46.787659], [8.0412674, 46.7877885], [8.0431382, 46.7875363], [8.0436504, 46.7872378], [8.0442778, 46.7871414], [8.0451845, 46.7870925], [8.0469368, 46.7871155], [8.0493399, 46.7882332], [8.0496503, 46.788485], [8.049805, 46.7889082], [8.0509621, 46.7894712], [8.0516982, 46.7901499], [8.0521924, 46.7904731], [8.0526409, 46.7906759], [8.0529434, 46.791037], [8.0534072, 46.7912644], [8.0535283, 46.7916398], [8.0538519, 46.7918782], [8.0542207, 46.7920081], [8.055021, 46.7924116], [8.0553395, 46.7927275], [8.0560911, 46.7929483], [8.0566889, 46.7942152], [8.0566086, 46.7946152], [8.0568429, 46.7949084], [8.0568499, 46.7954771], [8.0566348, 46.7960183], [8.0565347, 46.7964906], [8.0561619, 46.7968173], [8.0555763, 46.7968677], [8.0551286, 46.7972626], [8.0551754, 46.7975074], [8.0555472, 46.7979322], [8.0554204, 46.7983236], [8.0548834, 46.7986408], [8.0552429, 46.7988782], [8.0553001, 46.799165], [8.0583608, 46.8011102], [8.0585248, 46.800673], [8.0595968, 46.8010522], [8.0606906, 46.8016166], [8.0609938, 46.8028032], [8.061583, 46.8028927], [8.0638622, 46.8029819], [8.0640517, 46.8042996], [8.0645301, 46.8061064], [8.0642682, 46.8063755], [8.0642378, 46.8065609], [8.0642939, 46.8066942], [8.0642735, 46.8071681], [8.0644349, 46.8074009], [8.064402, 46.8078817], [8.064483, 46.8080646], [8.0641113, 46.8081344], [8.064174, 46.8084423], [8.0638344, 46.8088128], [8.0634959, 46.8093637], [8.0632824, 46.8097113], [8.0627862, 46.8103212], [8.0622833, 46.8110694], [8.0618076, 46.8115859], [8.0615098, 46.8120263], [8.0610422, 46.8125058], [8.0595738, 46.8144727], [8.059199, 46.8148151], [8.0589077, 46.8152524], [8.0583849, 46.8163016], [8.0578587, 46.8167041], [8.0571603, 46.817679], [8.0566142, 46.8181711], [8.0560332, 46.819284], [8.0561022, 46.8195219], [8.0553023, 46.8198943], [8.0553679, 46.8199469], [8.0551861, 46.8201182], [8.0549478, 46.8205554], [8.0546867, 46.8212619], [8.0537667, 46.8220156], [8.0533652, 46.8225485], [8.0528575, 46.8230712], [8.0524138, 46.8239318], [8.0515015, 46.8251835], [8.0504415, 46.8257793], [8.0470737, 46.8289574], [8.0467982, 46.8293952], [8.0477969, 46.8303209], [8.0477317, 46.8316247], [8.0471973, 46.8317769], [8.0465934, 46.8320338], [8.0460616, 46.8326465], [8.0455674, 46.8331133], [8.0450953, 46.8334406], [8.0447481, 46.8338067], [8.0443024, 46.8345027], [8.0434343, 46.8351738], [8.0431501, 46.8355388], [8.043069, 46.835792], [8.0424303, 46.836228], [8.0421959, 46.8364884], [8.0423122, 46.8365705], [8.0435902, 46.8392435], [8.0441809, 46.8401328], [8.0447093, 46.8414271], [8.0447921, 46.8423748], [8.045295, 46.8432591], [8.0455602, 46.8439908], [8.0457589, 46.8441787], [8.0465544, 46.8443787], [8.0480719, 46.844904], [8.0492867, 46.8449686], [8.049794, 46.8450801], [8.0505374, 46.8456573], [8.0507328, 46.8461195], [8.051691, 46.8465659], [8.0520524, 46.8473331], [8.054198, 46.8485315], [8.0550613, 46.8488093], [8.0559808, 46.8493036], [8.0560855, 46.8496269], [8.0559708, 46.8499227], [8.0559823, 46.8502364], [8.0562818, 46.8503967], [8.0569638, 46.850985], [8.0573216, 46.8515408], [8.0574533, 46.8519331], [8.0577207, 46.8522672], [8.0583181, 46.8526787], [8.0586632, 46.8531545], [8.0589391, 46.8534346], [8.0584609, 46.8536926], [8.058394, 46.8541527], [8.0580468, 46.8546322], [8.0578291, 46.8555437], [8.05735, 46.8558801], [8.0578549, 46.8562992], [8.0585038, 46.8569686], [8.058507, 46.8570743], [8.0582706, 46.8571341], [8.057807, 46.8571633], [8.0575809, 46.8573102], [8.0575141, 46.8574866], [8.0581654, 46.8575308], [8.058839, 46.8577242], [8.0591436, 46.8583244], [8.0595356, 46.8586533], [8.0604744, 46.858408], [8.0609709, 46.8583702], [8.0614879, 46.8580562], [8.0621069, 46.8579395], [8.0624719, 46.8582091], [8.0627707, 46.858866], [8.0637269, 46.8586584], [8.0644115, 46.8586645], [8.0649619, 46.8587389], [8.0656775, 46.8596039], [8.0659575, 46.8607853], [8.0661176, 46.8611389], [8.0664241, 46.8616652], [8.0672709, 46.8624216], [8.0665279, 46.8635951], [8.0661154, 46.8645527], [8.0662193, 46.8653626], [8.0660478, 46.8655021], [8.0661981, 46.8659097], [8.0657539, 46.8662791], [8.0659784, 46.8669742], [8.066959, 46.867271], [8.0677437, 46.8674107], [8.0687804, 46.8680212], [8.0696932, 46.8687961], [8.0698902, 46.8691539], [8.069959, 46.8697652], [8.0698917, 46.8701767], [8.0697101, 46.8707957], [8.069344, 46.8711198], [8.0691249, 46.8712289], [8.0696492, 46.8715319], [8.0701246, 46.8721401], [8.0703964, 46.8726081], [8.0715913, 46.8737188], [8.0710108, 46.8745496], [8.0706521, 46.8756175], [8.0702544, 46.8761585], [8.0701425, 46.8769067], [8.0704847, 46.8775615], [8.0702499, 46.8781232], [8.0701366, 46.8792033], [8.0701232, 46.8802972], [8.0708148, 46.8802079], [8.0710026, 46.8815608], [8.0701462, 46.8819217], [8.0693445, 46.8820296], [8.0692041, 46.8825845], [8.0688813, 46.8829173], [8.0684293, 46.8846497], [8.0675692, 46.8858256], [8.0669969, 46.8878276], [8.0688478, 46.8891254], [8.0696779, 46.8907688], [8.0698227, 46.89573], [8.0708409, 46.8961063], [8.071861, 46.8964466], [8.0724972, 46.8968362], [8.073126, 46.8971168], [8.0760031, 46.8971747], [8.0770099, 46.8974147], [8.0779976, 46.8973995], [8.0785372, 46.8976011], [8.079605, 46.8978717], [8.0804641, 46.8983573], [8.082592, 46.8991766], [8.0825995, 46.8995096], [8.08323, 46.8998846], [8.083289, 46.9001969], [8.0835722, 46.9003195], [8.0838676, 46.9015838], [8.0842688, 46.9023568], [8.0860965, 46.9042566], [8.0858952, 46.9061323], [8.0871296, 46.9068847], [8.089211, 46.9091935], [8.0917264, 46.9094405], [8.0935154, 46.910072], [8.0948072, 46.9111065], [8.0947803, 46.9120431], [8.0989404, 46.9103673], [8.1013351, 46.9089418], [8.1040077, 46.909114], [8.1067494, 46.9083785], [8.1086404, 46.9082641], [8.1063723, 46.9014417], [8.1064412, 46.9003254], [8.1064285, 46.8984439], [8.1072916, 46.8961443], [8.107602, 46.8948917], [8.1112818, 46.8927653], [8.1127379, 46.8937733], [8.1132456, 46.8949443], [8.1135925, 46.8957128], [8.1175163, 46.9018159], [8.117784, 46.9032189], [8.1198558, 46.9052258], [8.1203069, 46.9056627], [8.1211647, 46.906457], [8.121656, 46.9075858], [8.1224961, 46.9094698], [8.126388, 46.9134349], [8.1280783, 46.9144199], [8.1299886, 46.9172825], [8.1317369, 46.9192494], [8.1331858, 46.9201053], [8.133767, 46.9208444], [8.1339638, 46.9215365], [8.1344158, 46.921943], [8.1346522, 46.922255], [8.1355841, 46.9227899], [8.136847, 46.9226615], [8.13916, 46.9233365], [8.1398616, 46.9238574], [8.1403486, 46.9245214], [8.1408572, 46.9249994], [8.1410778, 46.9255696], [8.1431084, 46.9268795], [8.1435904, 46.9272381], [8.1442065, 46.927364], [8.1453622, 46.9276947], [8.1466565, 46.9285141], [8.1476034, 46.9294382], [8.1480098, 46.9296768], [8.1495454, 46.9298792], [8.1516876, 46.9309332], [8.1532146, 46.9322294], [8.1541016, 46.9329061], [8.1562329, 46.9334629], [8.1568629, 46.9333969], [8.1573911, 46.9337381], [8.1578702, 46.9342752], [8.1583531, 46.9350172], [8.1592238, 46.9358348], [8.1600196, 46.9357699], [8.1605778, 46.9359085], [8.1614708, 46.9362323], [8.1619532, 46.9364647], [8.1622326, 46.9368019], [8.1632251, 46.9372927], [8.1637458, 46.9376699], [8.1643563, 46.9385575], [8.1647376, 46.9388459], [8.1648412, 46.9396042], [8.1642725, 46.940352], [8.163147, 46.9420624], [8.1622473, 46.9430729], [8.1616856, 46.9436062], [8.1608241, 46.9434618], [8.1534885, 46.9499544], [8.1510929, 46.9528752], [8.1514693, 46.95581], [8.1513552, 46.9561401], [8.1512307, 46.9562189], [8.1508526, 46.9561003], [8.1504069, 46.9563163], [8.1505474, 46.9565701], [8.1505789, 46.9568388], [8.1500013, 46.9569299], [8.1502397, 46.9570255], [8.1502499, 46.9572721], [8.1500404, 46.9574214], [8.1500976, 46.9575261], [8.1504829, 46.9576605], [8.1506098, 46.9577712], [8.1506582, 46.9579109], [8.152008, 46.9583942], [8.1530488, 46.9587108], [8.1549011, 46.959051], [8.1555286, 46.9593939], [8.1555774, 46.9595623], [8.15512, 46.9597768], [8.154869, 46.9599551], [8.1547454, 46.9600943], [8.1548555, 46.9603355], [8.1550349, 46.9604067], [8.155734, 46.9604987], [8.1558697, 46.9607429], [8.1561176, 46.9606793], [8.1565948, 46.9609102], [8.1567876, 46.9612432], [8.1569488, 46.9613106], [8.1575003, 46.9610604], [8.1580656, 46.960797], [8.1589876, 46.9611316], [8.1595119, 46.9616249], [8.1610499, 46.9627513], [8.1622508, 46.9634845], [8.1636864, 46.9642498], [8.164422, 46.9646138], [8.1645307, 46.9646676], [8.1654505, 46.9647229], [8.1656826, 46.9647369], [8.1664915, 46.9649127], [8.1673626, 46.9652383], [8.1685109, 46.9652773], [8.1704947, 46.9659842], [8.1720433, 46.9665961], [8.1728265, 46.9666187], [8.1738076, 46.9671706], [8.1748224, 46.9672051], [8.1756887, 46.9679386], [8.1766635, 46.9684453], [8.1780497, 46.9687298], [8.1788949, 46.9685928], [8.1794844, 46.9686513], [8.1807148, 46.9686387], [8.1819167, 46.9685261], [8.1827887, 46.9693054], [8.1873321, 46.9717471], [8.1949781, 46.9686963], [8.1997946, 46.9674985], [8.2022414, 46.9669797], [8.2030205, 46.966931], [8.2065186, 46.9673791], [8.2089576, 46.9676044], [8.2140184, 46.9684229], [8.2161689, 46.9690841], [8.2186304, 46.969228], [8.2202502, 46.9694543], [8.2226367, 46.9692089], [8.2259661, 46.9690619], [8.2270263, 46.9692285], [8.2288919, 46.9700111], [8.2289269, 46.9706404], [8.22917, 46.9713227], [8.2297082, 46.9721496], [8.2288726, 46.9731468], [8.2272732, 46.9740356], [8.2269085, 46.974352], [8.2262699, 46.974563], [8.2261467, 46.9746901], [8.2259642, 46.9747317], [8.2258614, 46.9748459], [8.2254423, 46.9749667], [8.2251298, 46.974934], [8.2248607, 46.9750141], [8.2244876, 46.9752454], [8.2230522, 46.9757279], [8.2223378, 46.9764918], [8.2220656, 46.9768865], [8.2219158, 46.9772173], [8.2215587, 46.977448], [8.2210997, 46.9775554], [8.2206655, 46.9778347], [8.2205595, 46.977929], [8.2205047, 46.9783583], [8.2203629, 46.9785612], [8.2197997, 46.9787426], [8.2191045, 46.9791825], [8.2186142, 46.9798096], [8.2186164, 46.9799986], [8.2182441, 46.980743], [8.2183124, 46.9808166], [8.2182991, 46.9809557], [8.2180924, 46.9810946], [8.218626, 46.9815145], [8.2191953, 46.9817168], [8.2192697, 46.9819172], [8.2200557, 46.9826168], [8.2205903, 46.9828365], [8.2209887, 46.9831453], [8.2210498, 46.9834892], [8.2211994, 46.9837505], [8.2212834, 46.9841583], [8.2214108, 46.9843927], [8.2216277, 46.9845329], [8.2223197, 46.9852146], [8.2226215, 46.9855007], [8.222966, 46.9858974], [8.2234425, 46.9862558], [8.2234863, 46.9866452], [8.2236584, 46.9868885], [8.2238106, 46.9872647], [8.2240741, 46.9875217], [8.2247547, 46.9878855], [8.2248029, 46.987971], [8.2247416, 46.9883903], [8.2248446, 46.9885176], [8.225273, 46.9887184], [8.2260147, 46.9894182], [8.2265424, 46.9897437], [8.2267009, 46.9900167], [8.226813, 46.9904022], [8.2270492, 46.9906654], [8.2272475, 46.9910784], [8.2277025, 46.99152], [8.2279829, 46.9917106], [8.2280463, 46.99193], [8.2280597, 46.992616], [8.2310639, 46.9925613], [8.2336809, 46.992017], [8.2354657, 46.9910922], [8.2377075, 46.991832], [8.2386957, 46.9907816], [8.2393049, 46.9903514], [8.2394599, 46.9897242], [8.2395181, 46.9894889], [8.2401265, 46.9887891], [8.2412863, 46.9879598], [8.2420831, 46.98714], [8.243962, 46.9860157], [8.2483661, 46.9874329], [8.2483029, 46.9882129], [8.2503575, 46.9901149], [8.2515965, 46.9907624], [8.2534023, 46.9917504], [8.2539099, 46.9924164], [8.25443, 46.9927138], [8.2545886, 46.9928045], [8.2547579, 46.993721], [8.25525, 46.9941413], [8.2584292, 46.9953891], [8.2592325, 46.9958306], [8.2600341, 46.9962715], [8.2654893, 46.9981826], [8.2668235, 46.997952], [8.2678967, 46.9982017], [8.2699613, 46.9980948], [8.2713778, 46.9975239], [8.2730452, 46.997661], [8.273798, 46.9974398], [8.2779872, 46.9979791], [8.2789765, 46.9973257], [8.279283, 46.9968916], [8.2796382, 46.9966925], [8.2799542, 46.9962703], [8.280536, 46.9961614], [8.2810318, 46.9959458], [8.2813377, 46.9957103], [8.2837341, 46.9950564], [8.2841418, 46.9950215], [8.2846357, 46.9948955], [8.2852706, 46.9948786], [8.2865832, 46.99469], [8.2874856, 46.9946977], [8.2888549, 46.9945936], [8.2891973, 46.9950696], [8.2899293, 46.9954084], [8.2905338, 46.9958215], [8.2909433, 46.9959831], [8.2917685, 46.9958375], [8.2924918, 46.9958795], [8.2939722, 46.9962099], [8.2937884, 46.9969509], [8.29404, 46.9973858], [8.2943831, 46.9976097], [8.2946497, 46.9979199], [8.2946377, 46.9980695], [8.2947816, 46.998147], [8.2955939, 46.9982394], [8.2961187, 46.9980576], [8.296263, 46.9978754], [8.2964553, 46.9978125], [8.2966222, 46.9978577], [8.2969513, 46.9977982], [8.2978917, 46.9980886], [8.2982319, 46.9982716], [8.2983979, 46.9982456], [8.2985727, 46.9983073], [8.29882, 46.9982267], [8.2989654, 46.9982534], [8.2992191, 46.9981671], [8.299342, 46.9982236], [8.2996502, 46.9981543], [8.2999731, 46.9982787], [8.3001211, 46.9981362], [8.3004397, 46.9980553], [8.3005031, 46.9981148], [8.3019937, 46.9982417], [8.303198, 46.9984001], [8.305141, 46.9981088], [8.3052534, 46.9978684], [8.3057454, 46.9978796], [8.3059694, 46.9979695], [8.3063974, 46.9979968], [8.3069987, 46.9981772], [8.3077209, 46.9981223], [8.3081065, 46.9981605], [8.3088249, 46.9980712], [8.3092029, 46.9981269], [8.3095808, 46.9980811], [8.3101251, 46.9982595], [8.3106343, 46.9980715], [8.310657, 46.9980631], [8.3109324, 46.9981507], [8.31162, 46.9980329], [8.3116327, 46.99823], [8.3126002, 46.9984098], [8.3188426, 46.9995668], [8.3344451, 46.9890111], [8.368514, 47.0199538], [8.3837987, 47.0177149], [8.3846947, 47.0029207], [8.3841842, 47.00217], [8.3826893, 47.0013786], [8.382823, 47.0005463], [8.3855759, 46.9983199], [8.3860833, 46.9984937], [8.3862441, 46.9984775], [8.3871881, 46.9987154], [8.3879114, 46.9987939], [8.3886133, 46.9989917], [8.3888375, 46.9990142], [8.3903694, 46.9995815], [8.3910502, 46.9996929], [8.3918414, 46.9997317], [8.3934102, 47.000054], [8.3942602, 47.0000772], [8.3951282, 47.0004342], [8.3955138, 47.0006692], [8.3963428, 47.0008732], [8.3967361, 47.0007072], [8.3974575, 47.0006602], [8.3979566, 47.0003871], [8.3983547, 47.0003285], [8.3986348, 47.0002233], [8.3992144, 46.9999101], [8.399966, 46.9998393], [8.4002799, 46.9998207], [8.4006838, 46.9998907], [8.401239, 46.9998937], [8.4017251, 46.9997821], [8.4026096, 46.99996], [8.403068, 46.9999867], [8.4033519, 46.9998533], [8.4037818, 46.999818], [8.4039355, 46.99973], [8.4044515, 46.999775], [8.4053523, 47.0000701], [8.4055944, 47.0001956], [8.4066871, 46.9998074], [8.4072546, 46.9998912], [8.4075682, 46.9998404], [8.4082172, 46.9995755], [8.4092261, 46.9994448], [8.4097653, 46.9992509], [8.4102909, 46.9994525], [8.4106786, 46.9991712], [8.411375, 46.9989767], [8.4115373, 46.9988224], [8.4122217, 46.9987578], [8.4132015, 46.9983537], [8.4137577, 46.9982307], [8.4146122, 46.9982011], [8.4149325, 46.9982872], [8.4156194, 46.998383], [8.416922, 46.9984154], [8.4190628, 46.9982735], [8.4196795, 46.9983314], [8.420123, 46.9982581], [8.4213163, 46.9981727], [8.4217548, 46.9982456], [8.4223187, 46.9981945], [8.4224037, 46.9980063], [8.4230711, 46.9980163], [8.4245085, 46.9981533], [8.4246659, 46.9980986], [8.4251641, 46.9981449], [8.4260033, 46.9981425], [8.4269565, 46.9986369], [8.4274302, 46.9988007], [8.4271142, 46.9991545], [8.4267284, 46.9994448], [8.4269383, 46.9999151], [8.4269705, 47.0003364], [8.4269027, 47.0007497], [8.4269695, 47.0017044], [8.4267592, 47.0022504], [8.4279853, 47.0172075], [8.4584755, 47.0113326], [8.4690692, 47.0092892], [8.4681671, 46.9965235], [8.4736038, 46.9955475], [8.4739969, 46.9956011], [8.4741938, 46.9956529], [8.4744355, 46.9956869], [8.474544, 46.9956702], [8.4749655, 46.9958148], [8.4754386, 46.9959314], [8.4756962, 46.9959574], [8.4761009, 46.9960073], [8.4765276, 46.9960598], [8.4772966, 46.996138], [8.477752, 46.9961616], [8.4783665, 46.9961934], [8.4786374, 46.9962075], [8.4789632, 46.9962243], [8.4792457, 46.9962811], [8.4795938, 46.9963842], [8.4803599, 46.9964822], [8.4806972, 46.9964954], [8.4810409, 46.9965634], [8.4811585, 46.9966253], [8.4813883, 46.9967463], [8.48164, 46.9967467], [8.4820221, 46.9967475], [8.4821747, 46.9967478], [8.4828287, 46.9967491], [8.4831242, 46.9967496], [8.4862235, 46.9977505], [8.4869421, 46.9979826], [8.4877883, 46.9982558], [8.4889949, 46.9986454], [8.4907274, 46.9992047], [8.491125, 46.9992235], [8.4923561, 46.9992817], [8.4927814, 46.9994921], [8.4943592, 47.0002726], [8.4948784, 47.0005294], [8.4961037, 47.0006153], [8.4966066, 47.0006506], [8.4975893, 47.0007194], [8.4980765, 47.0006856], [8.4985869, 47.000728], [8.4988665, 47.000888], [8.4989288, 47.0009117], [8.4990091, 47.0009422], [8.4992916, 47.0008877], [8.4995483, 47.0008786], [8.500047, 47.0008806], [8.5004392, 47.0008822], [8.5007724, 47.0009077], [8.5015626, 47.0015549], [8.5022386, 47.0021085], [8.5027868, 47.0025574], [8.5030368, 47.0027621], [8.5032821, 47.002963], [8.5035119, 47.0031512], [8.5036021, 47.0031878], [8.5040289, 47.0033611], [8.5043211, 47.0034797], [8.5045149, 47.0036365], [8.5051425, 47.0038061], [8.5054742, 47.0037438], [8.5056803, 47.0037049], [8.5060883, 47.0039115], [8.5063953, 47.0040989], [8.5066631, 47.004118], [8.5070949, 47.0041487], [8.5073529, 47.0042092], [8.5075267, 47.0042499], [8.5076613, 47.0042815], [8.5080788, 47.0044397], [8.5083239, 47.0044536], [8.5085786, 47.004468], [8.5090498, 47.0044949], [8.5090628, 47.0047628], [8.5090726, 47.0049667], [8.5090745, 47.0050053], [8.5091403, 47.005118], [8.5093198, 47.005425], [8.5094385, 47.0054823], [8.5096293, 47.0055743], [8.5098274, 47.0056699], [8.5103396, 47.0059394], [8.5105669, 47.0060099], [8.5106644, 47.0060401], [8.5108234, 47.0060894], [8.5109058, 47.006115], [8.510924, 47.0061678], [8.5109551, 47.0062582], [8.510781, 47.0065681], [8.5105241, 47.0067702], [8.510552, 47.0069348], [8.5106504, 47.0071869], [8.5107069, 47.0073969], [8.5108073, 47.007771], [8.5109857, 47.0080503], [8.5112001, 47.0083861], [8.5112621, 47.0087554], [8.5113084, 47.0090315], [8.5116703, 47.0094318], [8.5117729, 47.0095453], [8.5123227, 47.0099485], [8.5124853, 47.0101864], [8.5124994, 47.0103865], [8.5126349, 47.010733], [8.5128497, 47.0112823], [8.51308, 47.0116418], [8.5132486, 47.011895], [8.5134123, 47.0121731], [8.5135475, 47.0125563], [8.5134948, 47.0128812], [8.5134847, 47.0132056], [8.5134813, 47.0139825], [8.5134496, 47.0144177], [8.5134554, 47.0149113], [8.5134768, 47.0154106], [8.5134797, 47.0157732], [8.5134589, 47.0161307], [8.5136842, 47.0167309], [8.5138473, 47.017125], [8.5139314, 47.0172839], [8.5140623, 47.0175316], [8.513949, 47.0179837], [8.5139392, 47.0183441], [8.5139523, 47.018879], [8.513943, 47.0193407], [8.513965, 47.0200521], [8.5138291, 47.0203933], [8.5136849, 47.0207323], [8.5137144, 47.0213027], [8.5135788, 47.0215427], [8.5134969, 47.0216876], [8.5131064, 47.0219168], [8.5123663, 47.0223511], [8.5116191, 47.0227896], [8.5111301, 47.0230766], [8.5108665, 47.0232611], [8.5105411, 47.0234236], [8.5101845, 47.0235466], [8.5098483, 47.0236075], [8.5091258, 47.0238173], [8.5086171, 47.0239831], [8.5080966, 47.0241271], [8.5065763, 47.0243595], [8.506212, 47.0244151], [8.5058326, 47.0244268], [8.5050263, 47.0244515], [8.5042841, 47.0243181], [8.5039098, 47.0243218], [8.5036579, 47.0241941], [8.5030789, 47.0241122], [8.5022593, 47.0241838], [8.5012531, 47.0243177], [8.5006102, 47.024686], [8.5001063, 47.0252737], [8.499803, 47.0257529], [8.4987137, 47.0270585], [8.4985161, 47.0272061], [8.4979122, 47.0273172], [8.4974189, 47.0277181], [8.4971216, 47.0284304], [8.4970168, 47.0286405], [8.496539, 47.0288418], [8.4951269, 47.0290331], [8.494431, 47.0291273], [8.4929691, 47.0302529], [8.4917283, 47.0312085], [8.4910113, 47.0315595], [8.4904478, 47.0318353], [8.4902167, 47.0323608], [8.4897442, 47.0334353], [8.4890752, 47.0338541], [8.4887174, 47.0341396], [8.4882349, 47.0344773], [8.4871006, 47.0348375], [8.4863069, 47.0350895], [8.4858608, 47.035598], [8.485149, 47.0364093], [8.4844411, 47.0372161], [8.4837814, 47.037968], [8.48292, 47.0384187], [8.4822909, 47.0386032], [8.4819648, 47.0386447], [8.4815989, 47.0386913], [8.4813072, 47.0388361], [8.4808112, 47.0390822], [8.4798486, 47.03956], [8.4788629, 47.0400492], [8.4787525, 47.0401465], [8.4785375, 47.0403266], [8.4780336, 47.0407487], [8.4751793, 47.0431327], [8.473952, 47.0441497], [8.473578, 47.0444595], [8.4733319, 47.0446634], [8.4730113, 47.0449291], [8.47277, 47.045129], [8.4699319, 47.0474805], [8.4690847, 47.0478791], [8.4689823, 47.0479274], [8.4686755, 47.0480718], [8.4683537, 47.0482232], [8.467822, 47.0481934], [8.4674922, 47.048175], [8.4668037, 47.0482539], [8.4664064, 47.0482995], [8.4653775, 47.0483362], [8.4649973, 47.0483996], [8.4648687, 47.0484211], [8.4618418, 47.050239], [8.4617711, 47.0502779], [8.4535487, 47.0552159], [8.449826, 47.0568571], [8.4471984, 47.0577212], [8.4459153, 47.0582659], [8.4444713, 47.0592567], [8.4452086, 47.059861], [8.4457724, 47.0602536], [8.4459843, 47.060349], [8.4413774, 47.0630894], [8.4394057, 47.0637353], [8.4390421, 47.0637096], [8.4385832, 47.0635887], [8.4379991, 47.0636435], [8.4376733, 47.0637891], [8.4374035, 47.0635892], [8.4370954, 47.0636568], [8.4368785, 47.0636152], [8.4368243, 47.0635333], [8.4366253, 47.063525], [8.4363891, 47.063453], [8.436129, 47.0635983], [8.4360417, 47.0635964], [8.4359935, 47.0637231], [8.435775, 47.0638508], [8.4355007, 47.0638607], [8.4352327, 47.0640021], [8.4346097, 47.0638791], [8.4342761, 47.0639441], [8.4340698, 47.0639255], [8.4338703, 47.0641458], [8.4336743, 47.064272], [8.4336455, 47.0644377], [8.4335718, 47.0645135], [8.4337051, 47.064647], [8.433633, 47.0648158], [8.4332581, 47.0649555], [8.4328479, 47.0650212], [8.4326859, 47.0651419], [8.4323984, 47.0651987], [8.4319429, 47.0654767], [8.4313967, 47.0655125], [8.4308283, 47.0653857], [8.4302331, 47.0654209], [8.4004708, 47.0596802], [8.4004125, 47.05967], [8.399231, 47.0594509], [8.398154, 47.0599726], [8.3922356, 47.0608101], [8.3905144, 47.0613294], [8.3905426, 47.0621045], [8.3907501, 47.0623714], [8.3904482, 47.0627664], [8.3903017, 47.0628521], [8.3900812, 47.0633849], [8.3901132, 47.0637265], [8.3899923, 47.0642364], [8.3900011, 47.0647705], [8.3898522, 47.065233], [8.3897761, 47.0657434], [8.3897769, 47.0662736], [8.389477, 47.0674012], [8.3895731, 47.0677415], [8.3894339, 47.0680845], [8.3894068, 47.0681456], [8.389168, 47.0686918], [8.3890112, 47.0694679], [8.3887412, 47.0697438], [8.3889122, 47.070384], [8.389149, 47.0706787], [8.3891698, 47.070681], [8.3895474, 47.0707238], [8.3901097, 47.0709758], [8.3907963, 47.071316], [8.3911236, 47.0715851], [8.3915293, 47.0717166], [8.3922508, 47.0721102], [8.3927536, 47.0722853], [8.3948176, 47.0727079], [8.3952453, 47.07318], [8.3954952, 47.0733775], [8.3957303, 47.0738921], [8.3967733, 47.0744045], [8.3970395, 47.0744763], [8.3972694, 47.0746061], [8.3975743, 47.0749255], [8.3982208, 47.0752872], [8.3996203, 47.0752952], [8.3998241, 47.0753386], [8.4000545, 47.0754618], [8.4001493, 47.0755953], [8.4009867, 47.0761054], [8.4013344, 47.0762126], [8.4054274, 47.0785563], [8.4062116, 47.078895], [8.4064743, 47.0789001], [8.4065733, 47.0790761], [8.4070822, 47.0795488], [8.4071675, 47.0799499], [8.4070756, 47.080241], [8.4070863, 47.0807244], [8.4079525, 47.0813302], [8.4080959, 47.0812056], [8.4083559, 47.081345], [8.408568, 47.0817064], [8.408445, 47.0818794], [8.4088543, 47.082157], [8.4090573, 47.0823693], [8.4087868, 47.0825292], [8.4087857, 47.0826846], [8.408841, 47.0828116], [8.4091452, 47.083081], [8.409322, 47.0835199], [8.4091161, 47.0838647], [8.4092023, 47.0844663], [8.4091486, 47.0846971], [8.4092748, 47.0848267], [8.4098718, 47.0850315], [8.410202, 47.0854], [8.410578, 47.0856984], [8.4106777, 47.0859397], [8.410161, 47.086562], [8.4100446, 47.0865595], [8.4096848, 47.0885177], [8.4091295, 47.0889091], [8.4095701, 47.0893347], [8.4094992, 47.0895251], [8.4101381, 47.0907865], [8.4098354, 47.0908269], [8.4097236, 47.0911131], [8.4094604, 47.0913627], [8.4094967, 47.0917199], [8.4092349, 47.0918599], [8.4093927, 47.09223], [8.40939, 47.0927128], [8.4098008, 47.0930921], [8.4098843, 47.0933376], [8.4100135, 47.0935014], [8.4121514, 47.0948136], [8.4136141, 47.0955443], [8.41468, 47.0963026], [8.4152431, 47.0970386], [8.4160388, 47.0976775], [8.4164296, 47.0979177], [8.4173392, 47.0991021], [8.4177982, 47.0994656], [8.4186806, 47.1003894], [8.4205717, 47.1017931], [8.4207156, 47.1018814], [8.4208489, 47.1019632], [8.4212671, 47.1019732], [8.421654, 47.1022665], [8.4218451, 47.102511], [8.4220673, 47.102555], [8.4222681, 47.1027663], [8.4225939, 47.1029871], [8.4234971, 47.1033212], [8.4236861, 47.1035058], [8.4242279, 47.1038224], [8.4256574, 47.1040996], [8.4258899, 47.104262], [8.4261879, 47.1043037], [8.4263399, 47.1044326], [8.4265754, 47.104418], [8.4268645, 47.1044716], [8.4272214, 47.1044373], [8.4275216, 47.1045401], [8.4277881, 47.1045349], [8.4283697, 47.1047272], [8.4289894, 47.1051245], [8.4292015, 47.1050263], [8.429555, 47.1049881], [8.4297373, 47.1051785], [8.4304898, 47.1053318], [8.4305636, 47.1053969], [8.4311261, 47.1054321], [8.4315048, 47.105779], [8.4317005, 47.1057186], [8.4322237, 47.1058364], [8.4325099, 47.1057077], [8.432762, 47.1059195], [8.432512, 47.1060604], [8.4325612, 47.1060881], [8.433089, 47.1060545], [8.4332497, 47.10588], [8.4335192, 47.1058778], [8.433535, 47.1057572], [8.4337124, 47.1057373], [8.4337197, 47.1059296], [8.4340918, 47.1058631], [8.4342866, 47.1060937], [8.4347851, 47.1061284], [8.4349757, 47.1060266], [8.4350598, 47.10609], [8.4350751, 47.1063332], [8.4353095, 47.1064976], [8.4355745, 47.1063682], [8.4359743, 47.1064176], [8.4359566, 47.1065485], [8.4361544, 47.1065144], [8.4363282, 47.1062576], [8.4367054, 47.1062981], [8.4369581, 47.1061542], [8.4373583, 47.1062584], [8.4373733, 47.1064143], [8.4372555, 47.1066444], [8.43773, 47.1067133], [8.4375473, 47.1069259], [8.4373263, 47.106986], [8.43736, 47.107084], [8.4371041, 47.1071457], [8.4372336, 47.1072582], [8.4371244, 47.107376], [8.4368542, 47.107363], [8.4367651, 47.1076112], [8.4370332, 47.1079446], [8.4369172, 47.1080703], [8.4370964, 47.1084384], [8.4371418, 47.1089346], [8.43749, 47.1093127], [8.4379236, 47.1095561], [8.4383014, 47.1094899], [8.4387884, 47.1099647], [8.4389198, 47.1099538], [8.4390455, 47.1098147], [8.4391202, 47.1098186], [8.4392981, 47.1100833], [8.4396315, 47.1101465], [8.4399559, 47.1103283], [8.4399699, 47.1106724], [8.440031, 47.1106944], [8.4401751, 47.1106283], [8.4403986, 47.1106139], [8.4404126, 47.1107365], [8.4405072, 47.1107671], [8.4409308, 47.1106066], [8.4410817, 47.1108008], [8.4414704, 47.1109555], [8.4417739, 47.1112092], [8.4419116, 47.1114256], [8.4427536, 47.1114292], [8.4427544, 47.1115524], [8.4428831, 47.1116307], [8.4431988, 47.1115761], [8.4434683, 47.1114437], [8.4449168, 47.1114587], [8.4455961, 47.1112463], [8.4457361, 47.111284], [8.4460034, 47.1112724], [8.4473673, 47.1110685], [8.4476766, 47.1110816], [8.4476593, 47.1111772], [8.4477216, 47.1111457], [8.4482875, 47.1112026], [8.4486142, 47.1113686], [8.4492983, 47.1133747], [8.4499974, 47.1144263], [8.4530696, 47.1139702], [8.4548013, 47.113411], [8.4553741, 47.1134055], [8.4553724, 47.1133421], [8.456892, 47.1128851], [8.4572585, 47.1124189], [8.4580983, 47.1126154], [8.4592364, 47.1130859], [8.4596125, 47.1127046], [8.4598457, 47.1119325], [8.4612094, 47.1121825], [8.4613025, 47.1120333], [8.4615622, 47.1121048], [8.4614384, 47.111393], [8.462277, 47.111379], [8.462311, 47.1113396], [8.4627712, 47.1113217], [8.4638947, 47.1111329], [8.4643386, 47.110968], [8.4648405, 47.1110106], [8.4655095, 47.1112944], [8.4657313, 47.1112862], [8.466338, 47.1113753], [8.4672276, 47.1116506], [8.4680311, 47.1119669], [8.4691903, 47.1122625], [8.4705884, 47.1127776], [8.4708156, 47.1120973], [8.4711156, 47.1121178], [8.4711941, 47.1116919], [8.4715763, 47.1118025], [8.472102, 47.1118553], [8.4725734, 47.111971], [8.4731034, 47.112233], [8.4734024, 47.1122706], [8.4736566, 47.1122092], [8.4753429, 47.1113683], [8.4754193, 47.1108605], [8.4752561, 47.1099759], [8.4753818, 47.1079905], [8.4755599, 47.1075938], [8.4759954, 47.1071019], [8.4760538, 47.106934], [8.4760181, 47.1067541], [8.4760871, 47.1065789], [8.4762604, 47.1061387], [8.4930444, 47.1001815], [8.4937326, 47.1137326], [8.4932472, 47.1141902], [8.4803717, 47.1263276], [8.4669979, 47.1188444], [8.4671363, 47.1188044], [8.4673179, 47.1188544], [8.4674611, 47.1188369], [8.467596, 47.1187995], [8.4675906, 47.1186828], [8.4675027, 47.1186075], [8.4673541, 47.1185717], [8.4673517, 47.1185696], [8.4671438, 47.118569], [8.4670067, 47.1185346], [8.4668597, 47.1184452], [8.4667382, 47.1183187], [8.4666388, 47.1180005], [8.4666353, 47.1179944], [8.4662992, 47.1180879], [8.4661569, 47.118089], [8.4660702, 47.118038], [8.4660661, 47.1176604], [8.4662678, 47.1174887], [8.4659269, 47.1172839], [8.4658539, 47.1170652], [8.4655656, 47.1170914], [8.4653376, 47.117005], [8.4647952, 47.1170272], [8.4647502, 47.1167998], [8.4645185, 47.1168837], [8.4642605, 47.1168433], [8.4632931, 47.1165874], [8.4631415, 47.1165504], [8.463037, 47.1165405], [8.4629358, 47.1165222], [8.4622771, 47.1164322], [8.4621497, 47.1164024], [8.4607508, 47.1160922], [8.4603939, 47.1159839], [8.4599001, 47.1157659], [8.4556084, 47.1134465], [8.4548811, 47.1134552], [8.454106, 47.1136967], [8.4540707, 47.1139649], [8.4539983, 47.1141474], [8.4538407, 47.1148371], [8.4534239, 47.1158537], [8.4535591, 47.1159433], [8.4533344, 47.1168274], [8.452637, 47.1183526], [8.4522108, 47.1196745], [8.4519356, 47.1199852], [8.4517506, 47.120551], [8.4517789, 47.1207428], [8.4517027, 47.1210416], [8.4515473, 47.1210284], [8.451554, 47.1215913], [8.4511312, 47.1235009], [8.4510117, 47.1234936], [8.4507765, 47.1251988], [8.4498558, 47.1295631], [8.4494432, 47.1309613], [8.4495616, 47.1309709], [8.4495527, 47.1310114], [8.4492548, 47.1309765], [8.4491214, 47.130904], [8.447485, 47.1293047], [8.4471777, 47.1295457], [8.445424, 47.1288464], [8.4453441, 47.1288728], [8.4453161, 47.128927], [8.4453134, 47.1289297], [8.445151, 47.1290887], [8.4447469, 47.1291707], [8.4434676, 47.129389], [8.4420727, 47.1294956], [8.4416092, 47.1294735], [8.4415385, 47.1293154], [8.4411543, 47.129272], [8.4413387, 47.1285686], [8.4410474, 47.1283902], [8.4401301, 47.127989], [8.4386479, 47.1270175], [8.4344256, 47.1249893], [8.4321225, 47.1246056], [8.4319334, 47.1247398], [8.4310931, 47.1242627], [8.4317669, 47.1238421], [8.4314342, 47.1237628], [8.4303946, 47.1233201], [8.4294427, 47.1238647], [8.4290079, 47.1239209], [8.4287501, 47.1241921], [8.4276485, 47.1235669], [8.4275519, 47.1235571], [8.4270153, 47.1232628], [8.4266891, 47.1236026], [8.426082, 47.1236583], [8.4248186, 47.1236515], [8.4246462, 47.1234274], [8.4247192, 47.1229127], [8.4237601, 47.1225655], [8.4236219, 47.1230742], [8.4234135, 47.1235137], [8.4228146, 47.1232309], [8.4222924, 47.123351], [8.422078, 47.1234563], [8.4217803, 47.1232332], [8.4203161, 47.1226289], [8.420071, 47.12278], [8.4189852, 47.1234489], [8.4186757, 47.1233936], [8.4185407, 47.1236078], [8.4183202, 47.123675], [8.4176968, 47.1231615], [8.4180167, 47.1227961], [8.4178384, 47.1223896], [8.4169251, 47.12313], [8.4162989, 47.1238286], [8.4153943, 47.1244154], [8.4148359, 47.1252998], [8.4143459, 47.1261892], [8.4143252, 47.1265605], [8.4147392, 47.1275277], [8.4156792, 47.1281264], [8.4167591, 47.1305576], [8.4155027, 47.1307251], [8.4151697, 47.1314996], [8.4153958, 47.131774], [8.415591, 47.1322058], [8.4160037, 47.13256], [8.4161425, 47.1331066], [8.4158524, 47.1336381], [8.4152279, 47.135584], [8.4134687, 47.1382001], [8.4133985, 47.1383489], [8.4131036, 47.1389742], [8.4122057, 47.1405668], [8.411982, 47.14037], [8.411443, 47.1399464], [8.4108282, 47.1395567], [8.4088779, 47.1385827], [8.4080405, 47.1382776], [8.406418, 47.1378577], [8.4052906, 47.1374801], [8.4041957, 47.1382291], [8.3981734, 47.138031], [8.3975875, 47.1378595], [8.3963545, 47.138789], [8.3960239, 47.138669], [8.3959939, 47.138992], [8.3934006, 47.138465], [8.3934199, 47.1385054], [8.3899662, 47.1397673], [8.3895866, 47.1395101], [8.3895542, 47.1394214], [8.3893281, 47.1393392], [8.389087, 47.1393436], [8.3886416, 47.139482], [8.3883372, 47.1394603], [8.3875436, 47.1396544], [8.3870194, 47.1396873], [8.386438, 47.1399189], [8.3860238, 47.1399994], [8.3856048, 47.1399899], [8.3854059, 47.1398884], [8.385299, 47.1399199], [8.3846553, 47.1397946], [8.3841941, 47.1398322], [8.3840341, 47.1397715], [8.3834742, 47.1399106], [8.383032, 47.1399191], [8.3827365, 47.1400335], [8.3822014, 47.1400021], [8.3820162, 47.1399405], [8.3819268, 47.1398313], [8.3817795, 47.1398232], [8.3816238, 47.1396659], [8.3813273, 47.1395553], [8.3810979, 47.1395464], [8.3807386, 47.1394483], [8.3806173, 47.1393461], [8.3801388, 47.1392346], [8.3797202, 47.1394477], [8.3794876, 47.1394789], [8.3790741, 47.1393121], [8.3789534, 47.1393053], [8.3787785, 47.1394496], [8.3786897, 47.1396114], [8.3783369, 47.1396972], [8.3778573, 47.1396861], [8.3773069, 47.1394452], [8.3760816, 47.1392545], [8.3759397, 47.1410181], [8.3754689, 47.1415676], [8.3753037, 47.1419982], [8.3749068, 47.1426056], [8.3748534, 47.142959], [8.3748303, 47.1430493], [8.3742735, 47.1430508], [8.373975, 47.1430674], [8.3735376, 47.1432015], [8.3734302, 47.1432344], [8.3732632, 47.1432691], [8.372111, 47.143509], [8.3702758, 47.1438914], [8.3700977, 47.1439285], [8.3690946, 47.1441371], [8.3683882, 47.1442839], [8.3683275, 47.1446684], [8.3681826, 47.1447132], [8.3680178, 47.1448357], [8.3678367, 47.1449152], [8.3676704, 47.1449712], [8.3674594, 47.1450483], [8.3673353, 47.1450722], [8.3672283, 47.1450565], [8.3670587, 47.1450479], [8.3668012, 47.1449714], [8.3667897, 47.1449659], [8.3666471, 47.1448969], [8.3664988, 47.1448583], [8.3663559, 47.1448066], [8.3662566, 47.1448495], [8.3661149, 47.1448849], [8.3659199, 47.1449622], [8.3655959, 47.1450958], [8.3653862, 47.145155], [8.3652946, 47.1452032], [8.3651218, 47.145337], [8.3648141, 47.1454611], [8.3645506, 47.145599], [8.3643798, 47.1457308], [8.3641568, 47.1458469], [8.3640426, 47.1458752], [8.364032, 47.1459459], [8.3638546, 47.1459569], [8.3637116, 47.1459538], [8.3636839, 47.1459532], [8.3636443, 47.1459518], [8.3636272, 47.1459511], [8.3636236, 47.1459491], [8.3635926, 47.1459327], [8.3635178, 47.1458774], [8.3634559, 47.1458191], [8.3632383, 47.1458188], [8.363154, 47.1458172], [8.3630821, 47.1458447], [8.3630293, 47.1458608], [8.3629917, 47.1458889], [8.3629075, 47.1459047], [8.3627569, 47.1458983], [8.3627015, 47.1459311], [8.3625992, 47.1459757], [8.3625667, 47.1459646], [8.3623439, 47.14602], [8.3622641, 47.1460542], [8.3621789, 47.1460979], [8.3621682, 47.1461112], [8.3620983, 47.1466246], [8.3618936, 47.1473617], [8.3617989, 47.1477028], [8.3616882, 47.1481014], [8.3614935, 47.1488024], [8.3613885, 47.1493765], [8.3612695, 47.1500269], [8.3611904, 47.150459], [8.3611792, 47.1505202], [8.3611436, 47.1507151], [8.3608393, 47.1518018], [8.3607198, 47.1522301], [8.360647, 47.1522643], [8.3609154, 47.1525238], [8.3605599, 47.1527598], [8.3602361, 47.1529739], [8.3599692, 47.1531912], [8.3598436, 47.1533276], [8.3590838, 47.1533061], [8.358364, 47.1532859], [8.3581776, 47.1547617], [8.3581355, 47.1553753], [8.3581042, 47.1558324], [8.3580982, 47.1559196], [8.3583654, 47.1566164], [8.358117, 47.1567903], [8.3576543, 47.157128], [8.3575148, 47.1572424], [8.3572492, 47.1574114], [8.3570592, 47.1575301], [8.3568912, 47.1576697], [8.3567944, 47.1577309], [8.356596, 47.1578311], [8.3562885, 47.1579922], [8.3560977, 47.1580962], [8.3557414, 47.1582944], [8.3553784, 47.1585081], [8.3551701, 47.1586408], [8.3550883, 47.1587816], [8.3549966, 47.1589704], [8.3550039, 47.1589724], [8.35479, 47.1593042], [8.3547816, 47.1594808], [8.3546897, 47.1596697], [8.3545591, 47.1598403], [8.3544289, 47.1599625], [8.3542013, 47.1602071], [8.354118, 47.1603998], [8.3537351, 47.160679], [8.3536308, 47.1608024], [8.3535419, 47.1609627], [8.3533951, 47.1610776], [8.3526432, 47.1618596], [8.3519253, 47.162597], [8.3516074, 47.1628844], [8.3507107, 47.1634443], [8.3504403, 47.1635615], [8.350179, 47.1636972], [8.3494603, 47.1641609], [8.349347, 47.1640565], [8.3481874, 47.1643467], [8.3476161, 47.1645476], [8.3480527, 47.164929], [8.3478256, 47.1651385], [8.348468, 47.1655085], [8.3484029, 47.165557], [8.3491227, 47.1660084], [8.3480329, 47.1670534], [8.3475251, 47.1675345], [8.3475242, 47.1675199], [8.3474465, 47.1675479], [8.3474077, 47.1675601], [8.3473499, 47.1675856], [8.3471426, 47.1676312], [8.3469946, 47.1676219], [8.3469237, 47.167649], [8.3468809, 47.1676518], [8.346662, 47.167679], [8.3466214, 47.1676708], [8.3465513, 47.1676621], [8.346506, 47.1676592], [8.347353, 47.1683999], [8.3471176, 47.1685084], [8.3468866, 47.1686258], [8.3463999, 47.1688093], [8.3460468, 47.1689711], [8.3462858, 47.1694102], [8.346458, 47.1699733], [8.3463999, 47.1699807], [8.3458878, 47.1701339], [8.3456754, 47.1703015], [8.345541, 47.1704205], [8.3453639, 47.1705571], [8.3448913, 47.1710094], [8.3446955, 47.1712551], [8.3445157, 47.1714585], [8.3443282, 47.1715349], [8.3441914, 47.172088], [8.3441797, 47.1723518], [8.3441584, 47.172621], [8.3441059, 47.172826], [8.344078, 47.1730165], [8.3437806, 47.1731148], [8.343551, 47.1732192], [8.3430956, 47.1733959], [8.3427695, 47.1735121], [8.3424463, 47.1735825], [8.3417123, 47.1736475], [8.3409495, 47.1737653], [8.3412326, 47.1741408], [8.3412439, 47.1745576], [8.3413187, 47.1748062], [8.3412907, 47.1751361], [8.3406334, 47.1754691], [8.3405275, 47.1755339], [8.3404319, 47.1756711], [8.3403066, 47.1757802], [8.33984, 47.1761128], [8.3395544, 47.1763794], [8.3394725, 47.1765399], [8.3394318, 47.1767311], [8.33926, 47.1771133], [8.3389852, 47.1774762], [8.3388598, 47.1779399], [8.3386725, 47.1782677], [8.3387062, 47.1786399], [8.33869, 47.179281], [8.3388062, 47.1798095], [8.3388579, 47.1801818], [8.3386273, 47.1805878], [8.3384278, 47.1808337], [8.3384728, 47.1810542], [8.3387827, 47.1814683], [8.3389621, 47.1816975], [8.3385716, 47.1818481], [8.3387887, 47.1820708], [8.3387198, 47.182463], [8.3382818, 47.1831624], [8.3384927, 47.183596], [8.3379844, 47.1840301], [8.3384567, 47.1845717], [8.3392718, 47.1842518], [8.3395577, 47.1845478], [8.3398359, 47.1848721], [8.3395631, 47.1850517], [8.3396575, 47.1856622], [8.3397127, 47.1859662], [8.3396919, 47.1861392], [8.3395934, 47.1863314], [8.3390792, 47.1862208], [8.3385795, 47.1860658], [8.3381933, 47.1862125], [8.33812, 47.1862795], [8.3382857, 47.1872073], [8.3380733, 47.1875744], [8.3382214, 47.1878614], [8.3379749, 47.1881017], [8.3380464, 47.1883152], [8.3382111, 47.1885836], [8.3376591, 47.1892407], [8.337125, 47.189784], [8.3366558, 47.1902293], [8.3363955, 47.1905294], [8.3358475, 47.1910152], [8.3354926, 47.1912651], [8.3350677, 47.1916438], [8.3344067, 47.1920954], [8.333831, 47.1924034], [8.3331569, 47.1936269], [8.3329526, 47.1938882], [8.3324433, 47.1944989], [8.3321901, 47.1948661], [8.3320865, 47.1950996], [8.3319507, 47.1952928], [8.3315851, 47.1957149], [8.3313758, 47.1959773], [8.3311208, 47.1962505], [8.3308617, 47.1965749], [8.3306628, 47.1969699], [8.3306138, 47.1971149], [8.3304473, 47.1973535], [8.3302786, 47.1976862], [8.3301114, 47.1980348], [8.3298582, 47.1985247], [8.3299085, 47.1989817], [8.3299942, 47.1994825], [8.3300995, 47.2003356], [8.330152, 47.2006397], [8.3301511, 47.2010482], [8.3301793, 47.2013326], [8.3301801, 47.2014818], [8.330178, 47.2016398], [8.3300889, 47.2023409], [8.3300903, 47.2023465], [8.329526, 47.2035235], [8.3285224, 47.2044051], [8.328225, 47.205338], [8.328082, 47.2055963], [8.3280229, 47.2062199], [8.3282653, 47.2062213], [8.3282282, 47.2064535], [8.3282959, 47.2066495], [8.3286917, 47.2072729], [8.3287565, 47.2075664], [8.3288018, 47.20788], [8.3287087, 47.2081331], [8.3284665, 47.2081626], [8.3282057, 47.2082785], [8.3280371, 47.2084297], [8.3274716, 47.2084663], [8.3273901, 47.2088808], [8.3273233, 47.2091817], [8.3271871, 47.209453], [8.3272081, 47.2097472], [8.3274435, 47.2102376], [8.3274288, 47.2104819], [8.3273316, 47.2107902], [8.3273094, 47.2107909], [8.3272239, 47.2107588], [8.3271892, 47.2107612], [8.3271262, 47.2107849], [8.3270718, 47.2107997], [8.3270274, 47.2108001], [8.3269773, 47.2107789], [8.3269318, 47.210782], [8.3268669, 47.2108175], [8.3267729, 47.2108232], [8.3267211, 47.2108316], [8.3266893, 47.2108551], [8.3266132, 47.2109538], [8.3265358, 47.2110072], [8.3264292, 47.2110352], [8.3260419, 47.2121838], [8.325621, 47.2134737], [8.3252037, 47.2147123], [8.3203952, 47.2154998], [8.3194623, 47.2156185], [8.3193388, 47.2161116], [8.3192314, 47.2163749], [8.318974, 47.2167053], [8.3187518, 47.2170435], [8.3188276, 47.2171571], [8.3189104, 47.21725], [8.319449, 47.2175643], [8.3197095, 47.2177444], [8.3199145, 47.2179986], [8.3198977, 47.2182274], [8.3201479, 47.2186222], [8.3201649, 47.2189039], [8.3201569, 47.2191382], [8.3200485, 47.2194393], [8.3200324, 47.2196775], [8.3200969, 47.2198927], [8.3203582, 47.220137], [8.3202332, 47.2203443], [8.3202569, 47.2205979], [8.320382, 47.2208135], [8.320715, 47.2211258], [8.3209275, 47.2211301], [8.3207277, 47.2218331], [8.3204452, 47.2220232], [8.3202745, 47.2222309], [8.3199366, 47.2222814], [8.3193683, 47.2225544], [8.3184915, 47.2234178], [8.3184486, 47.22346], [8.3180821, 47.223549], [8.3181117, 47.2238471], [8.3180339, 47.2241908], [8.3179595, 47.2245907], [8.3173937, 47.2247464], [8.3170008, 47.2249767], [8.3170862, 47.2256586], [8.3171172, 47.226116], [8.3170961, 47.2264445], [8.3171986, 47.2267392], [8.3169988, 47.2268994], [8.3169504, 47.2269808], [8.3167769, 47.2275919], [8.3165624, 47.2284148], [8.3162238, 47.2289765], [8.3157558, 47.2293453], [8.3153541, 47.2306946], [8.3154128, 47.2307069], [8.3152806, 47.2329572], [8.3141724, 47.2350754], [8.3141621, 47.2353692], [8.3141356, 47.2355065], [8.3140566, 47.2357718], [8.3139355, 47.2363387], [8.3139265, 47.2366108], [8.3139462, 47.2370734], [8.3139599, 47.2372676], [8.3140322, 47.2374712], [8.3141608, 47.2376294], [8.3143127, 47.2378636], [8.3144034, 47.237969], [8.31462, 47.2381661], [8.3146581, 47.2383857], [8.3146556, 47.2384885], [8.3146338, 47.2386098], [8.3147014, 47.2389005], [8.314767, 47.2390526], [8.3148258, 47.2392055], [8.3147665, 47.2394814], [8.3147352, 47.2396988], [8.3148347, 47.2397299], [8.3147056, 47.2400641], [8.3144034, 47.2404306], [8.3138557, 47.2410316], [8.3132704, 47.2421178], [8.3130554, 47.2425349], [8.312934, 47.2428687], [8.3125602, 47.2434894], [8.3123498, 47.2438774], [8.31214, 47.2443087], [8.3119836, 47.2447331], [8.3118819, 47.2450456], [8.3117255, 47.245456], [8.3116789, 47.2455038], [8.3114287, 47.2457225], [8.3109941, 47.2460562], [8.3105315, 47.2463442], [8.3103252, 47.2465137], [8.3102424, 47.2466677], [8.3100585, 47.2470341], [8.3097602, 47.2473652], [8.3095348, 47.2476494], [8.3093726, 47.2478445], [8.3089258, 47.2483596], [8.3084993, 47.2488616], [8.3083259, 47.2490944], [8.30816, 47.249287], [8.3076549, 47.2497506], [8.307168, 47.2502789], [8.3066609, 47.2507531], [8.3066086, 47.2507844], [8.3057473, 47.2515924], [8.3048616, 47.252393], [8.3042246, 47.2520993], [8.3032725, 47.251637], [8.3032083, 47.2516722], [8.30287, 47.2519281], [8.3027153, 47.2520372], [8.3017043, 47.2525462], [8.3011512, 47.2522635], [8.3007695, 47.2527481], [8.3006176, 47.2531353], [8.300407, 47.2534628], [8.3000335, 47.2537895], [8.2999095, 47.2539366], [8.2998701, 47.2540389], [8.299763, 47.2542635], [8.2996064, 47.2547178], [8.2994479, 47.2549953], [8.2990539, 47.255481], [8.298526, 47.2561331], [8.2982765, 47.2563503], [8.2984265, 47.2565652], [8.2981412, 47.2568339], [8.2976782, 47.2570853], [8.297479, 47.2573291], [8.2971856, 47.2574677], [8.2971083, 47.2577898], [8.2968743, 47.2580403], [8.2966707, 47.258318], [8.2965037, 47.2585932], [8.2964555, 47.2589877], [8.2961465, 47.2592522], [8.2960306, 47.2594133], [8.2960052, 47.2597073], [8.2960956, 47.2599176], [8.2960645, 47.2600516], [8.296123, 47.2604206], [8.2960028, 47.2605716], [8.2960026, 47.2608137], [8.2958668, 47.2609346], [8.2959092, 47.2610917], [8.2957614, 47.2612601], [8.295776, 47.2615486], [8.2956658, 47.2619501], [8.2956119, 47.2624085], [8.2955493, 47.2627123], [8.2954125, 47.2629867], [8.2953667, 47.2631638], [8.2953643, 47.2632317], [8.2953507, 47.2632517], [8.2953413, 47.2634762], [8.2953159, 47.2635664], [8.295279, 47.2636375], [8.2950376, 47.2637771], [8.2949928, 47.2637777], [8.2948004, 47.2638839], [8.2947929, 47.2639562], [8.2947721, 47.2639931], [8.2948089, 47.2640372], [8.2947693, 47.2641736], [8.2947219, 47.264257], [8.2947241, 47.2643036], [8.2946783, 47.2643187], [8.2945934, 47.2645422], [8.294511, 47.26476], [8.2945199, 47.2649483], [8.2944772, 47.2650713], [8.2945051, 47.2651549], [8.294563, 47.2652549], [8.294541, 47.2652897], [8.2944444, 47.265389], [8.2944456, 47.2655724], [8.294535, 47.2656646], [8.2945389, 47.2657416], [8.2945765, 47.2658289], [8.2946394, 47.265907], [8.2946383, 47.266003], [8.2947334, 47.2660592], [8.2948127, 47.2661395], [8.2949971, 47.2662574], [8.2950315, 47.2662884], [8.2950051, 47.2663731], [8.2950814, 47.2664188], [8.2951871, 47.266421], [8.2952149, 47.2664771], [8.2953498, 47.2665517], [8.2953262, 47.2666282], [8.2954624, 47.266729], [8.2955342, 47.2667653], [8.2954427, 47.2668073], [8.2954949, 47.2669135], [8.2955908, 47.2669881], [8.2956036, 47.2670795], [8.2956696, 47.2671228], [8.2957206, 47.2672074], [8.2958717, 47.2672463], [8.2959119, 47.2673054], [8.2959876, 47.2673702], [8.295953, 47.2674219], [8.2960626, 47.267496], [8.2961202, 47.2675461], [8.2962174, 47.2676556], [8.2962787, 47.267686], [8.2963144, 47.2677552], [8.2962756, 47.2678033], [8.2963087, 47.267982], [8.2962833, 47.2680746], [8.2964444, 47.2681291], [8.2964575, 47.2681696], [8.2964858, 47.2681904], [8.2964039, 47.2682906], [8.2963476, 47.268376], [8.2963861, 47.2684075], [8.2965127, 47.2684337], [8.2965739, 47.2684517], [8.2967156, 47.268445], [8.2968374, 47.268558], [8.2968398, 47.2685793], [8.2968832, 47.2686684], [8.2969363, 47.2687502], [8.2970465, 47.2688414], [8.2970883, 47.2689914], [8.2972139, 47.2689832], [8.2972816, 47.2690306], [8.2974686, 47.2690193], [8.2975327, 47.2690549], [8.2975913, 47.2691642], [8.2976615, 47.2691835], [8.2978274, 47.2691809], [8.2979442, 47.2692774], [8.2981266, 47.2693936], [8.2981485, 47.2694656], [8.2983151, 47.2695198], [8.2984876, 47.2695408], [8.2986222, 47.2695232], [8.298704, 47.2695713], [8.2987655, 47.269587], [8.2987461, 47.2696588], [8.2989328, 47.2698361], [8.2990531, 47.2699557], [8.29921, 47.2700662], [8.2992335, 47.2701197], [8.2992549, 47.2702099], [8.2993473, 47.2703819], [8.2993603, 47.270454], [8.2993255, 47.2704961], [8.2994745, 47.2706445], [8.2996172, 47.2706962], [8.2996956, 47.270771], [8.2997493, 47.2710049], [8.299855, 47.2710538], [8.2999068, 47.2710973], [8.2999383, 47.2711539], [8.3000138, 47.2711874], [8.3000285, 47.2712326], [8.3000879, 47.271275], [8.3001399, 47.2713499], [8.3001853, 47.2714324], [8.3002619, 47.2714828], [8.2979762, 47.272003], [8.297935, 47.2720108], [8.2978844, 47.2720455], [8.2977214, 47.2720078], [8.2973613, 47.2722178], [8.2966317, 47.2723617], [8.2962582, 47.2723083], [8.2958911, 47.2723882], [8.2953472, 47.2726406], [8.29479, 47.2729782], [8.2934579, 47.2742252], [8.2919283, 47.2750391], [8.2904972, 47.2764223], [8.289662, 47.2774613], [8.2879102, 47.2786766], [8.2869104, 47.2792853], [8.2853689, 47.2799933], [8.2847299, 47.2800922], [8.2845989, 47.2799889], [8.2814554, 47.2805888], [8.281313, 47.2810119], [8.2800249, 47.2809679], [8.2799363, 47.2811], [8.2795173, 47.2809789], [8.2786331, 47.2821229], [8.2778405, 47.2819988], [8.2759198, 47.2814767], [8.2758087, 47.2813271], [8.2755111, 47.2812091], [8.2750085, 47.2811022], [8.2743904, 47.2808342], [8.2740355, 47.2807313], [8.273488, 47.2806423], [8.2725206, 47.2806635], [8.2714428, 47.2808298], [8.2715627, 47.2808964], [8.2706757, 47.2834771], [8.2673158, 47.2828919], [8.2659649, 47.2828403], [8.2653439, 47.2827671], [8.2652593, 47.282687], [8.2653073, 47.2825447], [8.2627886, 47.2823294], [8.2625844, 47.2830793], [8.2619907, 47.2825192], [8.2617324, 47.2825413], [8.2609841, 47.2843506], [8.2605297, 47.2842398], [8.2602263, 47.284953], [8.2604969, 47.2850252], [8.2603764, 47.2853893], [8.2594748, 47.2868885], [8.2592199, 47.2869547], [8.2587085, 47.2871939], [8.2579109, 47.2869767], [8.2574459, 47.2869771], [8.2566831, 47.2867328], [8.2564551, 47.2867109], [8.2557689, 47.286765], [8.2554468, 47.286732], [8.2552175, 47.2866319], [8.2552165, 47.286268], [8.2548359, 47.2861818], [8.2533122, 47.2861913], [8.2531167, 47.286117], [8.2528645, 47.2862526], [8.2526008, 47.2865282], [8.2507168, 47.286087], [8.2509033, 47.2851325], [8.2497156, 47.284896], [8.2497996, 47.2847488], [8.2489382, 47.2844396], [8.2491146, 47.2839814], [8.2494196, 47.2835639], [8.2493649, 47.2835457], [8.2498223, 47.2828383], [8.2496061, 47.2824762], [8.2491554, 47.2825152], [8.2489217, 47.2824685], [8.2486543, 47.2811981], [8.247417, 47.2812398], [8.2469066, 47.2811521], [8.2446221, 47.2807593], [8.2450895, 47.2797223], [8.2439998, 47.2794913], [8.2435942, 47.2795292], [8.2433756, 47.279599], [8.2430173, 47.2788229], [8.2422241, 47.2787211], [8.2425894, 47.2775177], [8.2425358, 47.2771821], [8.2426397, 47.2762568], [8.2422824, 47.2762349], [8.2409897, 47.2760083], [8.2411651, 47.2744467], [8.2413549, 47.2741806], [8.2419703, 47.2729625], [8.2423923, 47.2723399], [8.2424133, 47.2723076], [8.2417308, 47.2723191], [8.2416502, 47.2723727], [8.2412721, 47.272405], [8.2409284, 47.2723993], [8.2408946, 47.2723564], [8.2407208, 47.2724001], [8.2407134, 47.2724905], [8.2404644, 47.2725026], [8.2403876, 47.2724481], [8.2402467, 47.2725557], [8.2400676, 47.2725302], [8.2398396, 47.2725707], [8.2396847, 47.2725271], [8.2395204, 47.2725651], [8.2391764, 47.2724914], [8.2389878, 47.2725772], [8.2384153, 47.2725084], [8.2383746, 47.2725934], [8.2380418, 47.272507], [8.2377404, 47.2726572], [8.2376214, 47.2726592], [8.237584, 47.2726122], [8.2373413, 47.2725619], [8.2369611, 47.2726275], [8.2365982, 47.2726075], [8.2365341, 47.272638], [8.2360676, 47.2728599], [8.2358406, 47.2726902], [8.2357271, 47.2727059], [8.2354875, 47.2728973], [8.2346688, 47.2728336], [8.2345483, 47.2728534], [8.2342475, 47.2730208], [8.2341031, 47.2731973], [8.2333738, 47.2733793], [8.2332438, 47.273461], [8.2331979, 47.2735414], [8.2332666, 47.2737497], [8.2331019, 47.273887], [8.2322167, 47.2738564], [8.2320598, 47.2739368], [8.231773, 47.273935], [8.2316372, 47.2740062], [8.230958, 47.2739339], [8.2295446, 47.2734744], [8.2285716, 47.2734159], [8.2283574, 47.2729001], [8.2283255, 47.2728234], [8.2254678, 47.2659444], [8.2233049, 47.2607132], [8.222489, 47.2587494], [8.2197523, 47.2521612], [8.2178357, 47.2518034], [8.2125331, 47.2498014], [8.2081543, 47.2475726], [8.2077978, 47.2473479], [8.2077411, 47.2473366], [8.2077856, 47.2472167], [8.2077374, 47.2467793], [8.2078584, 47.2462412], [8.2065452, 47.2451692], [8.2057562, 47.2444356], [8.204573, 47.2427646], [8.2044861, 47.2426419], [8.2046346, 47.2424748], [8.2053092, 47.24199], [8.2054972, 47.2416171], [8.2055147, 47.2415824], [8.2057068, 47.241401], [8.2052683, 47.2397279], [8.2053486, 47.2396386], [8.205754, 47.2382604], [8.204802, 47.2380208], [8.2047832, 47.2375243], [8.2051176, 47.2363637], [8.2047218, 47.2363203], [8.2039398, 47.2362347], [8.2039106, 47.2362262], [8.2037436, 47.2361779], [8.2035711, 47.2361932], [8.2035414, 47.2352143], [8.2036476, 47.2342663], [8.203263, 47.2339379], [8.2031814, 47.2339232], [8.2032454, 47.2336868], [8.203378, 47.2335029], [8.2034132, 47.2325561], [8.2030691, 47.2322959], [8.2027668, 47.2315723], [8.2033045, 47.2314416], [8.2027348, 47.2300188], [8.2041938, 47.2299027], [8.2040001, 47.2284493], [8.2042119, 47.2284305], [8.2040918, 47.2272441], [8.2044245, 47.227222], [8.2048541, 47.2264674], [8.2050436, 47.2259905], [8.2048298, 47.2258281], [8.2033595, 47.2260587], [8.2022378, 47.2260674], [8.2018767, 47.2259395], [8.2016027, 47.2259011], [8.2003119, 47.2259252], [8.1999655, 47.2260912], [8.1994093, 47.2260809], [8.1990175, 47.2261522], [8.1984137, 47.2261565], [8.1982658, 47.2261988], [8.1983538, 47.226588], [8.1981945, 47.2266077], [8.1976884, 47.2262213], [8.1975957, 47.2262856], [8.1962302, 47.2263476], [8.1940077, 47.226306], [8.1933984, 47.2260773], [8.1930973, 47.2260394], [8.1930228, 47.2258065], [8.1931097, 47.2255737], [8.1930369, 47.2255709], [8.1931936, 47.2249222], [8.1923727, 47.2247245], [8.19096, 47.2245443], [8.1902504, 47.2243953], [8.1900142, 47.2244428], [8.1896329, 47.2244047], [8.1893836, 47.2241731], [8.1891047, 47.2240113], [8.1883055, 47.2237385], [8.1881018, 47.2233291], [8.1871684, 47.2232433], [8.1861579, 47.2226508], [8.1854254, 47.2224651], [8.1846946, 47.2223738], [8.1804473, 47.2227546], [8.1795643, 47.2223777], [8.1794958, 47.2221926], [8.1790503, 47.2220815], [8.1782028, 47.2220491], [8.1773573, 47.2220734], [8.1763166, 47.2219749], [8.1759828, 47.2219037], [8.1753071, 47.2233588], [8.1743136, 47.2246712], [8.1740638, 47.2247783], [8.1727742, 47.2250413], [8.1728637, 47.2254845], [8.1728475, 47.2258911], [8.1729881, 47.2261918], [8.1731384, 47.2263381], [8.1737223, 47.226697], [8.1738743, 47.2271278], [8.1741201, 47.2273866], [8.1741047, 47.2274952], [8.1733565, 47.2275639], [8.1731001, 47.2276362], [8.1728807, 47.2274949], [8.1726097, 47.2275394], [8.1723587, 47.22748], [8.1722464, 47.2276953], [8.1719579, 47.2279632], [8.1719904, 47.2280149], [8.1720564, 47.2281566], [8.1715444, 47.2279989], [8.1707336, 47.2278622], [8.170077, 47.2276737], [8.1688626, 47.2279106], [8.1680098, 47.2282476], [8.1679949, 47.2283442], [8.167471, 47.2290878], [8.1655634, 47.2284415], [8.1653798, 47.2288931], [8.1649807, 47.2291813], [8.1645615, 47.2297573], [8.1643603, 47.2298394], [8.1639107, 47.2297495], [8.1636401, 47.2297854], [8.1633983, 47.2299335], [8.1630755, 47.2302627], [8.162697, 47.2305519], [8.1627282, 47.2306407], [8.1629769, 47.2308434], [8.1625818, 47.2308335], [8.1619383, 47.2313584], [8.1618759, 47.2317564], [8.161377, 47.2316787], [8.1612761, 47.2317494], [8.1610591, 47.2317528], [8.1607566, 47.2317576], [8.1599134, 47.2327733], [8.1597, 47.2331397], [8.1599585, 47.2336862], [8.1600113, 47.234439], [8.1605435, 47.2345397], [8.1608273, 47.2347103], [8.1611365, 47.2350095], [8.1620913, 47.2353845], [8.1621109, 47.2358036], [8.1618626, 47.2361538], [8.1610331, 47.2363849], [8.1608006, 47.2367607], [8.1605455, 47.2370247], [8.1598297, 47.2372392], [8.1592965, 47.2377983], [8.1582595, 47.237818], [8.1579578, 47.2378626], [8.1559338, 47.2378096], [8.1560052, 47.2378967], [8.1560632, 47.238247], [8.1560038, 47.2391886], [8.1559397, 47.2393302], [8.1559416, 47.2394192], [8.1559655, 47.2394258], [8.1582935, 47.2400794], [8.1598288, 47.2402896], [8.1616465, 47.2406211], [8.1627957, 47.2406294], [8.1653494, 47.2407998], [8.1675469, 47.2408108], [8.1679378, 47.2408794], [8.1691434, 47.2416343], [8.1697742, 47.2419496], [8.1711111, 47.2401778], [8.1718201, 47.2401289], [8.1729155, 47.2401592], [8.1729861, 47.2401319], [8.1730494, 47.240167], [8.1739581, 47.2402168], [8.1746616, 47.2401156], [8.175131, 47.2401144], [8.1759373, 47.2404328], [8.1761955, 47.2406471], [8.1762644, 47.2407708], [8.1762793, 47.2410354], [8.1760475, 47.2417936], [8.1760271, 47.242172], [8.1762408, 47.2424201], [8.1768991, 47.2428045], [8.1771191, 47.2430759], [8.1772153, 47.2432737], [8.1773242, 47.2439463], [8.1775518, 47.2443981], [8.1780912, 47.244861], [8.1792782, 47.2450161], [8.1797273, 47.2453366], [8.1801477, 47.2455602], [8.1802217, 47.2456632], [8.1803025, 47.246188], [8.1802477, 47.246913], [8.1807465, 47.247395], [8.1805693, 47.2480627], [8.1804553, 47.2482391], [8.1804356, 47.2484249], [8.1804337, 47.2485509], [8.1800818, 47.2493137], [8.179987, 47.2497344], [8.1798836, 47.2500351], [8.1797049, 47.2504389], [8.1793311, 47.2508418], [8.1780605, 47.2518158], [8.1777621, 47.2521919], [8.1777002, 47.2522049], [8.1768361, 47.2518731], [8.1768077, 47.2519041], [8.1765799, 47.2517786], [8.1760346, 47.2524488], [8.1755539, 47.2522683], [8.1749768, 47.253515], [8.1749008, 47.2535365], [8.1747272, 47.2534686], [8.1738584, 47.2531286], [8.1729412, 47.25266], [8.172315, 47.2526954], [8.1718857, 47.252782], [8.1693989, 47.2513454], [8.169215, 47.2514798], [8.1686993, 47.2513164], [8.1677511, 47.2511214], [8.167287, 47.2509847], [8.1664849, 47.2505335], [8.1660105, 47.2508686], [8.1656563, 47.2506294], [8.1651476, 47.2501815], [8.165042, 47.2501964], [8.1644409, 47.2500755], [8.1639397, 47.250089], [8.1628649, 47.250004], [8.1626256, 47.2500471], [8.161731, 47.2498568], [8.1609562, 47.2499255], [8.1605434, 47.2496581], [8.1604311, 47.2495266], [8.1602605, 47.2488301], [8.1598612, 47.2489585], [8.1594515, 47.2489928], [8.1594192, 47.2498124], [8.158721, 47.2496903], [8.1583294, 47.2497355], [8.1580801, 47.2492506], [8.1579927, 47.2487801], [8.1575231, 47.2486997], [8.1573485, 47.2486866], [8.1570254, 47.2489122], [8.1568438, 47.2491128], [8.1563493, 47.2493658], [8.1561906, 47.2492942], [8.1557377, 47.2492375], [8.1543967, 47.2489282], [8.1507685, 47.2484062], [8.1486825, 47.2479736], [8.1484985, 47.2479035], [8.1483237, 47.24791], [8.1479659, 47.2478232], [8.1479299, 47.2477644], [8.1475369, 47.2476436], [8.1471736, 47.2476973], [8.1469111, 47.247629], [8.1466768, 47.2474962], [8.1453153, 47.2474185], [8.1444727, 47.2474992], [8.1439722, 47.2474846], [8.142686, 47.2472779], [8.142685, 47.247264], [8.1426851, 47.2472523], [8.1425161, 47.2472491], [8.1405729, 47.2471726], [8.1401014, 47.2472253], [8.1400715, 47.2471743], [8.136419, 47.2470303], [8.1362112, 47.2469973], [8.1358647, 47.2468376], [8.1357234, 47.2468394], [8.1356568, 47.2469216], [8.1355632, 47.2469434], [8.1354212, 47.2468163], [8.1339595, 47.2464711], [8.1331009, 47.2461607], [8.13258, 47.2458682], [8.1318756, 47.2457407], [8.1317003, 47.2456462], [8.1315074, 47.2455035], [8.1314122, 47.2453413], [8.1313832, 47.2449517], [8.1314769, 47.2448643], [8.1314259, 47.2447069], [8.1315115, 47.2445459], [8.1314071, 47.244234], [8.1312547, 47.2440813], [8.1312143, 47.2439621], [8.1308386, 47.2437596], [8.1305343, 47.2436619], [8.1303429, 47.2435285], [8.1298943, 47.2433495], [8.1296909, 47.2433316], [8.1293411, 47.2431304], [8.1291722, 47.2431024], [8.1290939, 47.2430069], [8.1283918, 47.2428016], [8.1280021, 47.2425725], [8.1270995, 47.2422035], [8.1268779, 47.2419345], [8.1267384, 47.241911], [8.1266977, 47.2418579], [8.1261345, 47.2417334], [8.125733, 47.2415586], [8.1255693, 47.2415535], [8.125286, 47.241426], [8.1251887, 47.2414414], [8.1251115, 47.2413804], [8.1247266, 47.2413964], [8.1244169, 47.2413695], [8.1244117, 47.241369], [8.1241428, 47.2416729], [8.1215795, 47.2429539], [8.1195751, 47.2438577], [8.1160467, 47.2441866], [8.1118132, 47.2443155], [8.1090964, 47.24453], [8.1078705, 47.2457698], [8.1073126, 47.2468836], [8.1060323, 47.2489876], [8.1058556, 47.2494077], [8.1058629, 47.2506501], [8.1057956, 47.2512239], [8.105924, 47.251583], [8.106022, 47.2521671], [8.1042206, 47.2540327], [8.1018339, 47.2566861], [8.1009267, 47.257419], [8.1002506, 47.258834], [8.0988226, 47.2602307], [8.0936016, 47.261413], [8.0915909, 47.2619782], [8.0907305, 47.2621852], [8.0893966, 47.2625736], [8.0883758, 47.2628873], [8.0882902, 47.2628291], [8.0878594, 47.2627359], [8.0871823, 47.2624003], [8.0865645, 47.2621683], [8.0855239, 47.2619198], [8.0848897, 47.2616376], [8.0836065, 47.2611657], [8.0823399, 47.2609029], [8.0820475, 47.2606235], [8.0800105, 47.2601626], [8.0791851, 47.2601897], [8.0782909, 47.2599923], [8.0783235, 47.2592668], [8.078597, 47.2586582], [8.0766112, 47.2583263], [8.0768579, 47.2582405], [8.0772637, 47.2576424], [8.0761211, 47.2573901], [8.0750772, 47.257098], [8.0741301, 47.2567791], [8.0736753, 47.2565603], [8.0733426, 47.2563542], [8.0731832, 47.2561358], [8.0730396, 47.2558724], [8.0728578, 47.2551594], [8.0726608, 47.2550541], [8.0717795, 47.254947], [8.0711566, 47.2547088], [8.0704633, 47.2546255], [8.0694648, 47.2546924], [8.0692672, 47.2551855], [8.068356, 47.2549175], [8.0669315, 47.254796], [8.0667728, 47.2549044], [8.0667212, 47.2547995], [8.0664178, 47.2545966], [8.0660419, 47.2546651], [8.0660492, 47.2548207], [8.0659636, 47.2549414], [8.0633381, 47.2561994], [8.0626919, 47.256662], [8.0615897, 47.2565954], [8.0585973, 47.2567068], [8.0587198, 47.2557453], [8.056701, 47.2554585], [8.0565664, 47.2554394], [8.0568607, 47.2535763], [8.0569889, 47.2530854], [8.0573848, 47.252235], [8.057706, 47.2517771], [8.0581144, 47.2513094], [8.0591853, 47.2502649], [8.0627082, 47.2470137], [8.0629796, 47.2466594], [8.0515125, 47.2441468], [8.0512289, 47.2447599], [8.0491118, 47.2444294], [8.0445094, 47.2439139], [8.0443499, 47.2438248], [8.0431871, 47.2437859], [8.0395891, 47.24331], [8.0301016, 47.242156], [8.0292899, 47.2412044], [8.0291942, 47.2409171], [8.0291918, 47.2406922], [8.0290851, 47.2406028], [8.0275469, 47.2412403], [8.0264541, 47.2415607], [8.026036, 47.2419676], [8.0254017, 47.2419438], [8.0250706, 47.2418556], [8.0248473, 47.2419736], [8.0237521, 47.2420691], [8.0228027, 47.2422089], [8.0225646, 47.2421831], [8.0217481, 47.2423941], [8.0215788, 47.2426198], [8.0211857, 47.2429096], [8.0207653, 47.2431186], [8.020331, 47.2435224], [8.0190653, 47.2436901], [8.0173951, 47.2437734], [8.0160947, 47.2441275], [8.0158507, 47.2441315], [8.0157512, 47.2441628], [8.015688, 47.2446561], [8.0158361, 47.2450938], [8.0157326, 47.2454548], [8.0156853, 47.2460223], [8.0158093, 47.2461585], [8.0158053, 47.2463807], [8.016004, 47.2464505], [8.0160332, 47.2465187], [8.015964, 47.2468883], [8.0158535, 47.2469169], [8.015838, 47.2473131], [8.0157043, 47.2474561], [8.0156853, 47.2477412], [8.0160495, 47.2480802], [8.0160529, 47.2484008], [8.016171, 47.2485247], [8.0163023, 47.2489119], [8.0163978, 47.2489924], [8.0164493, 47.2489807], [8.0164114, 47.2490711], [8.0165215, 47.2491089], [8.0165625, 47.2493498], [8.0167471, 47.2495702], [8.0168954, 47.2500166], [8.0167033, 47.2504791], [8.016749, 47.2506252], [8.016624, 47.2506681], [8.0166481, 47.2507415], [8.0165702, 47.2507881], [8.0166607, 47.2508383], [8.0165618, 47.2509254], [8.0166604, 47.2511332], [8.016568, 47.2512337], [8.0166571, 47.2512554], [8.0167616, 47.2515241], [8.0166997, 47.2515485], [8.0166801, 47.2517182], [8.0164395, 47.2519614], [8.0165629, 47.2522647], [8.0165819, 47.2527319], [8.0167026, 47.2528357], [8.0166517, 47.2532823], [8.0166968, 47.2535892], [8.0165421, 47.2536101], [8.0165144, 47.2536799], [8.0165082, 47.2544025], [8.0162476, 47.2546221], [8.0164816, 47.2549467], [8.0164944, 47.2551656], [8.0165659, 47.2551724], [8.0169664, 47.2550008], [8.0170557, 47.2550406], [8.0171925, 47.255395], [8.0175218, 47.2559369], [8.0170983, 47.2570945], [8.0166087, 47.2570409], [8.0164138, 47.2571596], [8.0164338, 47.2572963], [8.0163483, 47.25733], [8.0164069, 47.2577005], [8.0162476, 47.2581148], [8.016256, 47.258246], [8.0164403, 47.2584325], [8.0165757, 47.2584942], [8.0165333, 47.2585473], [8.0166384, 47.2585863], [8.0168721, 47.2589256], [8.0168109, 47.2593238], [8.0166478, 47.2594571], [8.016429, 47.2594881], [8.0162817, 47.259568], [8.0160271, 47.2598652], [8.0151206, 47.260453], [8.0144185, 47.2614394], [8.0137837, 47.2620132], [8.0137536, 47.2620371], [8.0130457, 47.2627085], [8.0118391, 47.2633312], [8.0116953, 47.2636068], [8.0114943, 47.2637875], [8.0106879, 47.2639866], [8.0103346, 47.2641708], [8.010291, 47.2642652], [8.0093552, 47.2651126], [8.0088236, 47.2659612], [8.0087554, 47.2662148], [8.0085955, 47.2662786], [8.0084935, 47.2664661], [8.0080248, 47.2667343], [8.0075359, 47.2674711], [8.0070952, 47.2678514], [8.0066541, 47.268092], [8.0063425, 47.2684477], [8.0063173, 47.2684533], [8.0061811, 47.2684837], [8.0060974, 47.2685023], [8.0059391, 47.2686497], [8.0059675, 47.268696], [8.0058927, 47.2687942], [8.0055827, 47.2690573], [8.0053987, 47.2691003], [8.0051993, 47.26939], [8.0053255, 47.2695575], [8.0051916, 47.2700496], [8.0052442, 47.2702015], [8.0051396, 47.2704379], [8.005016, 47.2705035], [8.0048551, 47.2707755], [8.0048307, 47.2711278], [8.0048119, 47.2711685], [8.0045647, 47.2715407], [8.0045779, 47.2717256], [8.0044097, 47.2720599], [8.0044333, 47.2722518], [8.0043074, 47.2726231], [8.0045231, 47.2727868], [8.0049092, 47.2733772], [8.0048444, 47.2736148], [8.0047273, 47.2737655], [8.0047661, 47.2739932], [8.0048654, 47.2740358], [8.0049164, 47.2741638], [8.0047904, 47.2743725], [7.9980683, 47.2794553], [7.9976651, 47.2797681], [7.9953007, 47.2815545], [7.986895, 47.2760246], [7.9734603, 47.2744878], [7.9716723, 47.2761156], [7.9673832, 47.2763173], [7.9560273, 47.2768613], [7.9549012, 47.2765131], [7.9532018, 47.2758048], [7.9506427, 47.2747843], [7.9506611, 47.2746529], [7.9509176, 47.2733143], [7.9491616, 47.2725396], [7.9492749, 47.2724513], [7.9493324, 47.2714382], [7.9496652, 47.2706959], [7.9497032, 47.2701298], [7.9503722, 47.2692322], [7.9503394, 47.2690331], [7.9505189, 47.2687288], [7.9507578, 47.2684333], [7.9509321, 47.2683258], [7.9517311, 47.2683852], [7.9519231, 47.2683067], [7.9519951, 47.2681916], [7.9518905, 47.2679258], [7.9520855, 47.2676428], [7.9520683, 47.2675824], [7.9516448, 47.2671066], [7.9515758, 47.2669166], [7.9516512, 47.2656935], [7.9519861, 47.2654078], [7.9529947, 47.2650422], [7.9532345, 47.2646571], [7.9534717, 47.2644067], [7.9534612, 47.2641896], [7.9535466, 47.2640289], [7.9537401, 47.2638937], [7.9541832, 47.2637151], [7.9545233, 47.2633914], [7.9545573, 47.2632346], [7.9543826, 47.2629231], [7.9545773, 47.2627546], [7.9547968, 47.2627082], [7.95495, 47.2624829], [7.9549869, 47.2619005], [7.9549455, 47.2618506], [7.9550271, 47.261484], [7.9554119, 47.2605625], [7.9558605, 47.260178], [7.9562612, 47.2600145], [7.9571279, 47.2597985], [7.9579261, 47.2597845], [7.958302, 47.2594144], [7.958488, 47.2593653], [7.9585134, 47.2591772], [7.9591142, 47.258125], [7.9593238, 47.2576364], [7.9591194, 47.2572012], [7.9591928, 47.2568186], [7.9590128, 47.2565129], [7.9589598, 47.25623], [7.959268, 47.2559982], [7.9596196, 47.2557789], [7.9602879, 47.2555134], [7.9615964, 47.2545685], [7.9616624, 47.2542977], [7.961756, 47.2542887], [7.9618784, 47.2540589], [7.9541378, 47.2497803], [7.9459744, 47.2432558], [7.9433766, 47.2420205], [7.9420785, 47.2412772], [7.940906, 47.240988], [7.9404766, 47.2408241], [7.9398092, 47.2404414], [7.9392487, 47.2399839], [7.9386455, 47.2396137], [7.9381402, 47.2392048], [7.9366061, 47.2382184], [7.9361159, 47.2379625], [7.9357103, 47.2375064], [7.9349984, 47.2368849], [7.9337105, 47.2362048], [7.9334826, 47.2358957], [7.9292821, 47.2364745], [7.9252538, 47.2373215], [7.9240323, 47.2374988], [7.9219225, 47.237805], [7.921166, 47.2379111], [7.9170087, 47.2403491], [7.9153696, 47.2414031], [7.9145848, 47.2418529], [7.9141706, 47.2420737], [7.912704, 47.242612], [7.9101007, 47.2439465], [7.8972694, 47.2430961], [7.8950209, 47.2426773], [7.8946582, 47.2426101], [7.89423, 47.2425266], [7.8673945, 47.2372962], [7.8549573, 47.2331383], [7.8547194, 47.2331603], [7.8538825, 47.2328306], [7.8532091, 47.2324238], [7.8453307, 47.2339735], [7.8435798, 47.2341732], [7.8430183, 47.2343513], [7.8420029, 47.2357173], [7.8410352, 47.2356687], [7.8406455, 47.2357271], [7.8398839, 47.2357355], [7.8396963, 47.2357132], [7.8394375, 47.2355122], [7.839289, 47.2354982], [7.8391737, 47.2356263], [7.8391104, 47.2353994], [7.8386647, 47.2348181], [7.8388408, 47.2347336], [7.8389262, 47.234481], [7.8383039, 47.2342278], [7.8378361, 47.2336969], [7.8378162, 47.2336101], [7.8380709, 47.2332854], [7.8381854, 47.2330401], [7.8381167, 47.2329759], [7.8379576, 47.2329441], [7.8377316, 47.233029], [7.8375562, 47.2330051], [7.8374481, 47.2328822], [7.8373994, 47.2325487], [7.8373812, 47.2324245], [7.8374222, 47.2323216], [7.8376199, 47.2321594], [7.8382112, 47.2319236], [7.8383283, 47.2317931], [7.8376701, 47.2313108], [7.8374048, 47.2311771], [7.8371602, 47.2309046], [7.8372149, 47.2305943], [7.8376874, 47.23018], [7.8377153, 47.2300721], [7.837593, 47.2298628], [7.8369224, 47.2295666], [7.8367096, 47.2293222], [7.8366705, 47.2291783], [7.8369729, 47.2288806], [7.8368638, 47.2285828], [7.8369597, 47.2283307], [7.8369424, 47.2282205], [7.8364775, 47.2276886], [7.8365958, 47.2275414], [7.8370003, 47.2275702], [7.8372977, 47.2275002], [7.8374426, 47.2273572], [7.837537, 47.2271516], [7.8374976, 47.2270658], [7.8373029, 47.2269652], [7.8367293, 47.2270445], [7.8366277, 47.2270024], [7.8365774, 47.2268859], [7.8370219, 47.2266255], [7.8371652, 47.2261159], [7.8372321, 47.2254096], [7.8371641, 47.2252524], [7.8373717, 47.2248114], [7.8372648, 47.224666], [7.8370385, 47.2246176], [7.8367184, 47.2246693], [7.8365006, 47.2245629], [7.8364131, 47.2244599]]]}}